filename,image_data
EO_100213.jpg,[215 209 177 ... 233 233 233]
EO_1007.jpg,[234 234 235 ... 174 160 160]
EO_100884.jpg,[233 235 230 ... 149 148 148]
EO_10150.jpg,[230 229 231 ... 223 227 236]
EO_101772.jpg,[233 235 232 ... 232 230 242]
EO_101852.jpg,[233 233 233 ...  96 117 190]
EO_103649.jpg,[144 133 138 ... 148 147 152]
EO_103746.jpg,[151 111  78 ... 215 213 201]
EO_103851.jpg,[232 232 232 ... 175 181 186]
EO_103957.jpg,[233 233 233 ... 184 186 190]
EO_104169.jpg,[235 233 222 ... 235 227 227]
EO_104682.jpg,[176 181 184 ... 233 234 234]
EO_105010.jpg,[194 206 218 ... 236 231 229]
EO_105120.jpg,[232 232 232 ... 157 160 167]
EO_105272.jpg,[179 161 150 ... 188 183 180]
EO_105327.jpg,[235 229 229 ... 232 232 232]
EO_105961.jpg,[233 232 230 ... 229 230 228]
EO_106056.jpg,[236 236 235 ... 234 234 234]
EO_106191.jpg,[232 232 232 ... 156 161 155]
EO_106296.jpg,[232 231 232 ... 231 230 230]
EO_106437.jpg,[237 233 231 ... 235 235 233]
EO_106564.jpg,[234 233 233 ... 236 238 231]
EO_10690.jpg,[233 233 233 ... 130 139 165]
EO_107073.jpg,[233 233 233 ... 237 229 231]
EO_107416.jpg,[230 241 225 ... 230 228 229]
EO_10781.jpg,[230 235 239 ... 190 200 210]
EO_10787.jpg,[234 234 234 ... 242 234 228]
EO_108089.jpg,[177 158 142 ... 152 172 165]
EO_108385.jpg,[189 189 189 ... 127 133 133]
EO_108396.jpg,[231 231 232 ... 233 233 233]
EO_109736.jpg,[233 235 235 ... 198 241 234]
EO_109766.jpg,[234 234 234 ... 234 228 239]
EO_109976.jpg,[213 208 200 ... 151 125 120]
EO_110481.jpg,[232 232 232 ... 235 229 234]
EO_110764.jpg,[234 241 242 ... 236 232 226]
EO_111417.jpg,[232 232 232 ... 123 131 142]
EO_112172.jpg,[234 226 239 ... 165 155 153]
EO_112391.jpg,[233 233 233 ... 230 236 238]
EO_112463.jpg,[230 240 241 ... 213 194 180]
EO_112777.jpg,[230 232 234 ... 229 234 233]
EO_112884.jpg,[240 237 235 ... 234 234 233]
EO_113017.jpg,[240 232 237 ... 229 230 238]
EO_113145.jpg,[234 235 235 ... 218 206 196]
EO_113517.jpg,[169 185 164 ... 174 177 178]
EO_113603.jpg,[229 231 235 ... 195 195 200]
EO_114080.jpg,[206 219 231 ... 230 232 235]
EO_114140.jpg,[230 228 223 ... 224 224 224]
EO_114325.jpg,[233 233 233 ... 231 228 226]
EO_114381.jpg,[211 227 234 ... 233 233 232]
EO_114533.jpg,[233 234 235 ... 214 198 187]
EO_114903.jpg,[233 233 233 ... 239 239 228]
EO_115441.jpg,[213 192 192 ... 203 211 215]
EO_115486.jpg,[234 234 234 ... 180 173 178]
EO_115792.jpg,[234 234 234 ... 234 234 234]
EO_115822.jpg,[213 225 236 ... 232 248 225]
EO_116336.jpg,[222 222 222 ... 224 223 222]
EO_117353.jpg,[230 224 227 ...  95 104  82]
EO_117811.jpg,[211 211 213 ... 172 172 177]
EO_11818.jpg,[227 228 228 ... 241 243 232]
EO_118266.jpg,[223 211 205 ... 165 179 192]
EO_118338.jpg,[233 233 233 ... 231 231 231]
EO_118550.jpg,[232 232 232 ... 235 233 233]
EO_118851.jpg,[237 237 242 ... 235 229 236]
EO_118894.jpg,[189 187 166 ... 233 227 252]
EO_118939.jpg,[193 216 234 ... 238 236 233]
EO_119318.jpg,[165 163 169 ... 233 238 239]
EO_119559.jpg,[183 184 176 ... 230 229 228]
EO_119662.jpg,[174 175 179 ... 226 219 238]
EO_119952.jpg,[234 234 234 ... 227 220 214]
EO_120163.jpg,[231 235 237 ... 237 231 233]
EO_120534.jpg,[232 233 234 ... 238 238 231]
EO_122055.jpg,[200 202 198 ... 226 232 246]
EO_122433.jpg,[234 233 231 ... 233 233 233]
EO_122588.jpg,[238 235 233 ... 237 237 236]
EO_122655.jpg,[162 185 182 ... 238 236 230]
EO_122871.jpg,[230 236 236 ... 227 230 236]
EO_123299.jpg,[234 234 233 ... 222 205 192]
EO_123327.jpg,[175 194 188 ... 233 233 233]
EO_123499.jpg,[214 217 221 ... 237 235 232]
EO_123704.jpg,[236 234 236 ... 230 232 236]
EO_124039.jpg,[235 238 239 ... 238 233 228]
EO_124265.jpg,[231 234 235 ... 237 239 237]
EO_124684.jpg,[241 230 226 ... 238 232 233]
EO_124886.jpg,[231 238 240 ... 234 234 229]
EO_125106.jpg,[233 233 233 ... 233 232 232]
EO_125389.jpg,[218 226 232 ... 234 235 237]
EO_125411.jpg,[236 233 235 ... 231 226 238]
EO_125499.jpg,[234 234 234 ... 182 180 180]
EO_12586.jpg,[222 209 199 ... 208 216 228]
EO_126173.jpg,[236 235 235 ... 168 167 159]
EO_126461.jpg,[231 231 231 ... 230 232 232]
EO_126623.jpg,[181 182 183 ... 226 228 239]
EO_128238.jpg,[234 236 232 ... 230 232 230]
EO_128298.jpg,[239 227 230 ... 224 207 190]
EO_128458.jpg,[224 227 232 ... 232 225 234]
EO_129141.jpg,[233 233 233 ... 232 233 234]
EO_129196.jpg,[172 155 157 ... 208 234 218]
EO_129271.jpg,[233 232 232 ... 234 234 234]
EO_129300.jpg,[233 233 233 ... 183 172 174]
EO_129360.jpg,[233 234 236 ... 210 213 217]
EO_130195.jpg,[239 223 233 ... 185 179 175]
EO_131707.jpg,[225 235 241 ... 236 232 230]
EO_132073.jpg,[234 233 231 ... 232 232 232]
EO_132515.jpg,[237 232 230 ... 228 233 236]
EO_133370.jpg,[236 235 233 ... 236 231 227]
EO_133495.jpg,[235 235 235 ... 235 235 233]
EO_133581.jpg,[188 202 214 ... 213 213 212]
EO_13364.jpg,[234 235 236 ... 126 173 204]
EO_1340.jpg,[234 236 239 ... 234 238 232]
EO_134305.jpg,[230 236 242 ... 235 235 237]
EO_134423.jpg,[194 213 181 ... 171 172 170]
EO_134458.jpg,[237 229 237 ... 233 234 235]
EO_135534.jpg,[229 236 235 ... 229 245 234]
EO_135768.jpg,[230 235 236 ... 236 228 237]
EO_136177.jpg,[235 233 232 ... 173 165 155]
EO_136333.jpg,[230 236 237 ... 229 244 235]
EO_136851.jpg,[238 234 232 ... 237 238 236]
EO_137658.jpg,[198 219 236 ... 233 233 233]
EO_138253.jpg,[195 197 212 ... 228 221 232]
EO_139723.jpg,[188 187 185 ... 206 196 182]
EO_139844.jpg,[205 210 213 ... 191 233 242]
EO_140071.jpg,[163 133 147 ... 145 114 124]
EO_140419.jpg,[229 231 233 ... 204 199 194]
EO_140425.jpg,[166 171 169 ... 234 236 218]
EO_140611.jpg,[234 234 234 ... 229 229 229]
EO_141054.jpg,[237 237 240 ... 241 234 229]
EO_141524.jpg,[235 233 232 ... 215 222 224]
EO_141807.jpg,[234 234 234 ... 238 239 236]
EO_142429.jpg,[240 227 230 ... 236 235 233]
EO_142659.jpg,[216 224 228 ... 231 229 227]
EO_142899.jpg,[234 234 234 ... 163 204 211]
EO_143764.jpg,[233 236 239 ... 229 229 233]
EO_144566.jpg,[175 175 176 ... 108 102 104]
EO_14468.jpg,[234 234 234 ... 234 234 234]
EO_145815.jpg,[186 194 199 ... 204 190 182]
EO_146319.jpg,[224 230 235 ... 234 234 234]
EO_146612.jpg,[235 235 235 ... 166 162 162]
EO_146780.jpg,[235 233 232 ... 238 233 233]
EO_147032.jpg,[238 231 229 ... 179 182 164]
EO_147464.jpg,[226 229 228 ... 223 224 224]
EO_147562.jpg,[238 234 235 ... 164 166 178]
EO_147843.jpg,[130 105 152 ... 155 166 173]
EO_147951.jpg,[234 234 234 ... 183 181 181]
EO_148818.jpg,[237 232 230 ... 178 178 182]
EO_149695.jpg,[168 154 111 ... 235 235 234]
EO_149787.jpg,[208 199 184 ... 194 213 211]
EO_150121.jpg,[172 173 172 ... 177 138 127]
EO_150174.jpg,[233 233 233 ... 139 128 120]
EO_150200.jpg,[233 233 233 ... 237 236 230]
EO_150361.jpg,[154  72  62 ... 237 230 227]
EO_15074093.jpg,[233 233 233 ... 112 141 175]
EO_150810.jpg,[236 229 228 ... 200 189 180]
EO_150966.jpg,[241 233 230 ... 207 203 224]
EO_151442.jpg,[231 231 231 ... 172 175 176]
EO_151527.jpg,[235 233 232 ... 238 238 232]
EO_152071.jpg,[233 233 233 ... 175 170 171]
EO_152383.jpg,[231 232 233 ... 234 232 234]
EO_152760.jpg,[235 234 232 ... 230 230 231]
EO_152922.jpg,[219 223 228 ... 230 230 230]
EO_15383.jpg,[236 237 237 ... 191 214 232]
EO_154678.jpg,[234 234 234 ... 231 228 225]
EO_154985.jpg,[228 228 231 ... 240 236 226]
EO_155105.jpg,[158 160 173 ... 151 131 135]
EO_155258.jpg,[235 235 235 ... 232 232 232]
EO_155334.jpg,[233 233 233 ... 225 229 234]
EO_1554.jpg,[233 235 236 ... 235 233 237]
EO_155442.jpg,[174 176 177 ... 235 231 210]
EO_155490.jpg,[230 230 229 ... 227 227 230]
EO_155874.jpg,[233 236 237 ... 235 233 236]
EO_155983.jpg,[233 234 236 ... 187 232 231]
EO_1567.jpg,[232 233 234 ... 228 232 237]
EO_157092.jpg,[221 226 233 ... 232 232 229]
EO_157176.jpg,[235 234 235 ... 233 236 236]
EO_157965.jpg,[234 238 238 ... 229 225 236]
EO_158003.jpg,[236 231 229 ... 225 216 206]
EO_15801.jpg,[231 221 204 ...  79 130 180]
EO_158113.jpg,[204 212 222 ... 231 232 236]
EO_15818.jpg,[233 237 227 ... 230 228 207]
EO_158718.jpg,[237 236 234 ... 231 229 228]
EO_158845.jpg,[236 233 237 ... 235 233 231]
EO_158905.jpg,[234 233 232 ... 230 231 231]
EO_159306.jpg,[234 234 234 ... 235 227 239]
EO_159536.jpg,[180 181 180 ... 214 249 234]
EO_159731.jpg,[232 232 232 ... 118  80  63]
EO_159892.jpg,[232 232 232 ... 195 206 231]
EO_159974.jpg,[239 228 226 ... 205 211 224]
EO_16004.jpg,[233 243 233 ... 234 234 235]
EO_160566.jpg,[229 220 205 ... 118 103  95]
EO_161474.jpg,[229 231 232 ... 209 226 229]
EO_161514.jpg,[233 233 233 ... 233 237 238]
EO_161563.jpg,[235 233 234 ... 207 199 197]
EO_161656.jpg,[224 235 239 ... 202 188 180]
EO_161989.jpg,[208 202 198 ... 164 168 181]
EO_162015.jpg,[233 233 233 ...  33  47  77]
EO_162059.jpg,[230 238 234 ... 222 211 199]
EO_162162.jpg,[166 177 182 ... 122 136 163]
EO_16249708.jpg,[170 170 175 ... 227 216 209]
EO_162533.jpg,[239 231 230 ... 234 244 229]
EO_162719.jpg,[153 152 154 ... 147 157 162]
EO_162742.jpg,[228 230 234 ... 230 235 232]
EO_16282477.jpg,[209 223 235 ... 234 234 234]
EO_162984.jpg,[232 232 232 ... 232 230 228]
EO_163661.jpg,[232 231 231 ... 242 234 214]
EO_163905.jpg,[231 231 231 ... 212 222 237]
EO_16412.jpg,[188 191 198 ... 195 189 185]
EO_164277.jpg,[230 234 234 ... 231 230 238]
EO_164354.jpg,[234 234 234 ... 226 230 236]
EO_164571.jpg,[230 230 230 ... 229 232 234]
EO_164591.jpg,[230 230 235 ... 232 232 231]
EO_164931.jpg,[235 218 226 ... 221 222 223]
EO_1651.jpg,[231 230 229 ... 191 184 180]
EO_165140.jpg,[235 232 232 ... 229 229 244]
EO_165152.jpg,[231 237 236 ... 236 235 230]
EO_165287.jpg,[236 236 234 ... 234 234 244]
EO_165454.jpg,[224 223 222 ... 237 228 239]
EO_165986.jpg,[223 247 237 ... 230 223 221]
EO_166013.jpg,[234 234 234 ... 234 234 234]
EO_166091.jpg,[192 194 199 ... 235 231 234]
EO_166195.jpg,[177 186 205 ... 233 233 232]
EO_166242.jpg,[175 181 194 ... 236 229 216]
EO_166340.jpg,[182 181 178 ... 234 233 230]
EO_166572.jpg,[235 235 235 ... 233 233 233]
EO_166978.jpg,[216 222 230 ... 231 230 236]
EO_167179.jpg,[232 234 241 ... 235 234 232]
EO_167439.jpg,[230 222 192 ... 187 191 197]
EO_168236.jpg,[234 233 232 ... 230 234 238]
EO_168740.jpg,[232 231 230 ... 225 230 233]
EO_168745.jpg,[233 233 233 ... 232 232 232]
EO_16926.jpg,[230 234 233 ... 231 233 237]
EO_169661.jpg,[235 236 236 ... 239 235 235]
EO_169682.jpg,[231 230 229 ... 171 165 160]
EO_169810.jpg,[175 172 173 ... 231 232 232]
EO_170131.jpg,[231 234 238 ... 238 241 235]
EO_17039.jpg,[234 234 234 ... 189 184 185]
EO_170468.jpg,[230 231 233 ... 227 231 241]
EO_170787.jpg,[232 233 236 ... 232 233 237]
EO_170889.jpg,[232 233 233 ... 229 218 241]
EO_171660.jpg,[182 193 209 ... 201 195 191]
EO_171706.jpg,[236 233 230 ... 222 212 207]
EO_171779.jpg,[212 225 237 ... 233 233 234]
EO_172217.jpg,[237 234 232 ... 234 228 231]
EO_172593.jpg,[231 232 234 ... 232 233 234]
EO_172632.jpg,[234 234 234 ... 110 112 119]
EO_173647.jpg,[229 234 233 ... 232 232 233]
EO_174385.jpg,[239 235 232 ... 175 166 171]
EO_174410.jpg,[234 234 235 ... 153 153 153]
EO_174412.jpg,[234 230 229 ... 244 233 235]
EO_174724.jpg,[235 235 235 ... 236 235 234]
EO_175921.jpg,[233 234 234 ... 161 159 153]
EO_175923.jpg,[233 235 236 ... 241 225 243]
EO_176538.jpg,[234 234 234 ... 176 177 176]
EO_176988.jpg,[238 233 234 ... 239 241 232]
EO_177724.jpg,[171 170 170 ... 231 234 235]
EO_177975.jpg,[236 234 233 ... 232 232 232]
EO_178324.jpg,[231 236 224 ... 193 200 194]
EO_178978.jpg,[232 232 233 ... 232 232 231]
EO_179046.jpg,[135 129 136 ... 166 166 167]
EO_180121.jpg,[232 232 232 ... 212 224 236]
EO_180811.jpg,[230 230 231 ... 156 158 160]
EO_182160.jpg,[235 234 232 ... 230 218 218]
EO_182479.jpg,[234 234 234 ... 234 231 228]
EO_18363.jpg,[227 209 196 ... 232 232 233]
EO_18395.jpg,[233 233 234 ... 231 234 230]
EO_185146.jpg,[228 244 235 ... 228 229 235]
EO_185749.jpg,[185 185 186 ... 239 227 221]
EO_185985.jpg,[240 211 161 ... 231 238 235]
EO_186769.jpg,[192 191 189 ... 230 234 232]
EO_18685.jpg,[162 146 139 ... 147 155 150]
EO_187031.jpg,[162 165 168 ... 207 233 228]
EO_187981.jpg,[233 233 233 ... 172 188 204]
EO_188199.jpg,[240 229 241 ... 178 170 175]
EO_188271.jpg,[238 234 233 ... 235 237 238]
EO_188612.jpg,[218 222 226 ... 221 223 224]
EO_188943.jpg,[226 188 182 ... 232 216 197]
EO_189266.jpg,[232 237 238 ... 232 233 236]
EO_189413.jpg,[238 238 237 ... 239 237 232]
EO_189430.jpg,[206 218 226 ... 235 232 229]
EO_189610.jpg,[224 234 238 ... 232 231 229]
EO_189922.jpg,[236 234 232 ... 231 229 227]
EO_189990.jpg,[237 232 231 ... 210 228 231]
EO_190093.jpg,[230 238 236 ... 230 228 242]
EO_190201.jpg,[232 233 233 ... 232 232 232]
EO_19043.jpg,[233 232 231 ... 202 182 178]
EO_190519.jpg,[227 235 237 ... 237 230 239]
EO_190539.jpg,[171 171 173 ... 174 175 178]
EO_190993.jpg,[233 231 226 ... 227 230 237]
EO_191029.jpg,[231 235 236 ... 237 231 237]
EO_192015.jpg,[232 236 236 ... 233 233 235]
EO_192128.jpg,[233 232 232 ... 229 229 234]
EO_192449.jpg,[178 181 184 ... 231 225 236]
EO_192945.jpg,[232 227 226 ... 235 243 230]
EO_193184.jpg,[241 237 229 ... 231 232 232]
EO_193635.jpg,[113  61  64 ... 174 193 218]
EO_193797.jpg,[234 233 232 ... 111 112 139]
EO_194014.jpg,[225 227 229 ... 124 179 224]
EO_194256.jpg,[174 177 182 ... 146 132 114]
EO_195225.jpg,[201 200 199 ...  87  99 128]
EO_195559.jpg,[233 233 233 ... 177 218 235]
EO_195564.jpg,[233 233 233 ... 233 232 232]
EO_195632.jpg,[232 232 232 ... 227 236 229]
EO_195696.jpg,[167 146 131 ... 229 230 231]
EO_196051.jpg,[167 148 145 ... 195 193 186]
EO_196236.jpg,[235 235 235 ... 234 234 234]
EO_197001.jpg,[234 234 234 ... 193 238 229]
EO_197212.jpg,[229 225 230 ... 232 222 221]
EO_197217.jpg,[236 236 235 ... 230 234 236]
EO_197396.jpg,[188 187 185 ... 238 236 237]
EO_197483.jpg,[233 233 233 ... 232 233 234]
EO_19756.jpg,[230 236 235 ... 195 194 194]
EO_197585.jpg,[233 230 230 ... 208 178 174]
EO_198519.jpg,[182 183 187 ...  87  99 126]
EO_198556.jpg,[197 198 203 ... 235 236 236]
EO_198602.jpg,[165 168 172 ... 134 114 103]
EO_198665.jpg,[231 232 232 ...  88  92  92]
EO_199314.jpg,[216 217 199 ... 162 158 161]
EO_199651.jpg,[231 230 227 ... 209 216 218]
EO_200824.jpg,[238 235 228 ... 228 237 230]
EO_200974.jpg,[121 134 139 ... 179 179 185]
EO_201431.jpg,[233 233 234 ... 226 211 195]
EO_201623.jpg,[233 233 233 ... 233 233 232]
EO_201647.jpg,[172 171 168 ... 196 201 206]
EO_202465.jpg,[208 195 174 ... 144 142 145]
EO_202909.jpg,[233 233 233 ... 230 241 229]
EO_202912.jpg,[234 234 234 ... 178 180 185]
EO_20293.jpg,[228 228 231 ... 234 234 234]
EO_204284.jpg,[173 174 174 ... 228 227 232]
EO_204781.jpg,[240 235 234 ... 218 215 190]
EO_206279.jpg,[230 234 231 ... 234 232 231]
EO_20674.jpg,[190 193 199 ... 242 244 226]
EO_207420.jpg,[232 232 232 ... 228 211 219]
EO_207951.jpg,[198 199 200 ... 114 102 100]
EO_207954.jpg,[235 235 235 ... 237 228 229]
EO_208094.jpg,[230 230 230 ... 232 231 231]
EO_209028.jpg,[233 234 235 ... 235 212 189]
EO_209177.jpg,[178 178 181 ... 182 211 239]
EO_209227.jpg,[234 234 234 ... 228 221 217]
EO_209322.jpg,[234 234 234 ... 234 235 236]
EO_20991.jpg,[233 235 236 ... 157 167 183]
EO_210086.jpg,[235 232 229 ... 228 225 239]
EO_210100.jpg,[234 234 234 ... 231 228 231]
EO_210291.jpg,[236 233 230 ... 234 234 234]
EO_210368.jpg,[237 234 234 ... 233 232 232]
EO_210577.jpg,[226 236 239 ... 225 201 192]
EO_210789.jpg,[228 236 238 ... 239 230 227]
EO_210793.jpg,[233 227 218 ... 183 180 177]
EO_211090.jpg,[177 183 170 ... 116 139 187]
EO_211405.jpg,[237 240 243 ... 236 237 235]
EO_212014.jpg,[214 214 213 ... 210 181 151]
EO_212482.jpg,[234 234 234 ... 168 166 162]
EO_212509.jpg,[231 231 233 ... 235 234 235]
EO_212511.jpg,[194 204 221 ... 230 234 236]
EO_213116.jpg,[162 187 213 ... 230 228 227]
EO_21337.jpg,[187 184 180 ... 195 191 187]
EO_213515.jpg,[238 228 228 ... 227 236 238]
EO_213595.jpg,[236 234 235 ... 233 228 225]
EO_214115.jpg,[237 229 232 ... 169 180 170]
EO_214340.jpg,[232 233 238 ... 232 233 228]
EO_214664.jpg,[226 232 235 ... 167 168 172]
EO_214761.jpg,[235 231 229 ... 188 187 187]
EO_214830.jpg,[231 236 232 ... 147 202 226]
EO_215406.jpg,[233 233 233 ... 239 237 229]
EO_215530.jpg,[236 237 237 ... 185 180 176]
EO_215761.jpg,[227 231 233 ... 218 214 198]
EO_215945.jpg,[228 234 237 ... 170 172 176]
EO_216577.jpg,[235 235 235 ... 218 228 239]
EO_216756.jpg,[233 233 233 ... 214 207 202]
EO_216862.jpg,[228 227 235 ... 206 194 185]
EO_217069.jpg,[175 176 176 ... 235 234 232]
EO_217076.jpg,[150 135 125 ...  56  40  56]
EO_217802.jpg,[180 182 179 ... 234 242 231]
EO_218066.jpg,[233 233 233 ... 234 236 234]
EO_218071.jpg,[192 187 189 ... 236 234 232]
EO_218478.jpg,[241 226 233 ... 191 171 191]
EO_218533.jpg,[185 203 221 ... 230 230 240]
EO_218637.jpg,[233 238 237 ... 173 166 170]
EO_219068.jpg,[229 229 229 ... 215 234 228]
EO_21910.jpg,[233 231 235 ... 233 233 234]
EO_219842.jpg,[210 210 210 ... 206 225 237]
EO_219948.jpg,[189 198 212 ... 227 228 235]
EO_219955.jpg,[236 233 232 ... 236 233 236]
EO_220046.jpg,[182 198 217 ... 194 196 196]
EO_220099.jpg,[235 232 231 ... 235 233 232]
EO_220125.jpg,[238 236 233 ... 230 231 238]
EO_220240.jpg,[233 234 236 ... 231 232 235]
EO_220632.jpg,[233 233 233 ... 234 233 232]
EO_220741.jpg,[233 241 232 ... 228 206 184]
EO_220789.jpg,[232 231 233 ... 232 232 236]
EO_220816.jpg,[168 172 178 ... 233 232 234]
EO_220964.jpg,[233 233 233 ... 230 225 236]
EO_220987.jpg,[180 197 220 ... 232 232 227]
EO_22156.jpg,[231 233 238 ... 237 225 229]
EO_221941.jpg,[237 234 232 ... 231 229 228]
EO_221996.jpg,[234 234 234 ...  95  92  84]
EO_222109.jpg,[183 192 215 ... 195 184 185]
EO_222279.jpg,[224 230 238 ... 236 230 225]
EO_222692.jpg,[206 189 173 ... 241 233 225]
EO_222702.jpg,[209 224 237 ... 233 233 233]
EO_223595.jpg,[231 232 233 ... 234 234 234]
EO_223866.jpg,[240 230 228 ... 233 230 224]
EO_223868.jpg,[238 233 233 ... 231 232 238]
EO_224009.jpg,[234 235 234 ... 229 231 228]
EO_224302.jpg,[233 234 239 ... 233 232 232]
EO_224498.jpg,[236 231 230 ... 233 231 229]
EO_225010.jpg,[233 233 233 ... 195 191 188]
EO_225016.jpg,[225 223 223 ... 228 226 235]
EO_225123.jpg,[237 235 234 ... 228 228 229]
EO_225257.jpg,[234 234 234 ... 224 237 235]
EO_2253.jpg,[228 235 239 ... 227 231 242]
EO_225481.jpg,[234 234 234 ... 234 234 234]
EO_225755.jpg,[228 237 241 ... 228 237 232]
EO_225902.jpg,[235 231 229 ... 232 234 234]
EO_226872.jpg,[233 233 233 ... 175 186 193]
EO_227113.jpg,[234 234 234 ...  89 112 162]
EO_227519.jpg,[236 232 230 ... 233 235 236]
EO_22777.jpg,[233 233 233 ... 235 235 231]
EO_228035.jpg,[190 185 182 ... 234 236 235]
EO_22814.jpg,[240 232 233 ... 235 233 229]
EO_228261.jpg,[234 232 229 ... 235 232 228]
EO_228632.jpg,[231 235 234 ... 232 228 231]
EO_228956.jpg,[236 233 241 ... 235 236 234]
EO_229336.jpg,[195 215 233 ... 233 233 233]
EO_229348.jpg,[213 150 113 ... 149 151 211]
EO_229495.jpg,[199 199 202 ... 201 182 174]
EO_229502.jpg,[233 229 234 ... 233 231 229]
EO_230241.jpg,[233 237 236 ... 233 233 234]
EO_230357.jpg,[132 134 152 ... 125 152 181]
EO_230805.jpg,[232 235 232 ... 233 233 234]
EO_230870.jpg,[232 232 232 ... 199 208 214]
EO_23089841.jpg,[228 231 231 ... 233 236 224]
EO_230938.jpg,[233 232 233 ... 242 239 229]
EO_231321.jpg,[232 232 234 ... 233 234 235]
EO_231928.jpg,[236 236 235 ... 235 233 231]
EO_23194.jpg,[238 234 231 ... 232 232 231]
EO_232464.jpg,[233 233 234 ... 231 234 230]
EO_232945.jpg,[234 234 234 ... 234 233 233]
EO_232961.jpg,[230 235 236 ... 229 226 234]
EO_233225.jpg,[215 215 213 ... 233 232 230]
EO_233482.jpg,[236 231 230 ... 218 243 236]
EO_233502.jpg,[230 233 233 ... 231 229 233]
EO_233532.jpg,[236 235 233 ... 238 236 234]
EO_233895.jpg,[130 129 137 ... 163  92  49]
EO_234166.jpg,[169 186 210 ... 236 225 209]
EO_23466371.jpg,[234 232 232 ... 228 236 230]
EO_234694.jpg,[223 224 225 ... 224 237 230]
EO_235307.jpg,[236 235 233 ... 239 239 237]
EO_23571.jpg,[235 235 235 ... 232 232 232]
EO_235932.jpg,[233 232 233 ... 227 229 232]
EO_236154.jpg,[155 167 171 ... 234 234 234]
EO_236288.jpg,[237 229 228 ... 233 243 231]
EO_236407.jpg,[ 96 100 117 ... 232 233 237]
EO_236852.jpg,[202 152 100 ... 234 234 234]
EO_236965.jpg,[239 226 233 ... 233 234 234]
EO_237035.jpg,[231 231 231 ... 223 212 204]
EO_23704.jpg,[226 228 230 ... 232 230 232]
EO_237312.jpg,[231 232 236 ... 232 234 234]
EO_237789.jpg,[235 235 235 ... 200 202 204]
EO_237851.jpg,[165 166 166 ... 119 123 127]
EO_237894.jpg,[187 188 193 ...  82  76  78]
EO_238704.jpg,[171 167 160 ... 101  94  98]
EO_238985.jpg,[233 233 233 ... 232 232 232]
EO_239013.jpg,[160 164 168 ... 158 155 155]
EO_239340.jpg,[221 240 238 ... 240 232 243]
EO_23944298.jpg,[184 187 188 ... 102  76  69]
EO_239936.jpg,[194 201 220 ... 174 175 177]
EO_240232.jpg,[234 236 235 ... 172 173 174]
EO_240352.jpg,[183 176 180 ... 234 226 218]
EO_240687.jpg,[228 232 236 ... 230 237 234]
EO_240691.jpg,[224 223 218 ...  95 117 115]
EO_24074.jpg,[233 233 233 ...  69 120 129]
EO_240829.jpg,[233 231 231 ... 230 231 230]
EO_241392.jpg,[233 233 233 ...  92  98  95]
EO_241482.jpg,[237 235 236 ... 234 234 233]
EO_241496.jpg,[232 234 235 ... 239 236 225]
EO_241911.jpg,[192 197 200 ... 105 156 204]
EO_241971.jpg,[242 238 232 ... 228 234 238]
EO_242182.jpg,[180 190 208 ... 119 188 242]
EO_242314.jpg,[175 182 186 ... 217 217 208]
EO_243092.jpg,[231 231 232 ... 233 229 228]
EO_243308.jpg,[233 233 233 ... 153 225 238]
EO_243737.jpg,[226 234 228 ... 117 120 161]
EO_244255.jpg,[235 236 237 ... 231 233 241]
EO_244392.jpg,[233 233 234 ... 214 212 217]
EO_244789.jpg,[228 221 233 ... 234 234 234]
EO_244915.jpg,[232 232 232 ... 132 127 121]
EO_24568.jpg,[241 233 231 ... 205 199 196]
EO_24569.jpg,[226 226 226 ... 224 224 224]
EO_245768.jpg,[233 233 233 ... 107 154 207]
EO_246684.jpg,[223 223 223 ... 216 218 231]
EO_247048.jpg,[235 237 240 ... 175 154 162]
EO_247089.jpg,[234 233 233 ... 231 231 230]
EO_247113.jpg,[231 233 237 ... 176 170 159]
EO_247374.jpg,[237 230 230 ... 235 235 237]
EO_24753.jpg,[176 174 168 ... 186 222 228]
EO_247533.jpg,[226 226 231 ... 227 228 229]
EO_247560.jpg,[236 236 236 ... 232 232 232]
EO_247735.jpg,[211 207 205 ... 230 237 235]
EO_247944.jpg,[233 234 234 ... 231 225 237]
EO_24835.jpg,[228 242 235 ... 227 231 239]
EO_248363.jpg,[235 235 235 ... 235 232 230]
EO_248809.jpg,[230 230 230 ... 230 230 230]
EO_248889.jpg,[230 233 235 ... 239 236 235]
EO_248919.jpg,[233 233 233 ... 233 233 233]
EO_249066.jpg,[234 234 234 ... 238 245 216]
EO_249533.jpg,[232 231 242 ... 235 233 229]
EO_249877.jpg,[235 224 229 ... 235 240 229]
EO_250252.jpg,[232 235 237 ... 185 182 178]
EO_250649.jpg,[235 231 230 ... 227 221 210]
EO_25065.jpg,[168 168 168 ... 240 229 227]
EO_250701.jpg,[202 207 212 ... 193 229 240]
EO_250836.jpg,[190 214 229 ... 232 237 239]
EO_25085.jpg,[159 167 169 ... 232 234 236]
EO_250964.jpg,[235 234 233 ... 233 233 233]
EO_25099.jpg,[230 232 233 ... 228 233 236]
EO_251668.jpg,[231 231 231 ... 232 232 232]
EO_251778.jpg,[186 190 190 ... 234 234 234]
EO_252025.jpg,[176 176 176 ... 119 155 179]
EO_252552.jpg,[235 237 238 ... 178 174 172]
EO_253192.jpg,[234 234 234 ... 234 236 243]
EO_253370.jpg,[236 220 156 ... 202 198 196]
EO_253401.jpg,[234 236 237 ... 210 185 170]
EO_253430.jpg,[240 237 235 ... 237 237 234]
EO_25350.jpg,[230 231 233 ... 228 229 236]
EO_253983.jpg,[218 216 213 ... 235 243 232]
EO_254268.jpg,[239 235 232 ... 203 208 225]
EO_255151.jpg,[231 235 235 ... 232 230 231]
EO_255525.jpg,[231 231 231 ...  54  93 101]
EO_255718.jpg,[227 232 234 ... 132 138 149]
EO_256369.jpg,[233 233 234 ... 232 232 232]
EO_256492.jpg,[219 219 219 ... 110 100  97]
EO_256532.jpg,[234 234 234 ... 236 239 235]
EO_257520.jpg,[186 191 198 ... 213 204 197]
EO_258433.jpg,[228 227 227 ... 205 234 231]
EO_258490.jpg,[236 234 231 ... 237 234 233]
EO_2590.jpg,[239 233 229 ... 235 235 232]
EO_25947.jpg,[163 182 175 ... 208 217 208]
EO_259488.jpg,[234 234 234 ... 171 166 164]
EO_259587.jpg,[229 229 229 ... 237 230 237]
EO_259856.jpg,[234 236 234 ... 234 231 234]
EO_260172.jpg,[230 230 231 ... 206 200 197]
EO_2603.jpg,[233 233 233 ... 216 235 222]
EO_260857.jpg,[201 200 199 ... 224 226 226]
EO_261009.jpg,[233 232 232 ... 235 229 218]
EO_261246.jpg,[237 231 232 ... 229 243 231]
EO_261424.jpg,[239 232 233 ... 233 233 234]
EO_261509.jpg,[234 234 234 ... 199 249 236]
EO_261787.jpg,[203 209 212 ... 204 188 174]
EO_262006.jpg,[233 233 233 ... 233 223 209]
EO_262501.jpg,[195 192 193 ... 194 203 205]
EO_262512.jpg,[233 234 235 ... 241 237 228]
EO_262665.jpg,[235 237 237 ... 231 234 227]
EO_263359.jpg,[196 192 162 ... 172 206 204]
EO_263727.jpg,[235 235 235 ... 138 128 118]
EO_263788.jpg,[234 233 232 ... 228 228 232]
EO_263916.jpg,[175 181 193 ... 198 185 178]
EO_26404.jpg,[189 183 192 ... 236 232 239]
EO_264083.jpg,[234 234 234 ... 193 174 162]
EO_264233.jpg,[235 236 235 ... 235 234 235]
EO_264654.jpg,[233 233 233 ... 232 226 236]
EO_265516.jpg,[232 232 233 ... 230 233 233]
EO_265598.jpg,[234 234 234 ... 240 215 246]
EO_265718.jpg,[183 179 207 ... 233 234 232]
EO_265982.jpg,[235 234 233 ... 234 234 235]
EO_266350.jpg,[242 233 229 ... 237 236 235]
EO_266653.jpg,[203 194 191 ... 166 172 170]
EO_267802.jpg,[155 156 156 ... 228 235 235]
EO_268014.jpg,[231 241 236 ... 235 235 234]
EO_268211.jpg,[235 234 235 ... 242 240 232]
EO_2683.jpg,[232 232 232 ... 235 233 231]
EO_26841.jpg,[179 178 190 ... 232 230 230]
EO_268868.jpg,[178 192 199 ... 219 236 230]
EO_268984.jpg,[230 233 237 ... 233 232 231]
EO_269091.jpg,[233 233 233 ... 228 228 229]
EO_269312.jpg,[228 230 233 ... 232 232 230]
EO_269763.jpg,[125 132 150 ... 203 218 235]
EO_27.jpg,[223 241 240 ... 235 222 225]
EO_270508.jpg,[179 178 178 ... 239 237 235]
EO_270748.jpg,[238 235 233 ... 177 180 180]
EO_270753.jpg,[233 233 233 ... 230 233 239]
EO_270764.jpg,[188 189 189 ... 235 235 232]
EO_270999.jpg,[161 165 160 ... 239 239 233]
EO_271014.jpg,[171 179 204 ... 237 234 241]
EO_271708.jpg,[233 234 235 ... 179 176 178]
EO_272663.jpg,[233 233 233 ... 229 230 233]
EO_273049.jpg,[175 173 173 ... 239 227 234]
EO_2736.jpg,[237 233 236 ... 170 170 171]
EO_273741.jpg,[229 234 242 ... 227 236 236]
EO_27382.jpg,[236 236 235 ... 210 200 194]
EO_273880.jpg,[234 234 234 ... 116 174 246]
EO_274103.jpg,[196 179 176 ... 115 117 138]
EO_27437.jpg,[236 230 232 ... 235 235 233]
EO_274435.jpg,[235 224 233 ... 177 171 172]
EO_274458.jpg,[236 235 234 ... 231 233 233]
EO_274574.jpg,[236 227 225 ... 142 155 158]
EO_274822.jpg,[234 234 234 ... 232 239 228]
EO_27502.jpg,[198 212 228 ... 164 163 170]
EO_275142.jpg,[227 230 234 ... 230 241 227]
EO_275189.jpg,[238 227 234 ... 232 232 233]
EO_2755.jpg,[233 228 238 ... 215 197 180]
EO_276058.jpg,[213 217 224 ... 233 233 233]
EO_276119.jpg,[239 236 236 ... 227 229 229]
EO_276199.jpg,[231 185 144 ... 233 232 232]
EO_276280.jpg,[241 235 232 ... 221 241 229]
EO_276552.jpg,[235 235 235 ... 231 232 232]
EO_276645.jpg,[176 179 192 ... 224 225 229]
EO_276797.jpg,[235 232 231 ... 184 181 178]
EO_277497.jpg,[231 235 237 ... 232 229 230]
EO_277857.jpg,[229 235 238 ... 220 201 173]
EO_27809.jpg,[106 117 134 ... 192 195 198]
EO_278121.jpg,[236 236 234 ... 231 231 232]
EO_278219.jpg,[197 199 201 ... 233 233 233]
EO_278343.jpg,[233 237 236 ... 236 236 236]
EO_278427.jpg,[227 240 246 ... 227 221 221]
EO_278488.jpg,[234 231 237 ... 231 231 231]
EO_278646.jpg,[234 233 232 ... 232 233 232]
EO_278795.jpg,[236 228 227 ... 232 232 230]
EO_278802.jpg,[233 232 224 ... 233 233 233]
EO_279650.jpg,[234 234 234 ... 237 234 231]
EO_279817.jpg,[176 169 176 ... 149 152 179]
EO_280451.jpg,[233 231 229 ... 231 227 227]
EO_280653.jpg,[203 193 179 ... 240 238 235]
EO_28080.jpg,[231 233 234 ... 175 177 179]
EO_281130.jpg,[163 173 177 ... 229 229 226]
EO_28192.jpg,[225 239 242 ... 234 234 234]
EO_282222.jpg,[226 207 187 ... 232 234 236]
EO_282946.jpg,[174 169 167 ... 127 123 121]
EO_283475.jpg,[228 232 236 ... 235 233 232]
EO_283618.jpg,[229 224 235 ...  84  77  88]
EO_283790.jpg,[234 234 234 ... 186 188 190]
EO_283906.jpg,[177 171 170 ... 235 232 231]
EO_284748.jpg,[224 203 196 ... 139 127 122]
EO_284757.jpg,[191 219 238 ...  97  99 110]
EO_284934.jpg,[105 130 142 ... 232 229 235]
EO_285081.jpg,[234 234 234 ... 234 232 237]
EO_285269.jpg,[235 234 234 ... 169 166 167]
EO_285298.jpg,[215 224 223 ...  74 101 110]
EO_285354.jpg,[234 233 228 ... 224 206 188]
EO_285640.jpg,[200 219 235 ... 236 237 237]
EO_286161.jpg,[228 229 231 ... 230 231 234]
EO_286184.jpg,[235 235 235 ... 233 233 234]
EO_286409.jpg,[237 231 230 ...  98 104 169]
EO_287394.jpg,[240 233 231 ... 243 246 227]
EO_28765.jpg,[239 235 232 ... 235 236 233]
EO_287859.jpg,[233 231 229 ... 171 168 169]
EO_287969.jpg,[230 231 225 ... 173 225 224]
EO_287970.jpg,[238 226 225 ... 174 172 172]
EO_287971.jpg,[233 234 235 ... 168 170 171]
EO_287976.jpg,[237 237 236 ... 219 199 180]
EO_288126.jpg,[233 233 235 ... 233 233 231]
EO_288460.jpg,[237 229 234 ... 235 235 235]
EO_289878.jpg,[231 231 231 ... 239 237 234]
EO_290013.jpg,[242 232 236 ... 240 234 230]
EO_290103.jpg,[225 227 230 ... 228 227 227]
EO_290570.jpg,[230 233 221 ... 132 139 151]
EO_291138.jpg,[212 227 238 ... 235 241 238]
EO_291250.jpg,[233 232 231 ... 216 230 226]
EO_291508.jpg,[178 171 166 ...  68  53  72]
EO_291685.jpg,[232 232 232 ... 231 231 230]
EO_291883.jpg,[179 182 197 ... 228 229 228]
EO_292022.jpg,[233 232 235 ... 231 230 234]
EO_292560.jpg,[235 233 233 ... 231 237 235]
EO_293968.jpg,[236 233 230 ... 173 173 171]
EO_294174.jpg,[236 229 235 ... 245 240 229]
EO_294218.jpg,[134 136 131 ... 152 177 167]
EO_294351.jpg,[236 235 233 ... 181 174 172]
EO_294378.jpg,[234 234 234 ... 229 232 233]
EO_294488.jpg,[225 227 232 ... 201 217 230]
EO_294492.jpg,[236 234 235 ... 202 193 190]
EO_294566.jpg,[230 222 232 ... 148  92  97]
EO_294946.jpg,[231 231 231 ... 234 237 238]
EO_295602.jpg,[234 233 233 ... 232 236 242]
EO_295726.jpg,[234 234 234 ... 135 133 140]
EO_296431.jpg,[237 231 232 ... 233 236 237]
EO_29702.jpg,[220 197 189 ... 182 183 195]
EO_297333.jpg,[233 230 228 ... 237 234 227]
EO_297372.jpg,[232 237 234 ... 196 194 185]
EO_29763.jpg,[186 187 188 ... 179 198 216]
EO_298214.jpg,[233 235 237 ... 228 225 233]
EO_298423.jpg,[108 120 138 ... 217 200 187]
EO_29868.jpg,[171 170 175 ... 185 238 219]
EO_29874.jpg,[232 232 232 ... 232 232 232]
EO_298884.jpg,[178 177 175 ... 120 115 108]
EO_299128.jpg,[226 231 234 ... 158 166 163]
EO_299477.jpg,[234 234 234 ...  94 180 232]
EO_29954.jpg,[236 231 227 ... 231 231 231]
EO_299733.jpg,[235 233 231 ... 225 223 219]
EO_301146.jpg,[228 238 240 ... 231 232 231]
EO_301432.jpg,[181 199 235 ... 229 218 207]
EO_301622.jpg,[160 165 167 ... 198 182 178]
EO_30192.jpg,[234 234 234 ... 234 238 238]
EO_302258.jpg,[233 231 234 ... 224 212 210]
EO_302263.jpg,[235 235 235 ... 174 199 211]
EO_303238.jpg,[227 229 232 ... 230 230 229]
EO_303353.jpg,[170 178 191 ... 230 229 218]
EO_303404.jpg,[136 116 106 ... 154 158 166]
EO_30344.jpg,[231 231 231 ... 235 234 232]
EO_303442.jpg,[232 232 231 ... 196 191 190]
EO_303550.jpg,[233 239 237 ... 236 241 228]
EO_30439.jpg,[233 234 234 ... 190 174 164]
EO_304439.jpg,[225 191 135 ... 235 235 235]
EO_304840.jpg,[233 234 234 ... 171 172 161]
EO_305691.jpg,[238 236 234 ... 232 234 231]
EO_306876.jpg,[219 235 245 ... 232 236 237]
EO_307124.jpg,[233 233 230 ... 192 205 225]
EO_307413.jpg,[222 217 218 ... 185 183 195]
EO_307912.jpg,[234 234 234 ... 231 222 212]
EO_308825.jpg,[239 232 234 ... 235 234 240]
EO_309157.jpg,[192 200 205 ... 236 234 230]
EO_309479.jpg,[235 232 230 ... 228 228 230]
EO_309740.jpg,[147 116  61 ... 150 175 189]
EO_309854.jpg,[235 233 231 ... 231 223 212]
EO_3103.jpg,[236 227 231 ... 238 236 230]
EO_31159.jpg,[235 233 233 ... 242 241 229]
EO_311652.jpg,[227 229 232 ...  79  83  97]
EO_312048.jpg,[235 235 235 ... 232 226 218]
EO_312103.jpg,[231 225 225 ... 233 234 236]
EO_312108.jpg,[233 233 233 ... 232 233 234]
EO_312272.jpg,[234 234 234 ... 237 233 234]
EO_312283.jpg,[156 189 207 ... 234 236 235]
EO_312702.jpg,[229 230 234 ... 233 234 232]
EO_312938.jpg,[230 234 231 ... 215 236 231]
EO_313186.jpg,[233 233 233 ... 232 232 232]
EO_313229.jpg,[234 232 232 ... 232 232 230]
EO_31352.jpg,[170 172 171 ... 232 234 230]
EO_315374.jpg,[170 170 170 ... 232 232 232]
EO_315883.jpg,[227 231 232 ... 221 217 212]
EO_315956.jpg,[181 176 177 ... 134 122 118]
EO_316082.jpg,[233 233 233 ... 237 229 206]
EO_316132.jpg,[235 235 235 ... 238 238 234]
EO_316187.jpg,[126 152 168 ... 226 224 227]
EO_316227.jpg,[165 164 168 ... 199 227 232]
EO_31665.jpg,[163 171 188 ... 185 185 190]
EO_317336.jpg,[232 231 229 ... 231 232 232]
EO_317454.jpg,[231 239 236 ... 232 233 234]
EO_317558.jpg,[225 228 232 ... 229 230 231]
EO_31773.jpg,[192 191 191 ... 232 210 188]
EO_317781.jpg,[229 229 229 ... 229 228 234]
EO_317789.jpg,[237 241 232 ... 236 234 238]
EO_317907.jpg,[230 231 235 ... 217 225 232]
EO_318207.jpg,[209 214 221 ... 222 227 238]
EO_318637.jpg,[235 235 236 ... 173 171 169]
EO_31926.jpg,[233 233 233 ... 228 212 186]
EO_31947.jpg,[238 231 227 ... 229 226 236]
EO_319771.jpg,[200 214 228 ... 235 236 233]
EO_3205.jpg,[238 233 234 ... 235 238 235]
EO_320908.jpg,[228 235 237 ... 229 228 232]
EO_321079.jpg,[231 233 236 ... 153 152 150]
EO_321089.jpg,[237 234 229 ... 233 235 235]
EO_321489.jpg,[233 236 233 ... 223 244 231]
EO_321528.jpg,[163 173 159 ... 202 222 213]
EO_32178.jpg,[231 232 234 ... 132 157 167]
EO_321841.jpg,[233 227 233 ... 227 228 232]
EO_322036.jpg,[230 227 227 ... 235 234 232]
EO_322092.jpg,[233 233 233 ... 237 234 231]
EO_322492.jpg,[165 173 175 ... 225 233 238]
EO_322766.jpg,[234 235 236 ... 228 228 228]
EO_322937.jpg,[239 229 231 ... 206 188 176]
EO_323058.jpg,[229 231 232 ... 237 240 220]
EO_32318.jpg,[225 234 238 ... 187 178 175]
EO_323763.jpg,[232 232 232 ... 233 228 235]
EO_323955.jpg,[231 229 230 ... 214 188 162]
EO_324141.jpg,[232 232 231 ... 230 231 233]
EO_324172.jpg,[232 232 232 ... 170 165 163]
EO_324596.jpg,[170 171 172 ...  60  80 172]
EO_324837.jpg,[229 233 236 ... 232 233 236]
EO_325253.jpg,[ 94  90  98 ... 154 152 160]
EO_325473.jpg,[233 229 230 ... 126 168 214]
EO_325893.jpg,[176 176 176 ... 130 125 126]
EO_326103.jpg,[232 235 236 ... 224 217 209]
EO_326305.jpg,[159 119 104 ... 196 194 190]
EO_326334.jpg,[238 233 230 ... 232 216 235]
EO_326529.jpg,[234 235 235 ... 232 232 232]
EO_326543.jpg,[231 229 235 ... 234 231 228]
EO_326816.jpg,[240 240 236 ... 235 235 233]
EO_326829.jpg,[233 240 227 ... 233 235 232]
EO_32702.jpg,[209 217 224 ... 231 234 231]
EO_327236.jpg,[227 242 241 ... 238 237 230]
EO_327676.jpg,[177 179 187 ... 234 230 231]
EO_327928.jpg,[231 231 232 ... 241 233 235]
EO_328721.jpg,[234 234 234 ... 237 236 231]
EO_32900.jpg,[229 238 234 ... 237 231 231]
EO_329010.jpg,[228 231 232 ... 229 216 198]
EO_329444.jpg,[231 231 229 ... 233 233 233]
EO_329897.jpg,[238 233 232 ... 195 196 192]
EO_329975.jpg,[179 206 229 ... 162 166 172]
EO_330411.jpg,[238 234 223 ... 117 143 176]
EO_330708.jpg,[228 251 234 ... 116 130 180]
EO_330760.jpg,[236 235 233 ... 232 232 232]
EO_330791.jpg,[218 229 238 ... 227 219 218]
EO_331089.jpg,[234 234 234 ... 233 233 233]
EO_331211.jpg,[237 234 230 ... 208 219 229]
EO_331664.jpg,[233 233 232 ... 190 182 171]
EO_331701.jpg,[173 172 171 ... 233 239 231]
EO_331982.jpg,[236 231 228 ... 183 205 224]
EO_332005.jpg,[219 222 227 ... 221 221 221]
EO_332343.jpg,[232 232 232 ... 232 232 232]
EO_333101.jpg,[231 233 235 ... 235 235 234]
EO_333334.jpg,[235 233 232 ... 233 232 233]
EO_333432.jpg,[223 229 235 ... 231 229 232]
EO_333532.jpg,[231 237 237 ... 230 239 229]
EO_333590.jpg,[229 237 234 ... 214 216 205]
EO_333712.jpg,[235 235 230 ... 232 231 229]
EO_334306.jpg,[235 241 236 ... 179 178 177]
EO_33518.jpg,[231 240 241 ... 238 234 225]
EO_335540.jpg,[235 235 234 ... 235 234 236]
EO_336031.jpg,[230 227 159 ... 130 125 122]
EO_336192.jpg,[232 235 230 ... 234 241 230]
EO_336291.jpg,[233 233 234 ... 225 225 237]
EO_336686.jpg,[233 233 233 ... 231 235 232]
EO_336692.jpg,[228 234 236 ... 233 235 235]
EO_337120.jpg,[226 228 229 ... 225 228 236]
EO_337928.jpg,[243 225 229 ... 231 234 233]
EO_338307.jpg,[229 234 233 ... 140 212 238]
EO_338378.jpg,[228 236 240 ... 230 230 229]
EO_33894.jpg,[237 229 234 ... 216 211 206]
EO_33913.jpg,[233 227 235 ... 230 226 231]
EO_339594.jpg,[234 232 234 ... 226 217 220]
EO_339625.jpg,[236 235 236 ... 234 234 234]
EO_340029.jpg,[232 232 240 ... 225 232 238]
EO_340201.jpg,[234 225 227 ... 230 230 230]
EO_340636.jpg,[235 235 235 ... 232 232 232]
EO_340997.jpg,[207 209 200 ... 238 235 226]
EO_341028.jpg,[231 231 231 ... 186 183 179]
EO_341403.jpg,[230 229 234 ... 231 235 235]
EO_341474.jpg,[231 232 231 ... 189 182 191]
EO_341511.jpg,[224 238 233 ... 235 229 232]
EO_341843.jpg,[235 232 192 ... 234 236 239]
EO_341940.jpg,[236 236 236 ... 197 219 225]
EO_342472.jpg,[232 236 239 ... 241 235 233]
EO_342801.jpg,[233 233 233 ... 237 236 228]
EO_343324.jpg,[231 237 238 ... 227 225 223]
EO_343437.jpg,[244 239 235 ... 122 123 125]
EO_343910.jpg,[238 231 232 ... 223 209 209]
EO_344556.jpg,[188 186 194 ... 185 199 187]
EO_344745.jpg,[240 236 238 ... 226 217 225]
EO_344769.jpg,[234 234 234 ...  92  82 133]
EO_344782.jpg,[229 232 234 ... 228 234 235]
EO_344943.jpg,[234 234 234 ... 219 214 210]
EO_345129.jpg,[229 229 229 ... 215 204 192]
EO_345452.jpg,[227 221 216 ... 115  84  56]
EO_345534.jpg,[237 235 234 ... 236 235 230]
EO_345969.jpg,[235 235 235 ... 233 234 235]
EO_346443.jpg,[231 233 234 ... 228 226 233]
EO_346565.jpg,[197 197 205 ... 235 232 230]
EO_346820.jpg,[233 234 235 ... 232 234 234]
EO_347529.jpg,[107 155 164 ... 234 237 236]
EO_347586.jpg,[225 235 240 ... 231 224 215]
EO_348138.jpg,[231 228 233 ... 216 206 198]
EO_348160.jpg,[230 232 233 ... 224 225 226]
EO_348444.jpg,[235 235 235 ... 224 229 242]
EO_348684.jpg,[194 195 187 ... 230 226 216]
EO_348748.jpg,[219 214 208 ... 133 155 174]
EO_349283.jpg,[148 158 154 ... 191 175 173]
EO_350196.jpg,[233 233 233 ... 175 176 176]
EO_350212.jpg,[239 233 236 ... 230 231 235]
EO_350556.jpg,[155 155 158 ... 112 145 202]
EO_350584.jpg,[234 233 233 ... 188 183 179]
EO_350738.jpg,[182 179 175 ... 229 226 233]
EO_351326.jpg,[230 239 236 ... 233 231 229]
EO_351827.jpg,[238 236 232 ... 235 233 230]
EO_351942.jpg,[231 230 231 ... 234 233 226]
EO_352789.jpg,[233 232 234 ... 235 233 234]
EO_352853.jpg,[232 231 231 ... 233 231 229]
EO_353231.jpg,[205 209 226 ... 181 196 198]
EO_353893.jpg,[232 232 232 ... 190 179 175]
EO_354514.jpg,[188 184 178 ... 234 232 231]
EO_354662.jpg,[231 234 237 ... 229 233 235]
EO_355022.jpg,[162 170 176 ... 231 233 235]
EO_355150.jpg,[213 224 235 ... 186 183 187]
EO_355269.jpg,[234 241 231 ... 184 188 205]
EO_355778.jpg,[221 239 239 ... 202 190 179]
EO_356010.jpg,[227 238 239 ... 230 231 232]
EO_356298.jpg,[223 226 230 ... 111 153 212]
EO_356579.jpg,[180 180 181 ... 193 227 233]
EO_356580.jpg,[233 233 235 ... 230 230 231]
EO_356811.jpg,[141 123 105 ... 119 132 136]
EO_357066.jpg,[234 235 235 ... 231 229 240]
EO_357314.jpg,[233 233 233 ... 232 231 229]
EO_357600.jpg,[206 200 199 ... 136 150 132]
EO_357811.jpg,[228 236 235 ... 154 160 155]
EO_358349.jpg,[235 230 234 ... 236 236 236]
EO_358411.jpg,[227 230 221 ... 231 236 232]
EO_358508.jpg,[185 186 189 ... 230 227 219]
EO_358594.jpg,[242 230 232 ... 227 229 240]
EO_358658.jpg,[239 225 210 ... 192 193 199]
EO_35880.jpg,[231 232 234 ... 232 234 235]
EO_358827.jpg,[182 175 173 ... 234 238 232]
EO_359155.jpg,[108 113 113 ... 211 211 212]
EO_359161.jpg,[228 229 236 ... 177 177 178]
EO_359361.jpg,[233 233 233 ... 202 182 174]
EO_359520.jpg,[229 236 231 ... 230 216 222]
EO_35975.jpg,[226 231 233 ... 237 237 233]
EO_359857.jpg,[235 231 230 ... 233 233 232]
EO_360228.jpg,[231 232 233 ... 233 232 229]
EO_36065.jpg,[232 232 232 ... 231 231 231]
EO_361122.jpg,[227 228 227 ... 224 218 209]
EO_361149.jpg,[235 235 235 ... 237 232 231]
EO_361403.jpg,[235 232 231 ... 233 234 235]
EO_361808.jpg,[228 233 234 ... 240 236 230]
EO_361838.jpg,[231 236 240 ... 231 232 235]
EO_362842.jpg,[234 231 233 ... 232 235 233]
EO_36361.jpg,[236 233 228 ... 158 160 161]
EO_363808.jpg,[230 233 235 ... 235 235 236]
EO_363989.jpg,[188 190 195 ... 172 216 224]
EO_364257.jpg,[233 233 232 ... 170 177 189]
EO_364407.jpg,[235 234 234 ... 231 225 221]
EO_364521.jpg,[235 232 230 ... 232 232 232]
EO_36495.jpg,[233 238 237 ... 232 232 232]
EO_365314.jpg,[173 173 174 ... 231 227 222]
EO_365446.jpg,[237 234 238 ... 198 193 191]
EO_365533.jpg,[233 233 234 ... 232 233 234]
EO_365929.jpg,[185 176 174 ... 164 165 160]
EO_366118.jpg,[234 233 229 ... 234 227 230]
EO_366351.jpg,[235 235 236 ... 235 233 234]
EO_366584.jpg,[171 175 174 ... 155 159 148]
EO_367128.jpg,[226 229 210 ... 187 181 204]
EO_367643.jpg,[226 224 218 ... 178 177 180]
EO_367768.jpg,[232 233 236 ... 184 186 171]
EO_367818.jpg,[234 232 231 ... 187 248 231]
EO_368144.jpg,[193 194 196 ... 232 232 232]
EO_370072.jpg,[230 215 209 ... 183 179 177]
EO_370156.jpg,[232 226 228 ... 231 230 231]
EO_370179.jpg,[229 241 235 ... 231 234 235]
EO_370453.jpg,[232 229 224 ... 202 197 194]
EO_370621.jpg,[232 232 232 ... 231 231 231]
EO_370751.jpg,[233 198 154 ... 169 190 206]
EO_371208.jpg,[231 231 231 ... 231 229 235]
EO_371261.jpg,[235 233 230 ... 232 235 234]
EO_371287.jpg,[231 231 227 ... 211 232 222]
EO_371502.jpg,[234 234 234 ... 233 237 239]
EO_371583.jpg,[234 234 226 ... 176 172 170]
EO_372284.jpg,[171 170 171 ... 199 183 168]
EO_372410.jpg,[234 234 234 ...  67 124 147]
EO_372485.jpg,[238 235 231 ... 147 150 161]
EO_372511.jpg,[232 229 234 ... 155 153 158]
EO_373666.jpg,[233 233 233 ... 126 126 118]
EO_373897.jpg,[236 231 233 ... 229 233 244]
EO_373898.jpg,[232 236 236 ... 229 234 236]
EO_374007.jpg,[177 190 209 ... 234 234 234]
EO_374119.jpg,[228 233 230 ... 233 226 234]
EO_374244.jpg,[228 230 225 ... 205 191 183]
EO_375088.jpg,[231 232 233 ... 230 230 235]
EO_375162.jpg,[234 234 234 ... 235 234 233]
EO_375178.jpg,[232 230 228 ... 224 203 176]
EO_375413.jpg,[232 233 233 ... 200 199 209]
EO_375633.jpg,[235 235 233 ... 166 176 193]
EO_375714.jpg,[161 161 167 ... 233 235 238]
EO_375973.jpg,[235 235 235 ... 229 227 222]
EO_376283.jpg,[234 232 235 ... 170 163 172]
EO_376623.jpg,[231 234 238 ... 239 243 227]
EO_377140.jpg,[173 178 181 ... 231 231 232]
EO_377573.jpg,[200 211 205 ... 143 142 142]
EO_377830.jpg,[239 232 232 ... 233 230 233]
EO_377859.jpg,[226 234 234 ... 235 235 236]
EO_37796.jpg,[230 231 233 ... 226 229 229]
EO_378108.jpg,[189 188 190 ... 234 235 236]
EO_378582.jpg,[229 243 234 ... 194 210 222]
EO_378650.jpg,[239 231 237 ... 171 166 159]
EO_378811.jpg,[234 234 234 ... 232 232 232]
EO_379164.jpg,[233 233 233 ... 233 233 233]
EO_379318.jpg,[234 234 234 ... 233 233 233]
EO_379388.jpg,[157 126 110 ... 175 157 146]
EO_379614.jpg,[232 231 229 ... 230 226 233]
EO_379753.jpg,[236 237 228 ... 186 192 195]
EO_3799.jpg,[225 226 238 ... 233 232 225]
EO_380528.jpg,[233 233 233 ... 227 232 245]
EO_381092.jpg,[233 234 236 ... 164 163 178]
EO_382349.jpg,[234 232 231 ... 231 233 233]
EO_383072.jpg,[176 115  95 ... 240 229 225]
EO_383219.jpg,[208 216 226 ... 235 227 229]
EO_383400.jpg,[225 227 230 ... 230 234 221]
EO_383654.jpg,[235 235 235 ... 230 228 236]
EO_383740.jpg,[238 224 232 ... 234 226 224]
EO_383782.jpg,[241 239 235 ... 215 210 207]
EO_383975.jpg,[238 228 237 ... 223 205 186]
EO_384027.jpg,[234 222 224 ... 233 237 237]
EO_384138.jpg,[184 181 168 ... 179 201 224]
EO_384158.jpg,[237 226 210 ... 165 118  76]
EO_384169.jpg,[152 141 139 ... 237 231 236]
EO_386301.jpg,[227 237 239 ... 233 233 233]
EO_386448.jpg,[209 229 240 ... 232 230 230]
EO_386747.jpg,[237 230 228 ... 234 242 233]
EO_387805.jpg,[228 241 231 ... 243 234 227]
EO_387942.jpg,[236 235 232 ... 234 234 234]
EO_388214.jpg,[233 233 233 ... 160 157 155]
EO_388396.jpg,[234 234 234 ... 117 123 130]
EO_388405.jpg,[239 229 222 ... 210 195 185]
EO_388531.jpg,[238 230 233 ... 226 233 234]
EO_388588.jpg,[230 178 149 ... 189 195 204]
EO_389123.jpg,[235 233 231 ... 235 232 224]
EO_389227.jpg,[173 172 184 ... 238 237 235]
EO_389244.jpg,[237 229 231 ... 180 189 193]
EO_389300.jpg,[235 235 235 ... 215 202 193]
EO_389584.jpg,[238 235 234 ... 233 232 230]
EO_390237.jpg,[220 222 203 ...  75  79  42]
EO_390334.jpg,[139 132 139 ... 232 232 232]
EO_390478.jpg,[233 233 233 ... 157 162 167]
EO_390531.jpg,[234 228 235 ... 232 229 232]
EO_390633.jpg,[227 230 223 ... 235 232 232]
EO_390994.jpg,[231 231 230 ... 145 141 147]
EO_391732.jpg,[233 236 232 ... 225 244 224]
EO_392003.jpg,[200 203 206 ... 109 100  80]
EO_39294.jpg,[188 187 205 ... 170 169 168]
EO_392948.jpg,[234 239 210 ... 232 233 241]
EO_393434.jpg,[228 236 236 ... 238 231 229]
EO_393793.jpg,[232 237 220 ... 232 230 229]
EO_393795.jpg,[179 115  94 ... 235 234 225]
EO_3941.jpg,[235 235 235 ... 129 123 110]
EO_394346.jpg,[181 182 184 ... 232 233 234]
EO_394672.jpg,[232 243 225 ... 184 215 217]
EO_39469.jpg,[234 234 234 ... 233 234 236]
EO_395189.jpg,[235 235 228 ... 163 165 191]
EO_396711.jpg,[228 227 224 ... 164 164 171]
EO_396981.jpg,[233 234 234 ... 232 233 236]
EO_397155.jpg,[235 235 235 ... 236 238 231]
EO_397978.jpg,[231 231 234 ... 240 241 232]
EO_398276.jpg,[201 202 205 ... 198 189 167]
EO_398624.jpg,[185 216 228 ... 236 237 234]
EO_39961.jpg,[234 234 234 ... 233 233 233]
EO_39991.jpg,[234 233 233 ... 233 235 236]
EO_400135.jpg,[165 167 170 ... 234 230 241]
EO_400262.jpg,[178 183 195 ... 232 232 233]
EO_401030.jpg,[231 232 233 ... 222 222 219]
EO_401149.jpg,[182 172 177 ... 183 191 193]
EO_401307.jpg,[234 232 230 ... 187 187 187]
EO_401601.jpg,[234 234 234 ... 161 168 177]
EO_401716.jpg,[225 221 216 ... 189 186 199]
EO_401749.jpg,[229 225 223 ... 230 230 228]
EO_402029.jpg,[229 229 226 ... 228 230 233]
EO_402264.jpg,[230 236 238 ... 209 197 208]
EO_402565.jpg,[236 234 232 ... 234 233 233]
EO_402715.jpg,[231 240 235 ... 236 238 240]
EO_403452.jpg,[227 236 240 ... 225 227 238]
EO_403514.jpg,[237 234 233 ... 227 237 233]
EO_403927.jpg,[230 237 227 ... 227 230 226]
EO_404092.jpg,[231 231 231 ... 177 178 176]
EO_404154.jpg,[236 226 233 ... 165 172 177]
EO_404396.jpg,[218 189 176 ... 143 172 181]
EO_404437.jpg,[230 230 217 ... 223 224 227]
EO_404546.jpg,[144 129 108 ... 235 241 232]
EO_405046.jpg,[234 235 236 ... 231 222 226]
EO_405613.jpg,[234 233 231 ... 235 231 227]
EO_406215.jpg,[178 175 172 ... 234 227 221]
EO_40644.jpg,[226 227 227 ... 229 229 230]
EO_407207.jpg,[233 233 233 ... 164 210 237]
EO_40758.jpg,[234 234 234 ... 235 235 237]
EO_408607.jpg,[234 233 233 ... 233 226 235]
EO_408710.jpg,[197 192 186 ... 225 233 225]
EO_409320.jpg,[221 227 226 ... 216 212 207]
EO_409717.jpg,[222 222 222 ... 217 218 221]
EO_409860.jpg,[231 238 241 ... 235 221 201]
EO_410004.jpg,[230 231 232 ... 233 233 233]
EO_410459.jpg,[198 171 146 ... 208 175 164]
EO_41073.jpg,[234 234 234 ... 174 171 173]
EO_41114.jpg,[146 142 150 ... 231 232 233]
EO_411321.jpg,[239 233 229 ... 234 236 235]
EO_412268.jpg,[236 226 230 ... 189 218 227]
EO_412544.jpg,[231 232 232 ... 219 236 228]
EO_412649.jpg,[233 233 233 ... 148 202 244]
EO_412838.jpg,[231 234 234 ... 234 234 234]
EO_413200.jpg,[237 229 234 ... 229 231 235]
EO_413926.jpg,[232 236 239 ... 234 239 232]
EO_414115.jpg,[231 233 236 ... 221 224 236]
EO_414189.jpg,[231 232 235 ... 235 232 234]
EO_41456.jpg,[229 234 237 ... 125 124 111]
EO_414564.jpg,[231 235 228 ... 166 163 162]
EO_414580.jpg,[157 155 152 ... 141 126 118]
EO_414685.jpg,[147 147 147 ... 116 134 147]
EO_415104.jpg,[224 222 229 ... 227 229 234]
EO_415124.jpg,[241 233 228 ... 233 234 236]
EO_415150.jpg,[235 232 235 ... 232 233 235]
EO_415390.jpg,[224 234 239 ... 216 197 184]
EO_416434.jpg,[233 233 233 ... 232 233 234]
EO_416449.jpg,[233 233 233 ... 195 215 224]
EO_417016.jpg,[233 236 235 ... 231 232 230]
EO_417023.jpg,[237 225 235 ... 224 228 239]
EO_417463.jpg,[183 192 206 ... 232 230 230]
EO_417637.jpg,[234 229 229 ... 229 229 230]
EO_418150.jpg,[231 229 230 ... 232 233 233]
EO_418465.jpg,[169 159 163 ... 233 240 231]
EO_418576.jpg,[233 233 233 ... 233 233 233]
EO_418680.jpg,[229 235 238 ... 230 232 237]
EO_419020.jpg,[234 234 232 ... 231 231 231]
EO_419252.jpg,[234 234 234 ... 135 165 187]
EO_419430.jpg,[195 197 199 ... 234 233 227]
EO_420434.jpg,[175 176 177 ... 140 185 239]
EO_420606.jpg,[154 163 169 ... 184 186 184]
EO_420876.jpg,[195 195 194 ... 226 233 224]
EO_421.jpg,[219 217 215 ... 229 229 230]
EO_421436.jpg,[234 234 234 ... 141 141 136]
EO_421922.jpg,[225 239 234 ... 231 231 231]
EO_421945.jpg,[234 234 234 ... 132 145  92]
EO_422295.jpg,[239 231 229 ... 217 196 177]
EO_422401.jpg,[233 232 232 ... 228 229 232]
EO_422549.jpg,[238 236 233 ... 225 232 240]
EO_424085.jpg,[235 233 220 ... 177 142  80]
EO_424207.jpg,[175 160 152 ... 230 227 233]
EO_42441.jpg,[237 237 236 ... 177 177 176]
EO_4246.jpg,[226 222 224 ...  76 111 121]
EO_424827.jpg,[222 231 229 ... 223 206 180]
EO_424918.jpg,[165 164 163 ... 231 229 233]
EO_42506.jpg,[233 233 233 ... 196 180 181]
EO_425079.jpg,[235 235 236 ... 235 233 232]
EO_425258.jpg,[234 229 227 ... 235 234 229]
EO_425417.jpg,[232 232 233 ... 237 235 236]
EO_425659.jpg,[131 143 144 ... 177 179 180]
EO_425984.jpg,[163 169 175 ... 233 233 233]
EO_42604.jpg,[213 228 237 ... 235 237 232]
EO_426140.jpg,[233 233 233 ... 233 226 218]
EO_426270.jpg,[222 225 228 ... 231 233 236]
EO_42732.jpg,[228 237 242 ... 227 228 238]
EO_427585.jpg,[180 178 179 ... 231 244 220]
EO_427956.jpg,[229 229 230 ... 182 184 183]
EO_428208.jpg,[233 233 235 ... 173 174 174]
EO_428275.jpg,[208 224 236 ... 219 217 217]
EO_428861.jpg,[236 236 236 ... 170 171 173]
EO_429010.jpg,[233 232 232 ... 228 240 244]
EO_429018.jpg,[234 234 234 ... 183 177 192]
EO_429509.jpg,[237 236 235 ... 228 232 237]
EO_42951.jpg,[232 232 232 ... 230 230 230]
EO_43054.jpg,[226 231 235 ... 231 233 240]
EO_430628.jpg,[239 227 234 ... 234 249 226]
EO_431005.jpg,[235 238 237 ... 231 234 240]
EO_431365.jpg,[234 233 232 ... 234 234 229]
EO_431937.jpg,[244 230 229 ... 234 230 231]
EO_432100.jpg,[195 211 230 ... 228 222 237]
EO_432369.jpg,[237 234 232 ... 231 231 230]
EO_432899.jpg,[191 199 210 ... 230 231 232]
EO_433229.jpg,[238 236 233 ... 230 231 238]
EO_433563.jpg,[231 232 235 ... 233 235 237]
EO_434081.jpg,[221 229 232 ... 236 234 230]
EO_434299.jpg,[229 232 232 ... 228 225 232]
EO_434365.jpg,[232 233 233 ... 200 192 186]
EO_434933.jpg,[233 227 217 ... 233 232 232]
EO_435111.jpg,[235 237 238 ... 234 223 238]
EO_435115.jpg,[231 228 232 ... 233 230 236]
EO_435128.jpg,[232 231 231 ... 175 177 181]
EO_435673.jpg,[237 230 228 ... 239 227 235]
EO_435926.jpg,[147 144 130 ... 142 140 169]
EO_43667.jpg,[236 234 235 ... 229 229 232]
EO_43692.jpg,[183 192 212 ... 116 119 106]
EO_437014.jpg,[233 233 233 ... 189 188 187]
EO_437658.jpg,[175 179 191 ... 188 185 177]
EO_438160.jpg,[233 233 233 ... 236 234 228]
EO_438563.jpg,[239 232 241 ... 231 230 228]
EO_438939.jpg,[191 191 191 ... 150 171 226]
EO_439200.jpg,[228 235 241 ... 230 232 233]
EO_439202.jpg,[192 198 202 ... 218 233 230]
EO_439765.jpg,[234 236 237 ... 220 221 237]
EO_440210.jpg,[227 227 233 ... 236 233 223]
EO_440848.jpg,[228 230 231 ...  92  99 131]
EO_441092.jpg,[229 231 233 ... 243 237 225]
EO_441794.jpg,[235 234 234 ... 231 228 237]
EO_441977.jpg,[235 233 232 ... 229 229 224]
EO_442.jpg,[232 235 235 ... 206 216 226]
EO_442363.jpg,[231 231 232 ... 234 232 231]
EO_442649.jpg,[109 117 111 ... 163 160 157]
EO_442987.jpg,[231 231 231 ... 219 207 199]
EO_44307.jpg,[233 228 230 ... 229 221 215]
EO_443281.jpg,[237 237 237 ... 239 239 234]
EO_443426.jpg,[236 235 240 ... 217 196 179]
EO_443713.jpg,[231 232 233 ... 174 173 175]
EO_444535.jpg,[158 153 152 ... 164 190 197]
EO_444568.jpg,[231 231 232 ... 233 234 234]
EO_444606.jpg,[235 234 231 ... 229 230 230]
EO_444788.jpg,[114 112 102 ... 234 234 234]
EO_445288.jpg,[235 237 238 ...  98 127 158]
EO_445349.jpg,[178 210 234 ... 238 240 243]
EO_445433.jpg,[173 174 187 ... 233 230 218]
EO_445928.jpg,[238 230 230 ... 233 233 233]
EO_446061.jpg,[233 233 233 ... 235 235 233]
EO_446449.jpg,[177 194 217 ... 236 233 232]
EO_446902.jpg,[232 232 232 ... 229 230 233]
EO_447137.jpg,[236 236 230 ... 158 165 183]
EO_447155.jpg,[236 232 234 ... 235 216 200]
EO_447220.jpg,[172 173 173 ... 234 234 233]
EO_44756.jpg,[240 231 227 ... 185 216 232]
EO_447756.jpg,[233 237 234 ... 230 232 234]
EO_447857.jpg,[224 234 227 ... 151 173 194]
EO_448200.jpg,[232 232 232 ... 139 118 112]
EO_448399.jpg,[230 233 227 ... 237 227 237]
EO_448998.jpg,[214 218 203 ... 187 204 211]
EO_449091.jpg,[242 231 225 ... 187 187 190]
EO_449240.jpg,[244 216 172 ... 181 201 223]
EO_449362.jpg,[233 233 233 ... 236 234 232]
EO_449710.jpg,[169 127 111 ... 231 228 234]
EO_449753.jpg,[230 233 235 ... 250 227 225]
EO_450536.jpg,[232 240 229 ... 229 225 222]
EO_451304.jpg,[218 231 238 ... 196 191 189]
EO_451491.jpg,[229 238 236 ... 237 235 228]
EO_451494.jpg,[228 232 236 ... 233 233 229]
EO_452374.jpg,[185 190 205 ... 184 182 176]
EO_452455.jpg,[230 231 232 ... 223 225 224]
EO_452888.jpg,[198 185 176 ... 229 235 239]
EO_45291.jpg,[231 232 235 ... 235 229 234]
EO_452949.jpg,[170 170 170 ... 229 233 235]
EO_453229.jpg,[234 233 233 ... 103 112 164]
EO_453294.jpg,[191 200 214 ... 231 230 236]
EO_453486.jpg,[230 236 236 ... 182 234 232]
EO_453795.jpg,[176 173 170 ... 222 218 227]
EO_453896.jpg,[231 230 230 ... 230 232 234]
EO_454188.jpg,[229 238 231 ... 236 239 239]
EO_454218.jpg,[234 226 174 ... 235 238 221]
EO_454445.jpg,[231 235 236 ... 234 232 230]
EO_454476.jpg,[235 235 235 ... 190 176 185]
EO_454841.jpg,[170 168 168 ... 233 231 231]
EO_455100.jpg,[232 190 169 ... 184 193 198]
EO_455444.jpg,[234 235 232 ... 232 232 233]
EO_455519.jpg,[232 241 234 ... 233 243 232]
EO_455626.jpg,[239 232 230 ... 231 235 239]
EO_455657.jpg,[228 231 237 ... 227 217 205]
EO_455825.jpg,[231 231 231 ... 238 238 226]
EO_455970.jpg,[232 229 226 ... 219 221 224]
EO_456048.jpg,[233 233 232 ... 163 196 207]
EO_456329.jpg,[233 236 236 ... 234 234 235]
EO_456448.jpg,[236 230 234 ... 232 231 231]
EO_456484.jpg,[152 151 153 ...  97 134 218]
EO_45659.jpg,[237 231 227 ... 171 205 207]
EO_45684.jpg,[233 230 229 ... 185 202 219]
EO_456904.jpg,[233 233 233 ... 235 230 222]
EO_457339.jpg,[182 188 201 ... 237 235 229]
EO_457461.jpg,[233 207 147 ... 204 243 228]
EO_457748.jpg,[232 233 233 ... 199 189 183]
EO_457756.jpg,[234 234 234 ... 238 235 233]
EO_457772.jpg,[235 235 235 ... 232 233 233]
EO_457864.jpg,[230 229 201 ... 135 146 154]
EO_458204.jpg,[239 236 233 ... 232 232 232]
EO_458751.jpg,[233 232 232 ... 233 237 224]
EO_458873.jpg,[200 210 223 ... 235 235 234]
EO_459049.jpg,[234 234 234 ... 231 231 234]
EO_459590.jpg,[187 189 203 ... 236 236 236]
EO_460233.jpg,[232 229 227 ... 166 169 172]
EO_460463.jpg,[230 228 231 ... 224 226 231]
EO_460476.jpg,[229 229 228 ... 160 160 154]
EO_460941.jpg,[126 130 119 ... 214 217 220]
EO_461608.jpg,[235 235 234 ... 233 235 235]
EO_461953.jpg,[233 239 239 ... 243 238 221]
EO_462115.jpg,[232 232 232 ... 232 232 232]
EO_462597.jpg,[232 232 232 ... 241 236 235]
EO_462783.jpg,[236 202 177 ... 185 206 236]
EO_462794.jpg,[234 234 235 ... 238 236 230]
EO_463377.jpg,[233 233 233 ... 235 235 235]
EO_46356.jpg,[165 177 176 ... 232 233 235]
EO_463820.jpg,[239 239 238 ... 142 137 138]
EO_464002.jpg,[189 194 208 ... 229 230 236]
EO_464030.jpg,[239 234 232 ... 177 175 178]
EO_464387.jpg,[230 229 238 ... 193 151 137]
EO_464699.jpg,[233 233 233 ... 229 231 233]
EO_464735.jpg,[232 236 240 ... 176 171 163]
EO_465089.jpg,[116 114 109 ... 238 234 236]
EO_466494.jpg,[233 232 234 ... 232 232 234]
EO_466655.jpg,[ 84 112 159 ... 170 167 169]
EO_466882.jpg,[233 234 234 ... 235 236 236]
EO_466996.jpg,[186 185 185 ... 234 234 234]
EO_467442.jpg,[229 233 235 ... 227 229 235]
EO_467461.jpg,[221 231 238 ... 220 202 193]
EO_467859.jpg,[229 236 239 ... 220 215 213]
EO_469045.jpg,[170 170 169 ... 142 156 172]
EO_469322.jpg,[237 235 227 ... 239 237 239]
EO_469614.jpg,[238 234 232 ... 219 203 202]
EO_469714.jpg,[231 233 233 ... 236 241 228]
EO_470500.jpg,[184 187 204 ... 227 233 240]
EO_470840.jpg,[188 196 213 ... 234 234 234]
EO_470880.jpg,[205 200 194 ... 231 233 237]
EO_471446.jpg,[235 235 235 ... 240 240 227]
EO_471626.jpg,[232 235 235 ... 221 219 218]
EO_472616.jpg,[180 187 189 ... 228 221 229]
EO_472619.jpg,[175 171 170 ... 232 232 232]
EO_473251.jpg,[240 228 232 ...  66  86 105]
EO_473693.jpg,[240 220 228 ... 204 206 203]
EO_473743.jpg,[234 234 234 ... 202 183 181]
EO_473999.jpg,[145 133 150 ... 233 233 233]
EO_474075.jpg,[233 233 233 ... 161 149 144]
EO_47420.jpg,[232 232 232 ... 235 236 234]
EO_474344.jpg,[159 162 166 ... 232 233 236]
EO_474537.jpg,[232 236 235 ... 229 232 233]
EO_474938.jpg,[229 231 226 ... 131 161 200]
EO_475336.jpg,[221 230 237 ... 188 206 220]
EO_475446.jpg,[176 184 190 ... 170 217 220]
EO_475490.jpg,[193 193 194 ...  94  98 104]
EO_475510.jpg,[234 234 234 ... 221 195 185]
EO_476034.jpg,[231 234 235 ... 238 241 216]
EO_476186.jpg,[235 234 232 ... 240 232 231]
EO_476251.jpg,[159 165 147 ... 158 229 230]
EO_476571.jpg,[165 174 181 ... 227 224 239]
EO_47754.jpg,[231 236 236 ... 232 234 233]
EO_477622.jpg,[222 222 223 ... 237 230 233]
EO_478083.jpg,[232 232 233 ... 227 226 225]
EO_47816.jpg,[236 234 232 ... 221 228 226]
EO_478403.jpg,[234 239 234 ... 233 229 236]
EO_478414.jpg,[180 181 184 ... 160 172 171]
EO_478891.jpg,[242 231 229 ... 235 235 234]
EO_47902.jpg,[178 183 203 ... 223 240 230]
EO_479520.jpg,[235 235 235 ... 235 236 233]
EO_480614.jpg,[233 233 232 ... 230 231 233]
EO_480622.jpg,[224 224 221 ... 235 237 238]
EO_480632.jpg,[230 236 235 ... 188 182 171]
EO_481364.jpg,[237 233 233 ... 237 222 233]
EO_481425.jpg,[192 193 195 ... 231 231 231]
EO_481640.jpg,[227 236 238 ... 177 185 184]
EO_481654.jpg,[234 234 234 ... 234 234 234]
EO_481680.jpg,[233 235 235 ... 228 218 215]
EO_481692.jpg,[193 192 192 ...  71  50  52]
EO_481757.jpg,[231 232 232 ... 233 232 234]
EO_48196.jpg,[235 229 200 ... 233 234 234]
EO_482215.jpg,[234 234 234 ... 233 234 234]
EO_482398.jpg,[181 184 196 ... 232 220 202]
EO_48254.jpg,[233 233 233 ... 231 231 231]
EO_482568.jpg,[151 151 151 ... 228 236 238]
EO_483350.jpg,[233 234 228 ... 233 224 236]
EO_483355.jpg,[236 221 225 ... 231 234 243]
EO_483445.jpg,[233 239 240 ... 234 234 234]
EO_483625.jpg,[183 196 206 ... 235 234 233]
EO_483703.jpg,[191 187 182 ... 116 127 143]
EO_483841.jpg,[188 189 196 ... 232 224 210]
EO_484252.jpg,[232 232 232 ... 209 204 199]
EO_484601.jpg,[180 187 196 ... 102 166 221]
EO_48474.jpg,[234 234 234 ... 225 219 216]
EO_484849.jpg,[235 228 208 ... 242 230 244]
EO_484926.jpg,[231 233 234 ... 164 144 127]
EO_485156.jpg,[231 232 236 ... 228 233 236]
EO_485347.jpg,[233 234 235 ... 231 231 232]
EO_485580.jpg,[235 231 231 ... 129 157 181]
EO_485946.jpg,[234 234 234 ... 136 138 139]
EO_486026.jpg,[234 234 234 ... 206 203 202]
EO_486066.jpg,[212 163 127 ... 172 173 168]
EO_486225.jpg,[196 198 208 ... 227 229 238]
EO_486340.jpg,[202 128  95 ... 200 230 234]
EO_486480.jpg,[203 144  89 ... 118 161 158]
EO_486747.jpg,[233 233 233 ... 229 222 214]
EO_486757.jpg,[175 159 141 ... 194 189 187]
EO_487054.jpg,[232 242 240 ... 237 234 227]
EO_487107.jpg,[231 230 230 ... 234 234 232]
EO_487468.jpg,[233 234 235 ... 233 234 235]
EO_487653.jpg,[191 205 219 ... 146 139 126]
EO_48767.jpg,[ 93 129 133 ... 228 233 217]
EO_487689.jpg,[234 234 234 ...  48 112 178]
EO_487696.jpg,[235 234 234 ... 237 239 236]
EO_48775.jpg,[215 231 239 ... 234 232 228]
EO_488279.jpg,[237 231 230 ... 237 233 234]
EO_488297.jpg,[237 236 235 ... 230 239 220]
EO_488535.jpg,[199 209 195 ... 228 222 230]
EO_488643.jpg,[208 221 232 ... 232 230 227]
EO_489018.jpg,[182 183 194 ... 227 223 233]
EO_48961.jpg,[236 233 231 ... 240 233 234]
EO_489802.jpg,[164 210 233 ... 229 230 231]
EO_489810.jpg,[232 232 234 ... 232 234 237]
EO_489904.jpg,[235 235 232 ... 240 239 235]
EO_489916.jpg,[233 234 234 ... 230 229 238]
EO_489929.jpg,[209 203 194 ...  89 122 199]
EO_490021.jpg,[175 176 178 ... 232 232 232]
EO_490207.jpg,[173 186 195 ... 194 196 188]
EO_490251.jpg,[233 233 233 ... 228 225 227]
EO_490376.jpg,[232 234 240 ... 211 202 199]
EO_490379.jpg,[169 158 153 ... 207 180 165]
EO_490551.jpg,[245 229 230 ... 231 233 243]
EO_490812.jpg,[237 235 234 ... 208 202 198]
EO_490942.jpg,[237 235 234 ... 236 232 228]
EO_490980.jpg,[233 238 232 ... 223 231 225]
EO_491368.jpg,[224 233 235 ... 228 229 229]
EO_491904.jpg,[235 235 234 ... 228 231 229]
EO_492164.jpg,[226 228 230 ... 237 238 232]
EO_492353.jpg,[235 231 225 ... 233 232 226]
EO_492356.jpg,[232 232 232 ... 238 230 214]
EO_492401.jpg,[235 233 237 ... 232 232 231]
EO_492738.jpg,[156 106  74 ...  71  81  64]
EO_49296.jpg,[234 234 234 ... 238 243 237]
EO_493004.jpg,[236 231 230 ... 200 184 174]
EO_493576.jpg,[231 232 232 ... 181 183 187]
EO_49360.jpg,[163 165 112 ... 164 161 160]
EO_49375.jpg,[218 214 209 ... 231 232 232]
EO_493789.jpg,[174 189 216 ... 231 231 231]
EO_494252.jpg,[238 235 231 ... 231 231 235]
EO_494403.jpg,[240 235 231 ... 231 227 225]
EO_49445.jpg,[190 190 190 ... 187 219 241]
EO_494662.jpg,[236 225 232 ... 231 231 230]
EO_49482.jpg,[233 233 233 ... 149 205 227]
EO_495066.jpg,[238 235 231 ... 240 232 229]
EO_495127.jpg,[159 169 172 ... 236 236 227]
EO_49559.jpg,[ 42  42  45 ... 236 221 237]
EO_495956.jpg,[234 234 234 ... 197 186 191]
EO_496077.jpg,[227 240 238 ... 232 228 233]
EO_496598.jpg,[233 233 232 ... 233 235 236]
EO_496738.jpg,[234 234 234 ... 235 237 236]
EO_496972.jpg,[234 241 241 ... 149 177 206]
EO_497408.jpg,[184 218 222 ... 236 234 234]
EO_498178.jpg,[229 230 231 ... 155 216 239]
EO_498223.jpg,[222 233 237 ... 234 246 234]
EO_49826.jpg,[186 201 219 ... 127 118 109]
EO_498358.jpg,[226 236 237 ... 181 178 181]
EO_499207.jpg,[228 229 230 ... 232 232 232]
EO_499434.jpg,[235 232 231 ... 232 236 230]
EO_499536.jpg,[233 225 229 ... 232 230 227]
EO_49977.jpg,[233 233 233 ... 233 228 236]
EO_499786.jpg,[241 234 230 ... 236 230 219]
EO_500122.jpg,[234 231 233 ... 235 236 232]
EO_500452.jpg,[234 234 234 ... 233 236 234]
EO_500493.jpg,[233 233 233 ... 213 213 214]
EO_500571.jpg,[214 221 225 ... 235 233 235]
EO_500806.jpg,[230 231 232 ...  47  55  65]
EO_501087.jpg,[232 229 233 ... 234 230 230]
EO_501290.jpg,[233 233 233 ... 197 190 185]
EO_501730.jpg,[189 186 186 ... 241 238 226]
EO_503205.jpg,[183 175 179 ... 231 231 232]
EO_503298.jpg,[234 234 234 ... 233 233 233]
EO_504106.jpg,[154 167 194 ... 231 231 231]
EO_504168.jpg,[197 195 176 ... 185 222 224]
EO_504354.jpg,[228 234 234 ... 232 233 230]
EO_504568.jpg,[232 227 224 ... 232 237 242]
EO_504861.jpg,[225 236 234 ... 232 230 233]
EO_504940.jpg,[232 232 232 ... 232 232 232]
EO_5050.jpg,[216 231 238 ... 230 231 237]
EO_505246.jpg,[205 216 224 ... 153 184 187]
EO_505278.jpg,[234 231 231 ... 237 241 227]
EO_505506.jpg,[231 231 231 ... 230 232 235]
EO_505902.jpg,[233 233 233 ... 231 231 231]
EO_506171.jpg,[236 235 234 ... 242 243 224]
EO_506281.jpg,[227 232 236 ... 228 235 228]
EO_506596.jpg,[232 232 232 ...  60 100 204]
EO_506761.jpg,[235 232 230 ... 205 218 232]
EO_50681.jpg,[182 184 185 ... 235 236 236]
EO_506910.jpg,[235 234 234 ... 232 232 233]
EO_507083.jpg,[225 230 236 ... 231 231 231]
EO_507742.jpg,[234 241 235 ... 231 233 235]
EO_508120.jpg,[234 234 234 ... 240 234 229]
EO_508324.jpg,[230 233 213 ... 219 231 229]
EO_508637.jpg,[234 234 234 ... 234 240 229]
EO_508897.jpg,[238 235 231 ... 245 244 230]
EO_50923.jpg,[176 184 197 ... 175 189 202]
EO_509604.jpg,[233 234 235 ... 234 233 231]
EO_510060.jpg,[168 181 194 ...  77 103 159]
EO_510096.jpg,[234 234 233 ... 194 191 190]
EO_510482.jpg,[192 216 218 ... 215 212 216]
EO_511115.jpg,[232 232 232 ... 113 114 124]
EO_511334.jpg,[236 224 229 ... 240 234 229]
EO_511369.jpg,[174 175 176 ... 114 117 131]
EO_51138.jpg,[170 171 173 ... 230 236 233]
EO_511506.jpg,[234 234 234 ... 176 178 182]
EO_512229.jpg,[198 214 232 ... 234 233 233]
EO_512539.jpg,[197 223 226 ... 230 230 234]
EO_512889.jpg,[234 234 234 ... 233 233 233]
EO_512894.jpg,[227 227 227 ... 232 232 232]
EO_513200.jpg,[233 234 235 ... 239 242 219]
EO_513889.jpg,[231 232 232 ... 235 235 235]
EO_514303.jpg,[227 244 234 ... 166 163 164]
EO_514638.jpg,[230 237 239 ... 184 185 183]
EO_514883.jpg,[234 234 234 ... 234 234 234]
EO_515564.jpg,[232 229 233 ... 234 234 233]
EO_515602.jpg,[238 237 235 ... 235 236 234]
EO_51563.jpg,[234 234 234 ... 234 232 230]
EO_515942.jpg,[208 198 211 ... 137 154 173]
EO_516058.jpg,[224 231 233 ... 241 241 231]
EO_516265.jpg,[228 238 238 ... 234 236 234]
EO_516632.jpg,[227 238 240 ... 228 230 230]
EO_516640.jpg,[234 235 235 ... 147 134 113]
EO_516662.jpg,[104 138 149 ... 203 174 178]
EO_517855.jpg,[188 216 230 ... 238 233 229]
EO_518015.jpg,[229 229 230 ... 224 225 226]
EO_51829.jpg,[235 236 235 ... 229 233 237]
EO_519041.jpg,[231 232 233 ... 237 236 232]
EO_519146.jpg,[233 234 221 ... 171 171 172]
EO_519769.jpg,[124  91 118 ... 232 231 231]
EO_519910.jpg,[234 239 237 ... 182 178 176]
EO_520428.jpg,[171 169 169 ... 218 217 216]
EO_520526.jpg,[232 232 232 ... 190 184 185]
EO_520683.jpg,[236 236 233 ... 229 230 237]
EO_520791.jpg,[200 199 197 ... 233 233 233]
EO_520850.jpg,[195 198 186 ... 214 226 225]
EO_521034.jpg,[168 179 179 ... 167 206 227]
EO_521046.jpg,[228 238 243 ... 228 212 193]
EO_521097.jpg,[233 233 233 ... 232 235 238]
EO_521159.jpg,[203 227 236 ... 233 235 236]
EO_521292.jpg,[231 236 224 ... 234 234 234]
EO_522232.jpg,[116 133 153 ... 235 235 236]
EO_522315.jpg,[227 225 221 ... 232 235 245]
EO_522755.jpg,[177 204 230 ... 232 232 230]
EO_523268.jpg,[177 176 173 ... 233 234 234]
EO_523473.jpg,[234 233 229 ... 176 175 172]
EO_523868.jpg,[182 178 177 ... 231 238 238]
EO_524469.jpg,[216 216 217 ... 230 234 233]
EO_524648.jpg,[235 236 237 ... 235 235 229]
EO_524854.jpg,[234 233 232 ... 230 229 229]
EO_525056.jpg,[238 237 236 ... 238 239 237]
EO_525311.jpg,[230 232 234 ... 227 232 237]
EO_52578.jpg,[173 169 169 ... 123 125 119]
EO_526125.jpg,[231 231 231 ... 117  95 108]
EO_526407.jpg,[233 233 233 ... 230 232 232]
EO_526408.jpg,[152 121 123 ... 175 182 169]
EO_526434.jpg,[239 222 229 ... 224 199 195]
EO_526573.jpg,[175 170 164 ... 112 116 129]
EO_526624.jpg,[239 232 230 ... 241 236 229]
EO_526929.jpg,[180 187 212 ... 233 235 237]
EO_527213.jpg,[224 228 247 ... 229 226 239]
EO_527321.jpg,[230 232 234 ... 189 184 182]
EO_527485.jpg,[232 233 233 ... 235 236 229]
EO_527490.jpg,[233 233 233 ... 163 162 160]
EO_528469.jpg,[142 148 141 ... 230 216 193]
EO_528572.jpg,[237 234 233 ... 162 158 162]
EO_528889.jpg,[230 229 230 ... 230 230 231]
EO_529022.jpg,[238 234 231 ... 232 241 225]
EO_529065.jpg,[234 233 233 ... 232 232 232]
EO_529391.jpg,[233 233 233 ... 230 231 232]
EO_529477.jpg,[232 232 232 ... 170 170 169]
EO_529831.jpg,[234 233 232 ... 231 231 226]
EO_529838.jpg,[233 234 234 ... 226 211 197]
EO_53024.jpg,[229 233 235 ... 156 161 188]
EO_530891.jpg,[235 232 233 ... 234 234 234]
EO_531152.jpg,[233 233 233 ... 232 232 232]
EO_531157.jpg,[235 235 235 ... 170 175 186]
EO_531180.jpg,[183 179 178 ... 231 229 237]
EO_531455.jpg,[190 195 199 ... 235 235 234]
EO_531647.jpg,[226 229 232 ... 234 234 234]
EO_532436.jpg,[227 239 238 ... 220 224 241]
EO_532512.jpg,[232 237 234 ... 234 237 239]
EO_533258.jpg,[ 91  87  96 ... 173 174 175]
EO_533476.jpg,[234 231 231 ... 175 167 172]
EO_533757.jpg,[231 233 233 ... 184 181 175]
EO_533759.jpg,[240 231 232 ... 240 236 237]
EO_533774.jpg,[210 222 235 ... 143 141 143]
EO_534414.jpg,[217 227 235 ... 230 232 234]
EO_534614.jpg,[227 231 232 ... 233 233 233]
EO_53483.jpg,[224 224 224 ... 178 179 180]
EO_535035.jpg,[234 231 225 ... 232 232 232]
EO_535165.jpg,[184 207 228 ... 234 234 234]
EO_535432.jpg,[237 234 231 ... 227 232 228]
EO_535577.jpg,[193 198 203 ... 167 113  96]
EO_536245.jpg,[231 232 233 ... 237 239 226]
EO_536327.jpg,[236 231 230 ... 108 126 155]
EO_5364.jpg,[234 234 234 ... 195 190 191]
EO_536417.jpg,[167 171 176 ... 229 225 242]
EO_536707.jpg,[170 164 172 ... 235 231 234]
EO_536854.jpg,[228 227 227 ... 231 233 234]
EO_537047.jpg,[177 176 175 ... 117 110  89]
EO_537164.jpg,[234 234 234 ... 186 191 195]
EO_537381.jpg,[236 235 234 ... 231 221 239]
EO_537580.jpg,[234 234 234 ... 188 190 191]
EO_537669.jpg,[237 235 232 ... 151 142 131]
EO_538351.jpg,[233 230 228 ... 230 228 241]
EO_538680.jpg,[228 247 174 ... 231 231 231]
EO_538813.jpg,[235 226 236 ... 183 188 195]
EO_538821.jpg,[228 232 223 ... 233 233 233]
EO_539468.jpg,[231 235 238 ... 212 226 247]
EO_539969.jpg,[179 188 206 ... 232 231 236]
EO_540748.jpg,[228 232 237 ... 229 231 235]
EO_541020.jpg,[231 230 229 ... 229 231 234]
EO_54103.jpg,[237 236 234 ... 235 235 235]
EO_542847.jpg,[235 235 235 ... 206 206 204]
EO_542874.jpg,[234 233 233 ... 233 233 235]
EO_542933.jpg,[234 211 231 ... 249 240 234]
EO_543030.jpg,[216 219 221 ... 184 189 194]
EO_543746.jpg,[228 232 235 ...  36 111 205]
EO_544087.jpg,[232 232 232 ... 232 233 234]
EO_544153.jpg,[171 171 170 ...  97  77 111]
EO_544538.jpg,[224 234 240 ... 184 181 178]
EO_544788.jpg,[234 234 234 ... 233 233 233]
EO_544830.jpg,[234 231 231 ... 234 234 233]
EO_545062.jpg,[235 230 235 ... 235 235 235]
EO_545473.jpg,[152 152 152 ... 136 135 137]
EO_545808.jpg,[234 231 230 ... 237 231 227]
EO_545985.jpg,[233 233 233 ... 231 234 227]
EO_546748.jpg,[191 212 235 ... 187 235 229]
EO_54678.jpg,[237 222 212 ... 218 229 229]
EO_54685.jpg,[221 222 223 ... 132 148 175]
EO_547464.jpg,[231 230 227 ... 226 220 236]
EO_547489.jpg,[228 232 233 ... 235 234 233]
EO_547565.jpg,[234 234 234 ... 236 236 235]
EO_547729.jpg,[235 234 235 ... 232 234 232]
EO_548205.jpg,[238 219 203 ... 142 153 131]
EO_548290.jpg,[220 220 213 ... 173 174 184]
EO_548421.jpg,[200 205 238 ...  99 110 126]
EO_548865.jpg,[ 64  51  45 ... 231 234 232]
EO_548873.jpg,[234 234 234 ... 239 232 234]
EO_549367.jpg,[229 235 238 ... 230 234 241]
EO_549513.jpg,[232 232 232 ... 158 180 227]
EO_549577.jpg,[232 226 217 ... 230 231 231]
EO_549758.jpg,[232 234 236 ... 239 234 223]
EO_55090.jpg,[32 58 76 ... 50 39 51]
EO_550911.jpg,[177 179 186 ... 216 222 234]
EO_551483.jpg,[231 227 230 ... 188 184 179]
EO_551490.jpg,[235 236 237 ... 232 238 236]
EO_551504.jpg,[228 234 237 ... 240 238 231]
EO_551894.jpg,[232 232 232 ... 231 229 229]
EO_551942.jpg,[237 237 234 ... 233 233 233]
EO_552117.jpg,[233 233 233 ... 238 223 224]
EO_552215.jpg,[234 232 230 ... 238 235 228]
EO_552330.jpg,[232 232 231 ... 137 185 223]
EO_552623.jpg,[231 237 236 ... 164 161 167]
EO_552660.jpg,[234 218 230 ... 236 228 228]
EO_552873.jpg,[222 251 233 ... 220 212 204]
EO_553108.jpg,[235 237 237 ... 231 229 240]
EO_553112.jpg,[233 234 235 ... 131 159 176]
EO_553205.jpg,[239 229 230 ... 233 234 238]
EO_553315.jpg,[189 199 215 ... 229 227 234]
EO_553328.jpg,[202 234 224 ... 194 191 189]
EO_553474.jpg,[236 229 229 ... 240 232 225]
EO_553758.jpg,[231 233 235 ... 181 183 191]
EO_553880.jpg,[233 234 236 ... 234 235 232]
EO_553969.jpg,[231 231 230 ... 232 232 232]
EO_5540.jpg,[236 229 223 ... 171 172 174]
EO_554176.jpg,[233 242 229 ... 225 215 194]
EO_554617.jpg,[225 233 238 ... 231 228 239]
EO_554725.jpg,[236 235 234 ... 234 234 233]
EO_554820.jpg,[222 234 233 ... 107 116 127]
EO_554939.jpg,[233 235 238 ... 237 231 236]
EO_55519.jpg,[231 232 235 ... 225 232 231]
EO_555484.jpg,[234 234 234 ... 247 225 243]
EO_555907.jpg,[233 227 210 ... 171 183 166]
EO_556235.jpg,[233 233 232 ... 155 155 153]
EO_55694.jpg,[229 236 235 ... 177 215 203]
EO_557445.jpg,[189 195 209 ... 135 171 189]
EO_557765.jpg,[229 236 237 ... 236 231 231]
EO_557935.jpg,[201 217 232 ... 234 232 230]
EO_557988.jpg,[182 184 189 ... 235 249 233]
EO_55803.jpg,[126 123 131 ... 223 215 213]
EO_558546.jpg,[226 236 233 ... 232 232 229]
EO_558714.jpg,[169 171 172 ... 230 230 225]
EO_55874.jpg,[228 232 236 ... 232 230 233]
EO_559117.jpg,[237 228 230 ... 229 231 233]
EO_559297.jpg,[158 153 156 ... 235 231 234]
EO_560727.jpg,[232 232 235 ... 199 189 176]
EO_560821.jpg,[232 231 237 ... 235 237 237]
EO_561010.jpg,[232 232 232 ... 237 230 232]
EO_56116.jpg,[156 151 149 ... 232 228 235]
EO_561743.jpg,[234 235 237 ... 218 217 206]
EO_562066.jpg,[234 233 229 ... 227 229 230]
EO_562173.jpg,[233 234 235 ... 186 170 166]
EO_563139.jpg,[232 235 236 ... 233 219 200]
EO_56353.jpg,[235 235 235 ... 229 226 238]
EO_564456.jpg,[233 233 233 ...  92  91 130]
EO_564833.jpg,[233 230 241 ... 239 233 237]
EO_565002.jpg,[234 234 234 ... 239 232 245]
EO_565060.jpg,[235 235 235 ... 245 233 225]
EO_565158.jpg,[233 231 234 ... 234 233 230]
EO_565721.jpg,[232 222 219 ... 180 177 176]
EO_566341.jpg,[178 177 177 ... 139 179 218]
EO_566829.jpg,[233 230 230 ... 224 228 237]
EO_567875.jpg,[222 231 235 ... 223 226 234]
EO_568062.jpg,[239 232 235 ... 234 236 235]
EO_568586.jpg,[231 236 237 ... 229 215 197]
EO_568828.jpg,[228 228 228 ... 170 172 167]
EO_568882.jpg,[223 226 228 ... 236 244 230]
EO_569107.jpg,[201 153 127 ... 226 232 239]
EO_569294.jpg,[233 233 233 ... 233 233 234]
EO_569320.jpg,[212 218 221 ... 213 210 210]
EO_569620.jpg,[128 140 148 ... 189 197 193]
EO_569742.jpg,[231 242 230 ... 233 232 236]
EO_569992.jpg,[147 157 165 ... 157 146 141]
EO_570111.jpg,[231 230 230 ... 231 231 231]
EO_570277.jpg,[233 233 234 ... 228 224 230]
EO_570709.jpg,[202 203 193 ... 234 234 235]
EO_571184.jpg,[233 233 233 ... 235 232 229]
EO_571485.jpg,[232 232 232 ... 112 138 198]
EO_571493.jpg,[233 233 233 ... 218 233 237]
EO_57183.jpg,[234 234 234 ... 234 234 233]
EO_572068.jpg,[164 160 159 ... 235 233 234]
EO_572260.jpg,[236 236 236 ... 234 234 234]
EO_573590.jpg,[195 204 202 ... 231 231 231]
EO_573632.jpg,[236 230 237 ... 229 230 237]
EO_574803.jpg,[235 231 232 ... 203 194 192]
EO_574965.jpg,[228 238 239 ... 206 193 182]
EO_575404.jpg,[233 233 233 ... 229 222 240]
EO_575434.jpg,[213 213 213 ... 214 214 214]
EO_575793.jpg,[118 107  92 ... 230 224 230]
EO_575911.jpg,[231 231 231 ... 233 233 241]
EO_575935.jpg,[235 232 230 ... 219 214 210]
EO_576430.jpg,[235 235 235 ... 235 235 235]
EO_577498.jpg,[199 193 188 ...  94 148 220]
EO_577804.jpg,[238 228 226 ... 232 232 232]
EO_577819.jpg,[234 234 234 ... 238 236 238]
EO_577940.jpg,[207 221 236 ... 233 230 237]
EO_578411.jpg,[223 223 223 ... 233 233 232]
EO_578965.jpg,[233 233 232 ... 232 232 235]
EO_57907.jpg,[212 218 223 ... 206 198 196]
EO_579119.jpg,[216 226 233 ... 231 236 238]
EO_579284.jpg,[232 232 232 ... 205 233 240]
EO_579311.jpg,[208 228 238 ... 165 162 159]
EO_579598.jpg,[118 147 152 ... 233 233 233]
EO_579761.jpg,[237 234 231 ... 235 235 235]
EO_580259.jpg,[237 230 238 ... 233 234 235]
EO_580287.jpg,[229 236 238 ... 234 233 233]
EO_580753.jpg,[236 235 233 ... 234 234 234]
EO_580802.jpg,[227 241 242 ... 243 232 233]
EO_580840.jpg,[222 233 239 ... 226 226 229]
EO_581311.jpg,[121 127 159 ... 184 189 197]
EO_581439.jpg,[232 231 231 ... 232 231 230]
EO_581610.jpg,[178 197 217 ... 181 184 185]
EO_581765.jpg,[233 233 233 ... 231 230 230]
EO_581948.jpg,[234 234 234 ... 198 194 190]
EO_582429.jpg,[232 232 232 ... 241 239 237]
EO_582679.jpg,[235 228 232 ... 235 227 216]
EO_582920.jpg,[233 233 234 ... 233 233 233]
EO_582940.jpg,[234 233 231 ... 193 189 182]
EO_582948.jpg,[231 235 238 ... 230 212 200]
EO_583076.jpg,[166 188 217 ... 231 240 233]
EO_583142.jpg,[229 229 228 ... 231 230 234]
EO_583175.jpg,[229 232 223 ... 156 173 194]
EO_583633.jpg,[234 234 234 ... 235 233 229]
EO_583733.jpg,[211 217 226 ... 207 234 234]
EO_583797.jpg,[236 232 230 ... 229 230 236]
EO_583880.jpg,[232 232 232 ... 233 231 230]
EO_583975.jpg,[233 233 233 ... 235 213 187]
EO_585427.jpg,[232 230 227 ... 171 167 168]
EO_58611.jpg,[175 174 177 ... 236 234 228]
EO_586118.jpg,[225 234 238 ... 165 161 168]
EO_586198.jpg,[234 234 234 ...  83 101 133]
EO_586528.jpg,[233 233 233 ... 232 237 227]
EO_586643.jpg,[234 235 233 ... 167 163 164]
EO_587264.jpg,[234 235 235 ... 225 205 185]
EO_587998.jpg,[234 234 234 ... 233 234 235]
EO_588367.jpg,[235 234 232 ... 173 172 167]
EO_588423.jpg,[224 216 182 ... 230 217 204]
EO_589553.jpg,[182 185 199 ... 234 234 234]
EO_589574.jpg,[183 182 190 ... 231 234 237]
EO_589594.jpg,[237 233 232 ... 231 236 233]
EO_589782.jpg,[238 234 236 ... 236 239 234]
EO_589850.jpg,[133 156 142 ... 234 239 235]
EO_589890.jpg,[219 226 229 ... 230 233 235]
EO_589907.jpg,[177 185 192 ... 162 170  87]
EO_590420.jpg,[233 233 234 ... 165 163 162]
EO_590431.jpg,[239 238 236 ... 230 243 232]
EO_591060.jpg,[180 180 182 ... 240 232 233]
EO_59160.jpg,[233 231 227 ... 224 234 234]
EO_591729.jpg,[233 233 233 ... 230 236 230]
EO_592257.jpg,[234 234 234 ... 236 234 223]
EO_592357.jpg,[233 238 237 ... 235 235 234]
EO_592605.jpg,[203 217 231 ... 231 232 235]
EO_593837.jpg,[167 177 192 ... 232 233 233]
EO_594333.jpg,[241 236 236 ... 165 168 168]
EO_594721.jpg,[201 216 223 ... 235 229 223]
EO_594816.jpg,[237 234 235 ... 122 104 121]
EO_595397.jpg,[227 235 225 ... 229 227 226]
EO_596214.jpg,[231 232 234 ... 229 233 241]
EO_596736.jpg,[232 232 232 ... 195 189 183]
EO_596923.jpg,[234 234 233 ... 228 231 236]
EO_597199.jpg,[232 232 232 ... 229 229 229]
EO_597403.jpg,[236 222 231 ... 240 226 235]
EO_598317.jpg,[234 234 234 ... 233 233 233]
EO_599188.jpg,[236 235 234 ... 236 228 232]
EO_599236.jpg,[236 233 230 ... 233 232 229]
EO_599275.jpg,[168 173 178 ... 181 172 170]
EO_600107.jpg,[163 164 163 ... 201 217 232]
EO_60036.jpg,[233 233 229 ... 233 235 234]
EO_601402.jpg,[229 244 239 ... 233 228 237]
EO_601688.jpg,[183 181 177 ... 227 227 227]
EO_602651.jpg,[238 228 232 ... 232 224 237]
EO_602720.jpg,[233 232 236 ... 235 238 237]
EO_602757.jpg,[236 238 239 ... 232 233 234]
EO_603094.jpg,[211 170 104 ... 169 176 183]
EO_603195.jpg,[233 232 231 ... 242 239 230]
EO_603252.jpg,[181 183 185 ... 183 185 186]
EO_603440.jpg,[225 235 239 ... 192 188 192]
EO_603827.jpg,[238 230 233 ... 178 202 228]
EO_604677.jpg,[213 228 240 ... 232 237 228]
EO_60532.jpg,[237 235 233 ... 206 194 192]
EO_605920.jpg,[235 236 233 ... 235 225 245]
EO_605990.jpg,[231 233 238 ... 227 231 234]
EO_606051.jpg,[242 227 236 ... 233 234 234]
EO_606125.jpg,[232 232 232 ... 230 231 232]
EO_606244.jpg,[235 234 233 ... 232 229 236]
EO_606347.jpg,[233 234 233 ... 231 234 228]
EO_606430.jpg,[229 230 232 ... 229 232 231]
EO_606439.jpg,[228 231 233 ... 223 230 234]
EO_606513.jpg,[226 235 238 ... 225 214 208]
EO_606687.jpg,[224 234 237 ... 235 235 231]
EO_606717.jpg,[233 234 235 ... 234 234 235]
EO_606776.jpg,[228 233 235 ... 226 228 231]
EO_606806.jpg,[234 234 234 ... 235 235 235]
EO_606814.jpg,[232 239 241 ... 233 228 224]
EO_607458.jpg,[234 234 234 ... 133 150 177]
EO_607566.jpg,[231 234 232 ... 236 233 230]
EO_608062.jpg,[232 235 234 ... 236 232 241]
EO_608347.jpg,[178 181 183 ... 196 191 183]
EO_609046.jpg,[233 234 235 ... 233 224 214]
EO_60905.jpg,[238 236 238 ... 189 193 200]
EO_609060.jpg,[232 232 232 ... 115  91  78]
EO_6091.jpg,[234 232 236 ... 237 230 234]
EO_609494.jpg,[235 232 231 ... 234 234 236]
EO_609525.jpg,[233 232 234 ... 215 206 197]
EO_609630.jpg,[236 234 232 ... 233 240 239]
EO_609731.jpg,[230 235 235 ... 178 178 177]
EO_60977.jpg,[230 235 235 ... 231 233 231]
EO_610425.jpg,[231 227 217 ... 134 153 179]
EO_610906.jpg,[223 241 236 ... 236 232 240]
EO_610957.jpg,[233 237 227 ... 232 233 241]
EO_611081.jpg,[168 162 162 ... 236 234 229]
EO_611367.jpg,[226 248 234 ... 136 180 230]
EO_611719.jpg,[204 216 228 ... 234 233 233]
EO_611899.jpg,[231 235 238 ... 190 209 216]
EO_612226.jpg,[160 156 166 ...  59  89 159]
EO_612498.jpg,[150 119 139 ... 198 216 231]
EO_61251.jpg,[125 145 150 ... 233 233 233]
EO_612669.jpg,[237 232 235 ... 160 166 152]
EO_612890.jpg,[184 187 190 ... 237 234 230]
EO_613088.jpg,[235 231 229 ... 182 158 138]
EO_613295.jpg,[236 239 236 ... 239 239 231]
EO_61374.jpg,[233 222 225 ... 233 228 246]
EO_614252.jpg,[234 232 239 ... 207 201 195]
EO_614304.jpg,[233 233 233 ... 242 235 237]
EO_614405.jpg,[234 234 234 ... 235 234 230]
EO_614883.jpg,[177 201 226 ... 229 231 233]
EO_615294.jpg,[242 233 227 ... 231 232 235]
EO_615464.jpg,[232 233 233 ... 181 178 187]
EO_615642.jpg,[139 145 176 ... 109 141 155]
EO_615750.jpg,[234 234 234 ... 146 146 149]
EO_61615.jpg,[232 231 230 ... 230 224 231]
EO_616202.jpg,[243 240 236 ...  71 135 175]
EO_616716.jpg,[184 189 212 ... 231 229 239]
EO_616795.jpg,[229 229 229 ... 235 234 233]
EO_617981.jpg,[229 235 236 ... 202 209 216]
EO_618199.jpg,[232 232 232 ... 237 237 238]
EO_618577.jpg,[217 226 233 ... 232 232 232]
EO_61876.jpg,[229 227 226 ... 229 228 228]
EO_618763.jpg,[230 233 238 ... 166 181 212]
EO_618774.jpg,[233 236 236 ... 232 228 230]
EO_618837.jpg,[177 188 200 ... 198 220 223]
EO_619367.jpg,[242 233 230 ... 231 235 232]
EO_619508.jpg,[153 142 148 ... 172 182 190]
EO_619509.jpg,[234 234 234 ... 232 230 231]
EO_620469.jpg,[226 229 232 ... 229 230 234]
EO_620959.jpg,[165 169 172 ... 231 231 231]
EO_62120.jpg,[186 191 199 ... 187 185 182]
EO_621337.jpg,[230 238 246 ... 238 233 240]
EO_621367.jpg,[233 233 234 ... 147 147 148]
EO_621495.jpg,[238 229 234 ... 207 219 205]
EO_621854.jpg,[231 231 234 ... 158 155 156]
EO_62286.jpg,[233 232 240 ... 239 235 229]
EO_623568.jpg,[236 234 232 ... 238 242 243]
EO_624586.jpg,[233 230 234 ...  68  62  52]
EO_624675.jpg,[236 232 233 ... 234 233 228]
EO_624887.jpg,[231 239 228 ...  58  95 137]
EO_625432.jpg,[228 233 239 ... 219 211 199]
EO_625560.jpg,[234 234 234 ... 234 235 236]
EO_625643.jpg,[235 235 232 ... 237 236 233]
EO_625665.jpg,[234 229 237 ... 234 234 239]
EO_625835.jpg,[234 236 236 ... 197 189 182]
EO_625983.jpg,[233 234 236 ... 238 228 238]
EO_626307.jpg,[226 233 239 ... 231 234 236]
EO_626311.jpg,[232 235 236 ... 229 230 231]
EO_626322.jpg,[234 234 234 ... 239 231 233]
EO_626837.jpg,[228 234 233 ... 235 234 234]
EO_626851.jpg,[240 239 236 ... 230 232 237]
EO_627519.jpg,[234 234 234 ... 169 221 240]
EO_627603.jpg,[233 234 231 ... 191 194 199]
EO_627671.jpg,[207 207 205 ... 234 234 234]
EO_62793.jpg,[234 234 233 ... 232 232 233]
EO_628783.jpg,[235 236 241 ... 235 234 241]
EO_629662.jpg,[222 238 245 ... 206 181 171]
EO_630009.jpg,[224 154 122 ...  62 145 150]
EO_630492.jpg,[214 214 215 ... 233 228 220]
EO_630551.jpg,[233 233 233 ... 168 166 165]
EO_630646.jpg,[234 230 233 ... 247 232 232]
EO_630713.jpg,[155 164 170 ... 227 231 226]
EO_63106.jpg,[231 236 205 ... 233 235 232]
EO_63145.jpg,[232 243 237 ... 172 174 176]
EO_631496.jpg,[232 234 236 ...  93 143 199]
EO_631783.jpg,[234 233 233 ... 215 200 195]
EO_631978.jpg,[221 229 235 ... 182 183 184]
EO_632079.jpg,[234 234 234 ... 234 234 234]
EO_633307.jpg,[230 230 229 ...  56 139 240]
EO_633427.jpg,[238 230 230 ... 225 209 194]
EO_633545.jpg,[172 173 175 ... 112 138 169]
EO_633597.jpg,[235 236 237 ... 234 226 242]
EO_633663.jpg,[233 233 233 ... 155 168 165]
EO_634127.jpg,[156 155 159 ... 204 183 173]
EO_634711.jpg,[167 166 166 ... 232 232 232]
EO_634772.jpg,[233 231 230 ... 224 225 234]
EO_634809.jpg,[229 236 233 ... 171 185 211]
EO_635751.jpg,[202 191 184 ... 158 147 125]
EO_63600.jpg,[231 226 226 ... 232 232 233]
EO_636396.jpg,[185 201 220 ... 235 232 233]
EO_636677.jpg,[232 232 236 ... 229 225 227]
EO_636728.jpg,[234 234 234 ... 231 232 233]
EO_637008.jpg,[233 234 234 ... 232 222 202]
EO_637854.jpg,[233 233 233 ... 229 234 230]
EO_637980.jpg,[234 234 234 ... 229 231 233]
EO_638125.jpg,[238 232 235 ... 233 234 238]
EO_638828.jpg,[ 79  41  37 ... 114  89  77]
EO_639559.jpg,[143 113 102 ... 231 235 222]
EO_640834.jpg,[234 234 233 ... 160 168 173]
EO_641173.jpg,[222 214 171 ... 235 223 234]
EO_641313.jpg,[160 167 135 ... 128 149 172]
EO_641431.jpg,[230 234 234 ... 196 190 184]
EO_641461.jpg,[234 234 233 ... 188 214 222]
EO_641852.jpg,[236 234 232 ... 232 234 236]
EO_641939.jpg,[226 229 232 ... 234 234 235]
EO_641941.jpg,[207 224 238 ... 176 180 184]
EO_642065.jpg,[185 183 191 ... 174 176 180]
EO_642190.jpg,[220 215 210 ... 143 157 156]
EO_642349.jpg,[232 233 235 ... 234 234 234]
EO_642604.jpg,[172 172 178 ... 215 228 227]
EO_642785.jpg,[232 232 233 ... 229 212 195]
EO_642798.jpg,[233 234 235 ... 231 231 230]
EO_642891.jpg,[218 227 234 ... 230 232 233]
EO_643199.jpg,[232 232 232 ... 150 150 157]
EO_643332.jpg,[162 164 167 ... 227 220 210]
EO_644027.jpg,[228 235 234 ... 233 229 222]
EO_644374.jpg,[212 212 211 ... 226 224 248]
EO_64440.jpg,[238 235 232 ... 213 211 209]
EO_644490.jpg,[234 234 234 ... 243 229 233]
EO_645275.jpg,[219 217 215 ... 232 231 230]
EO_64531.jpg,[233 233 233 ... 234 234 235]
EO_645334.jpg,[235 231 234 ... 231 227 232]
EO_645824.jpg,[232 232 232 ... 155 192 238]
EO_646720.jpg,[173 171 170 ... 233 231 236]
EO_646765.jpg,[182 175 184 ... 237 242 229]
EO_647323.jpg,[227 233 234 ... 231 222 211]
EO_647876.jpg,[232 234 235 ... 175 167 168]
EO_647911.jpg,[234 239 237 ... 230 239 228]
EO_648175.jpg,[229 232 236 ... 227 230 235]
EO_648206.jpg,[241 228 232 ... 228 230 245]
EO_648225.jpg,[230 231 232 ... 169 174 182]
EO_648641.jpg,[231 232 232 ... 229 230 233]
EO_6489.jpg,[233 232 232 ... 228 214 202]
EO_648933.jpg,[179 189 203 ... 226 229 224]
EO_648962.jpg,[227 226 216 ... 233 233 233]
EO_649430.jpg,[180 168 194 ... 229 233 234]
EO_649696.jpg,[233 233 233 ... 216 241 233]
EO_649723.jpg,[238 232 230 ... 231 231 231]
EO_649946.jpg,[224 224 224 ... 225 222 220]
EO_649958.jpg,[234 233 235 ... 235 236 234]
EO_650034.jpg,[221 222 225 ... 233 235 236]
EO_650071.jpg,[234 233 232 ... 233 233 234]
EO_650226.jpg,[198 200 202 ... 242 236 236]
EO_650903.jpg,[238 230 234 ... 235 239 238]
EO_651122.jpg,[233 226 233 ... 163 206 233]
EO_651241.jpg,[171 161 163 ... 236 235 233]
EO_651676.jpg,[232 232 232 ... 233 234 232]
EO_651856.jpg,[233 237 240 ... 233 235 239]
EO_652099.jpg,[231 233 234 ... 164 167 171]
EO_652278.jpg,[175 187 204 ... 238 233 236]
EO_652285.jpg,[233 233 232 ... 226 232 236]
EO_652411.jpg,[226 236 231 ... 233 230 227]
EO_652542.jpg,[183 202 224 ... 194 185 190]
EO_652701.jpg,[228 237 241 ... 173 169 164]
EO_65339.jpg,[232 233 233 ... 182 186 182]
EO_655132.jpg,[157 177 179 ... 233 232 231]
EO_655234.jpg,[185 174 145 ... 216 243 222]
EO_655398.jpg,[238 228 231 ... 232 234 236]
EO_65638.jpg,[232 233 235 ... 174 167 170]
EO_656959.jpg,[233 233 233 ...  92 116 180]
EO_657178.jpg,[158 159 166 ... 233 233 232]
EO_657449.jpg,[237 235 233 ... 207 195 188]
EO_657836.jpg,[228 235 240 ... 241 235 231]
EO_657993.jpg,[220 226 228 ... 128 130 132]
EO_658500.jpg,[233 233 234 ... 228 224 235]
EO_658954.jpg,[222 227 231 ... 106 119 165]
EO_659213.jpg,[209 207 206 ... 219 213 204]
EO_659964.jpg,[237 236 232 ... 225 218 207]
EO_660308.jpg,[228 233 233 ... 230 222 214]
EO_660594.jpg,[232 242 228 ... 121 112 117]
EO_660629.jpg,[234 240 232 ... 123 126 133]
EO_660837.jpg,[231 237 237 ... 231 226 234]
EO_661088.jpg,[185 192 207 ... 238 233 231]
EO_661159.jpg,[183 178 173 ... 227 207 200]
EO_661288.jpg,[180 179 177 ... 143 126 107]
EO_661478.jpg,[234 233 232 ... 181 174 171]
EO_661771.jpg,[233 233 233 ... 155 157 162]
EO_662683.jpg,[235 237 237 ... 204 208 205]
EO_662825.jpg,[237 234 229 ... 233 231 228]
EO_663258.jpg,[225 238 240 ... 161 160 165]
EO_663412.jpg,[234 234 234 ... 236 226 234]
EO_663448.jpg,[237 233 230 ... 162 154 152]
EO_663635.jpg,[156 152 156 ... 231 225 243]
EO_663939.jpg,[234 231 234 ... 229 228 232]
EO_66408.jpg,[238 233 244 ... 179 181 186]
EO_664204.jpg,[170 219 232 ... 217 215 213]
EO_664535.jpg,[205 177 137 ... 161 169 186]
EO_665644.jpg,[235 233 233 ... 202 198 196]
EO_665649.jpg,[235 234 232 ... 232 229 226]
EO_66567.jpg,[234 236 238 ... 201 190 181]
EO_665862.jpg,[229 231 233 ... 177 177 181]
EO_66597.jpg,[238 231 229 ... 228 229 232]
EO_666039.jpg,[230 233 237 ... 240 228 233]
EO_666333.jpg,[185 176 175 ... 244 240 218]
EO_666938.jpg,[209 205 184 ... 204 211 220]
EO_666951.jpg,[234 234 234 ... 100  93 125]
EO_667158.jpg,[233 230 229 ... 232 232 232]
EO_667264.jpg,[232 223 228 ... 234 234 233]
EO_667326.jpg,[169 168 166 ... 233 233 231]
EO_668438.jpg,[190 191 191 ... 232 232 232]
EO_66860.jpg,[231 238 238 ... 177 177 178]
EO_668693.jpg,[235 234 232 ... 207 235 234]
EO_668711.jpg,[227 230 235 ... 209 211 218]
EO_669175.jpg,[234 234 234 ... 233 235 232]
EO_669194.jpg,[234 232 232 ... 236 233 231]
EO_669373.jpg,[227 227 227 ... 233 235 238]
EO_669459.jpg,[227 235 239 ... 231 231 232]
EO_669531.jpg,[232 232 232 ... 221 218 215]
EO_669624.jpg,[215 208 209 ... 222 216 217]
EO_66965.jpg,[232 235 236 ... 228 230 233]
EO_669676.jpg,[223 227 232 ... 216 197 184]
EO_670082.jpg,[216 201 179 ...  82  73  73]
EO_670733.jpg,[234 234 234 ... 213 229 238]
EO_67081.jpg,[229 234 235 ... 205 196 192]
EO_671068.jpg,[170 172 174 ... 160 169 214]
EO_671075.jpg,[226 229 232 ... 230 231 240]
EO_671354.jpg,[225 237 233 ... 233 233 231]
EO_671358.jpg,[233 172 138 ... 172 171 165]
EO_671419.jpg,[226 229 230 ... 230 229 234]
EO_673106.jpg,[188 177 174 ... 229 237 241]
EO_67379.jpg,[233 231 236 ... 230 229 233]
EO_673822.jpg,[240 230 228 ... 211 223 232]
EO_673897.jpg,[234 233 231 ... 231 231 234]
EO_673984.jpg,[206 223 232 ... 231 230 236]
EO_674236.jpg,[178 194 210 ... 220 200 192]
EO_674352.jpg,[222 237 240 ... 105 106 108]
EO_674701.jpg,[229 237 238 ... 230 233 236]
EO_675086.jpg,[164 160 154 ... 166 163 162]
EO_675600.jpg,[235 232 224 ... 226 237 236]
EO_675962.jpg,[237 233 231 ... 173 172 177]
EO_676281.jpg,[233 234 235 ... 233 236 227]
EO_676351.jpg,[168 173 182 ... 236 231 230]
EO_676375.jpg,[233 233 233 ... 231 228 226]
EO_677021.jpg,[236 229 229 ... 221 203 188]
EO_677075.jpg,[225 219 220 ... 226 226 226]
EO_67753.jpg,[231 234 239 ... 234 237 236]
EO_678653.jpg,[190 201 221 ... 234 232 238]
EO_678684.jpg,[170 191 217 ... 234 235 236]
EO_678945.jpg,[236 237 237 ... 230 227 232]
EO_679301.jpg,[232 233 232 ... 230 233 237]
EO_680039.jpg,[236 235 232 ... 231 229 208]
EO_680272.jpg,[236 235 235 ... 232 232 236]
EO_680317.jpg,[229 229 229 ... 227 230 234]
EO_680435.jpg,[231 235 230 ... 232 232 232]
EO_681039.jpg,[232 232 232 ...  41  33  68]
EO_68109.jpg,[219 216 227 ... 177 175 173]
EO_681139.jpg,[232 235 237 ... 216 208 238]
EO_681797.jpg,[232 232 232 ... 233 232 232]
EO_682455.jpg,[228 238 240 ... 215 202 197]
EO_68346.jpg,[199 213 227 ... 195 194 193]
EO_683491.jpg,[233 231 229 ... 234 224 213]
EO_684536.jpg,[235 234 233 ... 231 232 232]
EO_684768.jpg,[234 234 235 ... 237 236 220]
EO_684866.jpg,[230 237 238 ... 235 232 227]
EO_68522.jpg,[143 159 157 ... 215 210 204]
EO_685543.jpg,[227 231 238 ... 240 231 237]
EO_685573.jpg,[231 231 231 ... 223 226 231]
EO_685713.jpg,[234 234 235 ... 233 233 233]
EO_685778.jpg,[225 242 231 ... 236 236 226]
EO_685815.jpg,[180 195 216 ... 233 230 234]
EO_685822.jpg,[234 238 239 ... 231 234 240]
EO_686204.jpg,[238 237 237 ... 232 232 233]
EO_686463.jpg,[232 242 234 ... 234 237 241]
EO_687306.jpg,[226 239 237 ... 234 234 234]
EO_687569.jpg,[233 233 233 ... 229 234 242]
EO_687765.jpg,[232 232 232 ... 230 232 234]
EO_688063.jpg,[226 231 232 ... 180 177 175]
EO_688154.jpg,[236 234 232 ... 229 229 230]
EO_688234.jpg,[221 212 184 ... 146 166 182]
EO_688444.jpg,[225 225 225 ... 231 224 218]
EO_689044.jpg,[231 231 231 ... 236 234 229]
EO_689368.jpg,[226 231 241 ... 233 231 227]
EO_689651.jpg,[237 237 238 ... 227 225 232]
EO_689705.jpg,[236 232 230 ... 226 241 226]
EO_69004.jpg,[233 233 233 ... 238 229 212]
EO_690157.jpg,[233 233 233 ... 179 178 185]
EO_690193.jpg,[240 229 229 ... 238 229 232]
EO_690304.jpg,[220 239 233 ...  87 141 185]
EO_690577.jpg,[238 234 233 ... 185 184 183]
EO_690608.jpg,[231 232 232 ... 190 185 175]
EO_690628.jpg,[227 243 232 ... 240 233 233]
EO_690811.jpg,[230 234 237 ... 232 230 241]
EO_691055.jpg,[232 233 235 ... 212 222 222]
EO_69115.jpg,[227 229 231 ... 140 145 123]
EO_692427.jpg,[232 232 231 ... 231 231 230]
EO_692915.jpg,[234 234 234 ... 233 228 221]
EO_693130.jpg,[207 207 207 ... 139 131 112]
EO_693173.jpg,[160 160 165 ... 237 237 238]
EO_694062.jpg,[232 227 225 ... 233 234 226]
EO_694065.jpg,[228 229 226 ... 231 227 228]
EO_694442.jpg,[213 221 229 ... 237 233 226]
EO_694543.jpg,[234 234 234 ... 225 232 236]
EO_694627.jpg,[235 234 233 ... 115 119 122]
EO_694798.jpg,[229 231 233 ... 235 233 224]
EO_69548.jpg,[233 230 228 ... 149 148 163]
EO_695749.jpg,[187 191 199 ... 233 235 228]
EO_696379.jpg,[234 234 234 ... 237 232 230]
EO_696559.jpg,[231 250 236 ... 236 235 231]
EO_696748.jpg,[234 234 234 ... 221 222 232]
EO_697135.jpg,[234 232 231 ... 231 231 231]
EO_697314.jpg,[228 216 200 ...  53  57  73]
EO_697422.jpg,[237 225 226 ... 190 185 179]
EO_697519.jpg,[224 216 187 ... 225 224 227]
EO_697560.jpg,[235 235 236 ... 192 188 191]
EO_698055.jpg,[227 236 240 ... 234 229 235]
EO_699069.jpg,[234 240 239 ... 244 243 228]
EO_699219.jpg,[233 231 230 ... 236 233 228]
EO_699503.jpg,[202 202 210 ... 233 233 233]
EO_699642.jpg,[221 225 212 ... 233 236 240]
EO_699766.jpg,[233 233 233 ... 233 233 234]
EO_699863.jpg,[205 230 234 ... 226 219 211]
EO_700078.jpg,[171 171 171 ... 133 185 236]
EO_700660.jpg,[234 234 233 ... 224 228 229]
EO_700721.jpg,[234 234 234 ... 141 144 182]
EO_700857.jpg,[232 232 232 ... 230 230 230]
EO_701643.jpg,[229 232 236 ... 167 165 184]
EO_701790.jpg,[230 237 239 ... 194 191 189]
EO_701883.jpg,[234 234 234 ... 231 231 232]
EO_70191.jpg,[173 171 174 ... 232 232 232]
EO_702365.jpg,[233 233 233 ... 229 229 229]
EO_702662.jpg,[233 233 235 ... 228 230 232]
EO_70281.jpg,[233 233 233 ... 245 235 222]
EO_703192.jpg,[236 233 235 ... 234 234 233]
EO_703258.jpg,[231 231 231 ... 225 231 223]
EO_703433.jpg,[229 232 234 ... 157 155 155]
EO_703453.jpg,[124 109 133 ... 199 198 198]
EO_703501.jpg,[233 228 234 ... 228 231 238]
EO_703667.jpg,[187 183 162 ... 166 168 174]
EO_703955.jpg,[228 231 234 ... 234 232 234]
EO_704164.jpg,[227 234 231 ... 232 227 234]
EO_704275.jpg,[174 172 172 ... 233 234 238]
EO_704475.jpg,[227 236 240 ... 232 236 240]
EO_704557.jpg,[235 232 233 ... 239 244 226]
EO_704593.jpg,[233 235 237 ... 195 199 205]
EO_705791.jpg,[233 236 237 ... 227 233 235]
EO_705872.jpg,[197 196 203 ... 171 170 168]
EO_706197.jpg,[233 233 233 ... 231 231 232]
EO_706391.jpg,[232 232 232 ... 219 220 218]
EO_706620.jpg,[236 235 232 ... 235 234 232]
EO_707053.jpg,[233 233 233 ... 230 230 230]
EO_707092.jpg,[232 231 231 ... 238 237 227]
EO_707166.jpg,[227 245 239 ... 230 232 238]
EO_707277.jpg,[235 235 235 ... 190 194 198]
EO_708.jpg,[235 236 236 ... 237 221 190]
EO_708332.jpg,[232 232 232 ... 234 234 234]
EO_708456.jpg,[229 230 231 ... 229 229 233]
EO_709895.jpg,[231 229 229 ... 234 234 234]
EO_710145.jpg,[236 229 233 ... 237 237 227]
EO_710294.jpg,[240 233 230 ... 233 232 234]
EO_710683.jpg,[234 234 234 ... 147 134 129]
EO_711299.jpg,[233 233 233 ... 168 212 229]
EO_711529.jpg,[236 235 232 ... 156 122  77]
EO_711696.jpg,[177 180 192 ... 231 241 228]
EO_71201.jpg,[168 171 181 ... 232 231 229]
EO_712238.jpg,[227 239 238 ... 234 234 235]
EO_712944.jpg,[205 204 214 ... 177 185 188]
EO_713227.jpg,[182 182 181 ... 234 233 234]
EO_713234.jpg,[232 233 233 ... 239 235 228]
EO_713402.jpg,[232 232 232 ... 235 235 234]
EO_713403.jpg,[234 234 234 ... 241 233 231]
EO_713515.jpg,[168 151 127 ... 195 184 173]
EO_713984.jpg,[180 183 188 ... 147 156 165]
EO_714821.jpg,[191 191 198 ... 233 233 234]
EO_714870.jpg,[235 236 237 ... 235 234 232]
EO_715133.jpg,[239 235 233 ... 202 184 174]
EO_715291.jpg,[233 237 240 ... 196 184 172]
EO_715664.jpg,[235 235 235 ... 233 230 232]
EO_716024.jpg,[230 231 233 ... 209 195 189]
EO_716119.jpg,[233 233 233 ... 235 235 235]
EO_716717.jpg,[229 229 230 ... 224 226 233]
EO_716722.jpg,[235 233 231 ... 229 222 216]
EO_717329.jpg,[166 167 168 ... 163 173 185]
EO_719506.jpg,[227 225 223 ... 231 232 232]
EO_720242.jpg,[181 186 190 ... 225 211 199]
EO_720406.jpg,[153 161 175 ... 196 171 155]
EO_720962.jpg,[142 144 143 ... 180 176 171]
EO_721078.jpg,[235 228 231 ... 218 209 208]
EO_721643.jpg,[234 248 235 ... 223 218 216]
EO_721822.jpg,[223 228 230 ... 225 225 228]
EO_722563.jpg,[231 232 234 ... 236 233 230]
EO_722793.jpg,[222 220 210 ... 164 176 190]
EO_722995.jpg,[237 235 237 ... 234 234 234]
EO_723337.jpg,[224 239 238 ... 214 223 221]
EO_723342.jpg,[234 237 235 ... 191 183 181]
EO_724059.jpg,[232 232 232 ... 128 169 187]
EO_724140.jpg,[233 233 233 ... 232 232 232]
EO_724151.jpg,[232 232 232 ... 232 232 232]
EO_724369.jpg,[233 233 233 ... 215 239 235]
EO_724677.jpg,[203 216 227 ... 200 197 198]
EO_724679.jpg,[234 235 235 ... 225 227 236]
EO_724789.jpg,[231 231 231 ...  68  65  89]
EO_724995.jpg,[185 188 200 ... 228 232 236]
EO_725029.jpg,[233 233 236 ... 230 233 236]
EO_725251.jpg,[175 173 172 ... 123 107  78]
EO_725577.jpg,[174 158 137 ... 175 198 218]
EO_725596.jpg,[233 233 233 ... 230 230 230]
EO_725651.jpg,[226 238 237 ... 116 133 138]
EO_725975.jpg,[199 216 233 ... 234 234 234]
EO_726052.jpg,[167 156 155 ... 191 193 199]
EO_726116.jpg,[235 235 235 ... 227 230 237]
EO_726217.jpg,[234 234 234 ... 229 236 225]
EO_726274.jpg,[233 233 232 ... 178 180 184]
EO_726503.jpg,[233 234 235 ... 232 234 234]
EO_726899.jpg,[227 195 154 ... 229 229 229]
EO_727326.jpg,[243 226 224 ... 227 230 237]
EO_727381.jpg,[235 234 235 ... 235 233 233]
EO_727395.jpg,[194 180 186 ... 227 231 231]
EO_72747.jpg,[198 213 226 ... 180 197 214]
EO_72758.jpg,[235 235 235 ... 233 233 233]
EO_727803.jpg,[228 235 229 ... 171 169 177]
EO_728093.jpg,[234 234 234 ... 170 194 223]
EO_728292.jpg,[237 235 232 ... 235 231 231]
EO_728356.jpg,[231 231 234 ... 158 155 156]
EO_728605.jpg,[243 232 231 ... 232 232 232]
EO_728803.jpg,[232 231 233 ... 235 233 232]
EO_729292.jpg,[187 189 205 ... 213 215 238]
EO_729465.jpg,[235 232 231 ... 222 213 215]
EO_729671.jpg,[172 167 163 ... 118 129 147]
EO_729819.jpg,[184 182 185 ... 239 234 237]
EO_729891.jpg,[191 210 221 ... 230 233 234]
EO_730263.jpg,[227 232 237 ... 220 240 224]
EO_730296.jpg,[232 232 232 ... 206 195 188]
EO_731182.jpg,[220 220 220 ...  54  62  62]
EO_731325.jpg,[232 233 234 ... 237 235 227]
EO_731460.jpg,[237 230 217 ... 136 104  69]
EO_731622.jpg,[230 231 232 ... 150 146 145]
EO_731641.jpg,[237 234 233 ... 233 223 202]
EO_732204.jpg,[221 230 232 ... 229 230 238]
EO_733547.jpg,[234 234 234 ... 204 205 206]
EO_733627.jpg,[235 233 208 ... 238 242 227]
EO_733636.jpg,[232 232 232 ... 226 231 227]
EO_734264.jpg,[229 235 237 ... 231 232 234]
EO_734621.jpg,[230 229 228 ... 229 233 241]
EO_734836.jpg,[233 231 234 ... 222 227 232]
EO_734856.jpg,[212 221 221 ... 231 232 232]
EO_734958.jpg,[231 230 227 ...  52  47  51]
EO_735003.jpg,[231 243 199 ... 230 232 240]
EO_735067.jpg,[180 174 180 ... 232 232 232]
EO_735379.jpg,[165 169 174 ... 199 167 177]
EO_735445.jpg,[232 232 232 ...  99  89  75]
EO_735842.jpg,[169 180 204 ... 233 231 230]
EO_73632.jpg,[232 238 241 ... 235 235 230]
EO_736655.jpg,[233 233 233 ... 225 207 187]
EO_736960.jpg,[235 224 242 ... 230 231 237]
EO_737144.jpg,[233 235 234 ... 226 239 235]
EO_737494.jpg,[234 234 234 ... 201 185 177]
EO_73774.jpg,[227 238 224 ... 230 227 239]
EO_737824.jpg,[235 235 236 ... 237 234 236]
EO_738318.jpg,[236 230 230 ... 231 231 242]
EO_738385.jpg,[228 236 234 ... 183 190 204]
EO_738445.jpg,[224 203 196 ... 139 127 122]
EO_73849.jpg,[237 239 230 ... 233 230 234]
EO_738632.jpg,[173 176 179 ... 100 166 219]
EO_739061.jpg,[198 207 220 ... 231 231 232]
EO_739181.jpg,[229 231 232 ... 239 232 232]
EO_739713.jpg,[ 51  75  69 ...  89  96 107]
EO_740068.jpg,[184 162 117 ... 221 211 204]
EO_740123.jpg,[233 235 234 ... 236 234 231]
EO_740137.jpg,[232 232 232 ... 231 231 231]
EO_740199.jpg,[229 235 235 ... 233 237 230]
EO_741008.jpg,[240 236 231 ... 231 234 241]
EO_741404.jpg,[234 234 234 ... 223 236 241]
EO_741832.jpg,[232 232 234 ... 236 231 235]
EO_741894.jpg,[229 236 236 ... 232 232 232]
EO_742100.jpg,[184 201 220 ... 235 236 234]
EO_742488.jpg,[234 234 234 ... 188 186 186]
EO_742500.jpg,[227 227 230 ... 227 222 229]
EO_74267.jpg,[234 235 235 ... 234 233 233]
EO_742968.jpg,[231 239 241 ... 233 234 231]
EO_743347.jpg,[231 232 233 ... 232 232 232]
EO_743496.jpg,[115 102 123 ... 213 178 163]
EO_743627.jpg,[152 105  73 ... 167 162 170]
EO_743865.jpg,[234 234 234 ... 115 154 227]
EO_74387.jpg,[232 229 230 ... 230 227 229]
EO_74399.jpg,[155 178 205 ... 144 129 136]
EO_744068.jpg,[233 233 233 ...  87  72  65]
EO_744173.jpg,[224 241 233 ...  56  61  65]
EO_744195.jpg,[233 233 234 ... 230 229 224]
EO_744301.jpg,[231 231 231 ... 230 230 230]
EO_74517.jpg,[232 232 232 ... 230 228 228]
EO_745249.jpg,[233 237 237 ... 233 236 239]
EO_745272.jpg,[201 205 211 ... 227 228 231]
EO_745911.jpg,[237 228 232 ... 229 229 230]
EO_746433.jpg,[245 227 233 ... 185 185 184]
EO_747341.jpg,[230 237 230 ... 217 219 226]
EO_74742.jpg,[233 243 235 ... 234 235 235]
EO_747479.jpg,[234 234 234 ... 235 243 237]
EO_74751.jpg,[235 231 229 ... 229 231 234]
EO_747861.jpg,[237 232 231 ... 240 238 224]
EO_747892.jpg,[234 234 234 ... 171 170 176]
EO_748175.jpg,[226 229 230 ...  68  54 129]
EO_74854.jpg,[238 238 224 ... 234 238 233]
EO_748589.jpg,[244 229 230 ... 220 234 236]
EO_749176.jpg,[235 234 233 ... 231 231 231]
EO_74921.jpg,[214 202 184 ... 219 195 177]
EO_749539.jpg,[239 227 237 ... 232 234 241]
EO_749709.jpg,[234 238 237 ... 237 233 237]
EO_750216.jpg,[232 233 233 ... 228 232 235]
EO_750240.jpg,[234 234 234 ... 116 101  82]
EO_750315.jpg,[234 239 240 ... 236 235 233]
EO_750695.jpg,[237 235 233 ... 216 246 229]
EO_751437.jpg,[229 220 208 ... 226 233 231]
EO_751688.jpg,[ 78  86 103 ... 123 111  97]
EO_752024.jpg,[229 233 234 ... 232 224 218]
EO_754156.jpg,[167 168 168 ... 179 180 181]
EO_75419.jpg,[176 175 176 ... 232 235 237]
EO_754231.jpg,[188 201 216 ... 221 210 197]
EO_755434.jpg,[170 168 170 ... 176 209 219]
EO_756045.jpg,[231 233 235 ... 196 176 177]
EO_756267.jpg,[232 234 235 ... 232 234 236]
EO_756354.jpg,[233 240 236 ... 229 225 222]
EO_756363.jpg,[231 231 231 ... 227 231 232]
EO_756529.jpg,[182 201 219 ... 228 235 233]
EO_756779.jpg,[234 233 234 ... 232 235 235]
EO_757168.jpg,[234 234 234 ... 232 232 232]
EO_757296.jpg,[233 233 233 ... 231 232 237]
EO_757859.jpg,[209 227 239 ... 235 239 229]
EO_757993.jpg,[233 234 235 ... 230 233 237]
EO_759358.jpg,[194 212 231 ... 226 225 235]
EO_759458.jpg,[231 232 233 ... 234 234 233]
EO_759484.jpg,[199 212 225 ... 230 229 227]
EO_75989.jpg,[235 235 236 ... 233 216 185]
EO_760122.jpg,[228 229 213 ... 134 120  83]
EO_760298.jpg,[236 236 235 ... 234 234 234]
EO_76093.jpg,[231 233 236 ... 177 171 166]
EO_761108.jpg,[233 233 233 ... 232 232 232]
EO_76111.jpg,[171 173 175 ... 131 111 124]
EO_761180.jpg,[232 233 233 ... 228 232 229]
EO_761250.jpg,[174 173 173 ... 201 209 214]
EO_761443.jpg,[234 234 234 ... 233 239 240]
EO_761728.jpg,[234 231 237 ... 237 234 231]
EO_761997.jpg,[234 234 234 ... 236 233 231]
EO_762558.jpg,[218 222 228 ... 233 233 233]
EO_76269.jpg,[192 192 190 ... 230 231 232]
EO_762845.jpg,[197 198 207 ... 150 153 139]
EO_76374.jpg,[234 232 230 ... 234 233 224]
EO_76399.jpg,[233 233 233 ... 224 209 193]
EO_76411.jpg,[194 208 205 ... 235 233 231]
EO_765640.jpg,[221 223 217 ... 187 175 177]
EO_765818.jpg,[231 230 231 ... 230 231 230]
EO_765865.jpg,[234 234 234 ... 203 202 202]
EO_766383.jpg,[239 235 234 ... 203 189 183]
EO_766398.jpg,[228 228 231 ... 234 226 235]
EO_766884.jpg,[237 233 227 ... 225 231 242]
EO_767118.jpg,[133 140 145 ... 171 173 170]
EO_76723.jpg,[231 232 232 ... 233 233 232]
EO_768445.jpg,[224 225 225 ... 227 233 238]
EO_76848.jpg,[233 233 233 ... 234 234 234]
EO_768671.jpg,[233 231 229 ... 230 218 191]
EO_769223.jpg,[122 122 141 ... 229 231 232]
EO_769328.jpg,[191 167 124 ... 232 227 235]
EO_769464.jpg,[235 235 235 ... 232 232 232]
EO_769518.jpg,[179 151 124 ... 228 228 228]
EO_769690.jpg,[180 176 173 ... 235 243 230]
EO_7698.jpg,[233 232 232 ... 204 190 194]
EO_77098.jpg,[164 162 166 ... 221 207 188]
EO_771144.jpg,[228 236 239 ... 241 234 234]
EO_77152.jpg,[234 229 241 ... 242 239 230]
EO_77178.jpg,[232 236 238 ... 240 235 235]
EO_772003.jpg,[183 180 177 ... 173 175 176]
EO_77214.jpg,[232 236 204 ... 161 165 167]
EO_772828.jpg,[233 227 228 ... 234 227 227]
EO_772994.jpg,[232 230 229 ... 234 230 229]
EO_773102.jpg,[234 234 234 ... 234 234 234]
EO_773310.jpg,[233 231 228 ... 211 201 190]
EO_77374.jpg,[235 235 234 ... 231 237 233]
EO_77393.jpg,[235 235 236 ... 237 237 228]
EO_774170.jpg,[224 228 230 ... 204 194 188]
EO_774353.jpg,[232 236 231 ...  57  43  47]
EO_774408.jpg,[181 199 221 ... 115 158 205]
EO_774568.jpg,[231 231 232 ... 169 185 187]
EO_774624.jpg,[169 175 186 ... 230 232 235]
EO_774942.jpg,[238 232 236 ... 180 174 177]
EO_775066.jpg,[191 201 211 ... 225 219 227]
EO_775512.jpg,[196 153 144 ... 197 184 188]
EO_77567.jpg,[228 229 231 ... 233 233 233]
EO_776262.jpg,[233 233 233 ... 230 231 237]
EO_776938.jpg,[234 234 234 ... 227 226 226]
EO_777553.jpg,[186 181 179 ... 134 128 132]
EO_778171.jpg,[238 232 233 ... 226 206 187]
EO_77820.jpg,[234 234 234 ... 218 203 194]
EO_778772.jpg,[233 232 232 ... 194 224 223]
EO_779185.jpg,[179 185 197 ... 218 219 237]
EO_779468.jpg,[228 230 233 ... 226 227 228]
EO_77950.jpg,[231 231 232 ... 235 235 229]
EO_780321.jpg,[233 233 233 ... 235 234 229]
EO_780462.jpg,[236 235 236 ... 230 230 236]
EO_780772.jpg,[211 229 237 ... 234 230 231]
EO_780969.jpg,[184 177 177 ... 234 218 199]
EO_781146.jpg,[233 233 233 ... 236 226 236]
EO_781274.jpg,[180 206 228 ... 221 221 221]
EO_781562.jpg,[224 235 237 ... 228 238 235]
EO_78159.jpg,[237 236 235 ... 195 182 180]
EO_781608.jpg,[193 211 230 ... 234 233 232]
EO_781911.jpg,[235 237 234 ... 229 230 241]
EO_781920.jpg,[232 232 231 ... 145 151 168]
EO_782734.jpg,[154 110  93 ... 226 234 228]
EO_782907.jpg,[227 238 230 ... 236 237 231]
EO_783064.jpg,[226 228 227 ... 221 222 222]
EO_78307.jpg,[233 233 232 ... 222 212 224]
EO_783136.jpg,[233 233 233 ... 228 228 228]
EO_783793.jpg,[242 229 227 ... 238 239 233]
EO_784034.jpg,[234 232 232 ... 230 230 229]
EO_7843.jpg,[224 221 221 ... 185 182 184]
EO_784435.jpg,[231 231 231 ... 176 175 177]
EO_784441.jpg,[230 229 236 ... 214 205 200]
EO_784638.jpg,[233 233 233 ... 172 167 164]
EO_784861.jpg,[232 233 234 ... 189 191 189]
EO_78505.jpg,[240 239 238 ... 218 210 201]
EO_785135.jpg,[233 234 234 ... 231 232 232]
EO_785478.jpg,[232 239 235 ... 196 185 164]
EO_785575.jpg,[235 234 234 ... 229 231 235]
EO_785887.jpg,[199 229 234 ... 230 230 230]
EO_786059.jpg,[237 223 238 ... 146 148 148]
EO_786351.jpg,[234 233 233 ... 215 229 225]
EO_786364.jpg,[234 236 233 ... 226 224 220]
EO_786462.jpg,[233 234 235 ... 232 232 232]
EO_786690.jpg,[232 229 230 ... 227 224 237]
EO_786872.jpg,[234 229 228 ... 229 214 196]
EO_787085.jpg,[229 236 238 ... 232 233 236]
EO_787359.jpg,[236 234 233 ... 183 171 180]
EO_788031.jpg,[235 235 235 ... 234 234 234]
EO_788042.jpg,[242 228 232 ... 190 200 207]
EO_788297.jpg,[201 177 177 ... 197 200 206]
EO_788540.jpg,[234 234 234 ... 177 177 178]
EO_78863.jpg,[170 153 142 ... 145 156 174]
EO_789386.jpg,[241 230 234 ... 237 226 204]
EO_78948.jpg,[228 167 116 ... 173 173 173]
EO_789512.jpg,[153 140 134 ... 235 226 213]
EO_789667.jpg,[167 173 182 ... 207 237 237]
EO_790646.jpg,[231 231 231 ... 232 232 232]
EO_791371.jpg,[235 234 232 ... 159 194 231]
EO_7922.jpg,[231 234 234 ... 219 200 184]
EO_792542.jpg,[233 235 231 ... 228 223 229]
EO_79281.jpg,[220 217 213 ... 233 236 237]
EO_79285.jpg,[233 231 234 ... 236 238 241]
EO_79296.jpg,[199 235 238 ... 236 237 235]
EO_79330.jpg,[232 232 232 ... 130 221 220]
EO_793799.jpg,[174 171 171 ... 159 159 163]
EO_793941.jpg,[230 232 235 ... 233 233 233]
EO_794671.jpg,[237 229 228 ... 231 232 238]
EO_794866.jpg,[217 217 217 ... 210 211 214]
EO_795119.jpg,[229 231 232 ... 233 233 232]
EO_795445.jpg,[231 238 234 ... 232 234 236]
EO_795543.jpg,[237 239 229 ... 240 238 227]
EO_795552.jpg,[236 230 235 ... 227 213 202]
EO_795565.jpg,[232 230 233 ... 178 173 165]
EO_795895.jpg,[233 232 231 ... 218 239 225]
EO_795985.jpg,[233 234 235 ... 239 236 228]
EO_796153.jpg,[234 234 234 ... 107 114 125]
EO_796289.jpg,[242 238 229 ... 236 235 238]
EO_796510.jpg,[231 231 232 ... 187 192 196]
EO_796585.jpg,[160 162 165 ... 167 171 172]
EO_796777.jpg,[224 224 225 ... 110 100 192]
EO_797610.jpg,[238 233 231 ... 225 225 231]
EO_797630.jpg,[234 236 224 ... 242 233 203]
EO_798593.jpg,[233 233 233 ... 231 230 230]
EO_799276.jpg,[236 234 233 ... 234 235 236]
EO_799659.jpg,[233 233 233 ... 235 232 232]
EO_800065.jpg,[234 232 233 ... 233 237 236]
EO_800344.jpg,[227 233 239 ...  94  61  56]
EO_800375.jpg,[229 232 233 ... 230 232 236]
EO_800425.jpg,[ 96  78  92 ... 176 176 181]
EO_800795.jpg,[206 224 234 ... 165 166 166]
EO_800985.jpg,[238 240 235 ... 200 206 213]
EO_801.jpg,[232 232 232 ... 231 228 229]
EO_801294.jpg,[233 233 233 ... 170 171 172]
EO_801673.jpg,[226 236 235 ... 236 235 224]
EO_801674.jpg,[234 234 233 ... 237 234 224]
EO_802007.jpg,[140 139 135 ... 233 233 233]
EO_80261.jpg,[176 175 173 ... 232 232 233]
EO_802739.jpg,[183 180 176 ... 137 136 141]
EO_802945.jpg,[234 234 234 ... 136 134 113]
EO_803345.jpg,[234 234 234 ... 236 234 231]
EO_803390.jpg,[204 202 214 ... 234 231 234]
EO_804799.jpg,[240 218 206 ... 232 235 239]
EO_805258.jpg,[233 233 233 ... 208 221 239]
EO_805458.jpg,[233 230 230 ... 229 232 234]
EO_806352.jpg,[226 239 231 ... 139 141 152]
EO_806843.jpg,[234 236 234 ... 238 238 234]
EO_807177.jpg,[234 234 234 ... 235 236 237]
EO_807634.jpg,[232 232 231 ... 185 187 189]
EO_80804.jpg,[232 231 231 ... 237 240 232]
EO_808282.jpg,[231 231 231 ... 174 172 169]
EO_808436.jpg,[236 235 236 ... 227 230 235]
EO_808686.jpg,[234 232 235 ... 167 170 172]
EO_809318.jpg,[231 231 232 ... 232 232 232]
EO_809432.jpg,[187 193 210 ... 235 228 234]
EO_809683.jpg,[235 228 228 ... 229 228 225]
EO_809901.jpg,[217 216 214 ... 226 216 189]
EO_810194.jpg,[228 232 231 ... 221 227 236]
EO_810213.jpg,[235 236 236 ... 236 237 231]
EO_81041.jpg,[234 233 233 ... 233 233 233]
EO_81107.jpg,[236 232 231 ... 236 235 235]
EO_811202.jpg,[234 234 234 ... 239 237 232]
EO_811522.jpg,[234 231 234 ... 233 232 233]
EO_811570.jpg,[151 159 151 ... 174 172 169]
EO_81209.jpg,[233 232 232 ... 235 239 232]
EO_812306.jpg,[188 190 192 ... 224 231 240]
EO_812635.jpg,[230 230 236 ... 232 233 241]
EO_812799.jpg,[233 233 233 ... 232 232 232]
EO_812957.jpg,[162 165 168 ... 237 234 235]
EO_813056.jpg,[233 233 233 ... 138 127  80]
EO_813331.jpg,[227 227 233 ... 215 243 230]
EO_813511.jpg,[166 175 178 ... 234 234 232]
EO_813555.jpg,[215 181 128 ... 167 217 234]
EO_813712.jpg,[118 116 131 ... 199 208 221]
EO_813789.jpg,[172 189 211 ... 201 220 228]
EO_814125.jpg,[175 178 182 ...  60  55  35]
EO_814189.jpg,[234 234 234 ... 174 174 207]
EO_814415.jpg,[235 234 234 ... 231 229 228]
EO_814533.jpg,[234 234 234 ... 149 145 128]
EO_814738.jpg,[228 184 140 ... 229 242 233]
EO_814910.jpg,[231 232 233 ... 236 230 229]
EO_815051.jpg,[207 205 202 ... 238 235 229]
EO_81523.jpg,[198 193 189 ... 121 141 182]
EO_81524.jpg,[239 237 235 ... 239 230 234]
EO_815394.jpg,[235 229 235 ... 231 235 244]
EO_815653.jpg,[236 234 233 ... 227 226 227]
EO_816399.jpg,[232 232 232 ... 231 232 231]
EO_816467.jpg,[215 224 232 ... 226 221 233]
EO_817196.jpg,[232 231 232 ... 226 216 204]
EO_817876.jpg,[234 233 233 ... 243 246 220]
EO_818276.jpg,[236 233 226 ... 211 214 209]
EO_818751.jpg,[236 236 238 ... 234 234 234]
EO_818876.jpg,[218 176 157 ... 170 222 232]
EO_819208.jpg,[230 231 231 ... 233 233 233]
EO_81933.jpg,[234 234 234 ... 229 228 230]
EO_819708.jpg,[234 234 234 ... 188 187 187]
EO_819918.jpg,[179 168 179 ... 233 233 233]
EO_8200.jpg,[173 169 167 ... 235 232 239]
EO_820478.jpg,[238 232 229 ... 235 239 230]
EO_820562.jpg,[182 182 205 ... 236 240 230]
EO_820612.jpg,[234 234 233 ... 213 203 197]
EO_820762.jpg,[235 236 236 ... 230 241 231]
EO_821178.jpg,[233 233 232 ... 240 234 231]
EO_821444.jpg,[240 234 236 ... 223 204 188]
EO_822717.jpg,[233 233 233 ... 234 231 228]
EO_823298.jpg,[231 232 232 ... 232 232 233]
EO_823457.jpg,[142 151 151 ... 234 235 235]
EO_823567.jpg,[229 230 232 ...  49  46  58]
EO_823852.jpg,[232 236 238 ... 232 234 238]
EO_823986.jpg,[237 234 232 ... 220 240 243]
EO_824011.jpg,[203 199 193 ... 111 106 148]
EO_824127.jpg,[231 232 232 ... 232 232 236]
EO_824203.jpg,[172 169 196 ... 224 229 245]
EO_824437.jpg,[231 233 234 ... 216 199 192]
EO_824579.jpg,[232 232 232 ... 236 239 228]
EO_824657.jpg,[165 157 154 ... 147 148 150]
EO_824787.jpg,[230 225 227 ... 178 209 220]
EO_825319.jpg,[234 233 237 ... 176 181 179]
EO_825350.jpg,[102 113 113 ... 231 233 234]
EO_825368.jpg,[223 229 234 ... 231 232 233]
EO_825733.jpg,[238 213 197 ... 236 232 235]
EO_825740.jpg,[226 245 239 ... 220 222 235]
EO_825851.jpg,[189 202 219 ... 152 157 153]
EO_826258.jpg,[225 228 228 ... 226 228 231]
EO_8265.jpg,[234 234 234 ... 151 217 243]
EO_826646.jpg,[237 231 228 ... 230 234 236]
EO_826999.jpg,[231 232 230 ... 234 233 231]
EO_828135.jpg,[169 163 171 ... 158 194 205]
EO_828208.jpg,[231 232 231 ... 232 230 230]
EO_828557.jpg,[166 148 139 ... 162 162 162]
EO_828655.jpg,[232 233 233 ... 232 231 231]
EO_829157.jpg,[233 233 233 ... 232 232 231]
EO_829748.jpg,[226 241 229 ... 236 234 226]
EO_830075.jpg,[212 196 176 ... 237 231 242]
EO_830143.jpg,[233 242 227 ... 233 226 229]
EO_830203.jpg,[236 229 233 ... 221 210 176]
EO_830728.jpg,[232 232 232 ... 231 231 230]
EO_830892.jpg,[231 230 231 ... 231 230 229]
EO_832089.jpg,[234 234 234 ... 175 175 176]
EO_832106.jpg,[230 230 231 ... 170 172 177]
EO_832149.jpg,[236 234 237 ... 233 235 237]
EO_832754.jpg,[233 234 233 ... 232 229 234]
EO_832900.jpg,[235 232 232 ... 229 234 241]
EO_833222.jpg,[233 236 238 ... 232 233 237]
EO_833281.jpg,[200 180 177 ... 166 163 169]
EO_834080.jpg,[186 196 213 ... 231 244 231]
EO_834175.jpg,[233 235 237 ... 238 235 227]
EO_834382.jpg,[156 150 149 ... 173 178 174]
EO_835127.jpg,[232 237 239 ... 231 232 234]
EO_835288.jpg,[238 233 237 ... 236 244 225]
EO_835312.jpg,[235 209 178 ... 170 176 184]
EO_835323.jpg,[230 232 236 ... 228 228 237]
EO_835338.jpg,[239 235 230 ... 233 234 238]
EO_83547.jpg,[232 231 230 ... 233 235 232]
EO_836401.jpg,[209 221 234 ... 228 231 237]
EO_836459.jpg,[179 139 117 ... 232 228 235]
EO_837323.jpg,[133 131 120 ... 110 160 186]
EO_838548.jpg,[237 225 227 ... 237 230 228]
EO_838971.jpg,[229 231 236 ... 205 189 172]
EO_839677.jpg,[233 232 234 ... 222 202 183]
EO_83980.jpg,[221 234 238 ... 237 234 228]
EO_839813.jpg,[234 233 234 ... 155 157 153]
EO_840542.jpg,[239 231 229 ... 234 229 235]
EO_841078.jpg,[238 233 223 ... 183 191 195]
EO_841216.jpg,[234 233 231 ... 233 230 214]
EO_841745.jpg,[235 235 235 ... 147 146 141]
EO_841899.jpg,[238 234 239 ... 237 235 241]
EO_842254.jpg,[177 179 177 ... 235 226 230]
EO_843015.jpg,[234 234 234 ... 232 232 232]
EO_843285.jpg,[230 235 235 ... 245 224 208]
EO_843365.jpg,[232 232 232 ... 232 232 232]
EO_843833.jpg,[230 226 224 ... 225 227 237]
EO_844230.jpg,[166 167 166 ... 231 229 233]
EO_84435.jpg,[169 170 179 ... 229 227 227]
EO_844397.jpg,[235 235 235 ... 234 233 233]
EO_844639.jpg,[232 232 235 ... 170 166 195]
EO_844687.jpg,[233 235 231 ... 229 229 229]
EO_844947.jpg,[237 236 234 ... 231 230 229]
EO_845033.jpg,[138 147 158 ... 149 190 224]
EO_845169.jpg,[168 189 212 ... 224 224 224]
EO_845494.jpg,[232 231 230 ... 242 231 232]
EO_845594.jpg,[195 209 218 ... 205 189 179]
EO_845753.jpg,[ 79  52  44 ... 233 230 231]
EO_845966.jpg,[234 233 233 ... 231 230 229]
EO_846851.jpg,[237 233 231 ... 183 184 188]
EO_846877.jpg,[232 233 235 ... 240 232 219]
EO_847347.jpg,[233 234 235 ... 232 229 234]
EO_847491.jpg,[232 237 236 ... 232 232 230]
EO_847711.jpg,[233 236 239 ... 234 236 237]
EO_847926.jpg,[236 240 233 ... 224 246 229]
EO_848297.jpg,[233 233 233 ... 230 231 230]
EO_848307.jpg,[235 235 235 ... 237 241 231]
EO_848321.jpg,[229 230 230 ... 229 231 229]
EO_84849.jpg,[236 235 233 ... 228 226 222]
EO_848622.jpg,[235 234 232 ... 228 235 236]
EO_849192.jpg,[239 233 233 ... 232 230 226]
EO_849383.jpg,[232 238 229 ... 230 231 237]
EO_849425.jpg,[227 229 229 ... 158 140 137]
EO_849675.jpg,[236 224 230 ... 232 230 229]
EO_850016.jpg,[233 233 233 ... 185 186 187]
EO_850038.jpg,[237 225 227 ... 233 230 229]
EO_850248.jpg,[171 171 171 ... 228 226 244]
EO_850387.jpg,[233 236 238 ... 233 228 238]
EO_850494.jpg,[196 206 223 ... 235 235 235]
EO_850777.jpg,[234 234 234 ... 120 116 154]
EO_850861.jpg,[232 233 235 ... 228 222 214]
EO_851094.jpg,[171 170 169 ... 232 232 234]
EO_851483.jpg,[233 233 233 ... 231 231 236]
EO_851538.jpg,[236 236 236 ... 235 227 241]
EO_851864.jpg,[180 194 192 ... 171 173 171]
EO_851904.jpg,[231 233 236 ... 170 168 167]
EO_852012.jpg,[238 235 233 ... 137 136 136]
EO_852027.jpg,[170 169 174 ... 227 229 240]
EO_852224.jpg,[239 234 229 ... 197 190 187]
EO_852531.jpg,[236 235 233 ... 171 173 176]
EO_852834.jpg,[211 217 224 ... 230 231 232]
EO_852904.jpg,[231 233 245 ... 243 239 226]
EO_853158.jpg,[172 179 185 ... 235 233 231]
EO_8539.jpg,[231 231 232 ... 173 166 155]
EO_853914.jpg,[169 166 164 ...  89  86 144]
EO_854168.jpg,[234 234 234 ... 238 236 232]
EO_854185.jpg,[225 230 233 ... 150 156 180]
EO_854423.jpg,[231 231 231 ... 227 226 226]
EO_854638.jpg,[232 232 232 ... 230 230 231]
EO_854840.jpg,[178 175 176 ... 235 235 235]
EO_855020.jpg,[224 224 224 ...  72  78  89]
EO_855271.jpg,[232 237 242 ... 237 238 231]
EO_856061.jpg,[230 231 232 ... 232 232 232]
EO_856517.jpg,[166 166 167 ... 245 239 227]
EO_857139.jpg,[221 229 237 ... 234 232 235]
EO_857382.jpg,[237 234 233 ... 229 230 237]
EO_857399.jpg,[186 136 112 ... 140 156 146]
EO_857550.jpg,[178 121  79 ... 235 235 235]
EO_85775.jpg,[235 232 229 ... 206 212 213]
EO_858044.jpg,[188 195 202 ... 234 230 236]
EO_859248.jpg,[235 231 232 ... 231 233 235]
EO_859353.jpg,[232 234 233 ... 222 224 239]
EO_859399.jpg,[229 234 241 ... 241 231 234]
EO_859700.jpg,[233 231 230 ... 237 236 235]
EO_859718.jpg,[234 234 234 ...  57  95 102]
EO_859907.jpg,[229 230 232 ... 231 235 234]
EO_859909.jpg,[192 219 233 ... 216 198 188]
EO_86009.jpg,[195 192 187 ... 223 235 236]
EO_860677.jpg,[233 232 231 ... 233 228 236]
EO_86072.jpg,[234 234 234 ... 234 232 232]
EO_861019.jpg,[170 175 151 ... 209 226 224]
EO_861038.jpg,[229 231 233 ... 233 234 235]
EO_861498.jpg,[234 232 229 ... 215 214 223]
EO_861772.jpg,[234 233 237 ... 164 180 206]
EO_861966.jpg,[167 168 170 ... 234 232 231]
EO_862724.jpg,[226 230 227 ... 169 227 222]
EO_863038.jpg,[229 231 235 ... 237 235 232]
EO_863304.jpg,[238 235 233 ... 241 240 232]
EO_863461.jpg,[231 231 231 ... 208 228 239]
EO_8635.jpg,[225 243 234 ... 236 233 231]
EO_86435.jpg,[234 234 234 ... 156 157 164]
EO_865066.jpg,[234 235 232 ... 236 227 237]
EO_86510.jpg,[178 185 202 ... 232 234 237]
EO_865226.jpg,[229 235 238 ... 234 234 234]
EO_865258.jpg,[228 233 234 ... 230 231 231]
EO_865426.jpg,[232 232 232 ... 223 222 230]
EO_865515.jpg,[233 233 233 ...  69  54  66]
EO_865604.jpg,[232 240 242 ... 235 235 231]
EO_865611.jpg,[177 177 179 ... 224 231 235]
EO_865688.jpg,[187 174 192 ... 180 185 189]
EO_865813.jpg,[234 234 234 ... 175 180 186]
EO_865945.jpg,[233 232 232 ...  90 140 207]
EO_866062.jpg,[233 232 232 ... 215 238 233]
EO_866120.jpg,[223 227 231 ... 232 232 232]
EO_86737.jpg,[179 180 182 ... 232 233 235]
EO_867470.jpg,[232 232 232 ... 230 232 238]
EO_86752.jpg,[232 232 232 ... 127 129 120]
EO_868963.jpg,[236 236 235 ... 230 234 236]
EO_869345.jpg,[234 234 234 ... 233 232 228]
EO_869508.jpg,[ 79  88  88 ... 124 165 161]
EO_869684.jpg,[232 232 232 ... 177 175 174]
EO_87112.jpg,[179 179 178 ...  82  82 123]
EO_871262.jpg,[228 234 238 ... 234 235 235]
EO_871360.jpg,[228 242 222 ... 173 207 224]
EO_871548.jpg,[175 168 167 ... 195 230 235]
EO_87220.jpg,[228 236 234 ... 222 228 227]
EO_872289.jpg,[236 245 229 ... 239 234 234]
EO_872715.jpg,[231 230 228 ... 157 164 192]
EO_872946.jpg,[236 229 234 ... 238 228 234]
EO_872983.jpg,[182 190 202 ... 234 233 244]
EO_873032.jpg,[235 234 232 ... 237 236 230]
EO_873315.jpg,[235 234 234 ... 173 189 184]
EO_873756.jpg,[232 233 235 ... 174 167 170]
EO_87382.jpg,[159 122 100 ... 162 147 124]
EO_874062.jpg,[234 234 234 ... 234 234 234]
EO_874075.jpg,[231 231 231 ... 236 235 225]
EO_8741.jpg,[225 226 214 ... 153 186 210]
EO_874572.jpg,[234 234 234 ...  58 154 152]
EO_874624.jpg,[234 234 234 ... 234 234 234]
EO_874796.jpg,[229 227 210 ... 193 219 228]
EO_876019.jpg,[231 237 239 ... 236 236 235]
EO_876599.jpg,[232 241 245 ... 226 213 203]
EO_876956.jpg,[238 236 236 ... 233 223 211]
EO_877083.jpg,[238 236 234 ... 227 227 232]
EO_877738.jpg,[237 235 233 ... 185 181 179]
EO_878834.jpg,[223 234 240 ... 201 184 176]
EO_87992.jpg,[229 230 233 ... 193 187 180]
EO_880204.jpg,[232 232 232 ... 233 229 220]
EO_880996.jpg,[240 231 228 ... 234 229 235]
EO_881033.jpg,[232 236 234 ... 235 236 236]
EO_881434.jpg,[170 168 170 ... 233 234 234]
EO_882085.jpg,[235 230 230 ... 225 228 237]
EO_882148.jpg,[235 233 234 ... 230 230 230]
EO_882150.jpg,[234 234 234 ... 229 224 238]
EO_882216.jpg,[224 223 222 ... 131 133 110]
EO_882366.jpg,[230 234 233 ... 239 234 232]
EO_882772.jpg,[233 230 228 ... 194 218 234]
EO_883435.jpg,[235 235 235 ... 235 228 235]
EO_885096.jpg,[203 195 188 ... 231 231 231]
EO_885301.jpg,[231 233 237 ... 235 234 237]
EO_885845.jpg,[232 233 231 ... 237 236 232]
EO_886791.jpg,[235 235 235 ... 230 231 233]
EO_886816.jpg,[189 188 193 ... 231 231 231]
EO_887809.jpg,[232 231 233 ... 175 169 169]
EO_888637.jpg,[230 233 229 ... 232 231 227]
EO_889221.jpg,[236 237 237 ... 236 233 237]
EO_889759.jpg,[231 232 232 ... 232 232 232]
EO_889817.jpg,[188 203 218 ... 234 229 226]
EO_889831.jpg,[230 235 240 ... 121 117  96]
EO_889884.jpg,[235 236 233 ... 232 229 238]
EO_89011.jpg,[230 230 227 ... 236 233 226]
EO_890163.jpg,[190 186 185 ... 118 152 198]
EO_890557.jpg,[233 233 233 ... 231 231 231]
EO_891556.jpg,[234 221 220 ... 234 234 234]
EO_891800.jpg,[236 227 237 ... 235 228 228]
EO_892101.jpg,[234 235 233 ... 235 232 238]
EO_892127.jpg,[229 231 234 ... 183 179 182]
EO_892973.jpg,[237 236 234 ... 162 166 167]
EO_893211.jpg,[219 227 230 ... 207 190 178]
EO_89342.jpg,[226 234 239 ... 230 235 234]
EO_893514.jpg,[232 240 234 ... 230 237 236]
EO_893704.jpg,[182 184 186 ... 235 233 233]
EO_893709.jpg,[230 229 229 ... 235 230 227]
EO_894061.jpg,[236 231 231 ... 221 231 235]
EO_894340.jpg,[236 226 231 ... 234 237 234]
EO_894574.jpg,[231 231 231 ... 187 189 190]
EO_894810.jpg,[226 224 219 ... 231 233 234]
EO_896725.jpg,[232 233 233 ... 177 222 231]
EO_897112.jpg,[232 233 241 ... 201 208 213]
EO_897164.jpg,[194 190 188 ... 153 217 241]
EO_897485.jpg,[167 165 173 ... 231 232 230]
EO_897796.jpg,[232 233 233 ... 239 229 232]
EO_89877.jpg,[193 178 172 ... 235 234 234]
EO_900162.jpg,[231 226 232 ... 234 234 233]
EO_900549.jpg,[232 228 228 ... 175 187 203]
EO_90077.jpg,[239 235 230 ... 235 235 235]
EO_901002.jpg,[179 178 176 ... 148 183 217]
EO_901011.jpg,[169 171 172 ... 111 113 126]
EO_901206.jpg,[233 233 233 ... 235 229 222]
EO_901254.jpg,[236 226 230 ... 233 231 229]
EO_901693.jpg,[172 170 175 ... 226 202 184]
EO_901862.jpg,[231 231 231 ... 230 223 237]
EO_902051.jpg,[236 232 235 ... 233 232 232]
EO_902202.jpg,[236 236 236 ... 185 213 234]
EO_902313.jpg,[235 236 236 ... 131 135 178]
EO_902377.jpg,[218 193 171 ... 240 235 234]
EO_902440.jpg,[234 234 234 ... 114 120 129]
EO_902685.jpg,[231 228 229 ... 226 227 237]
EO_902893.jpg,[244 232 228 ... 236 234 234]
EO_903036.jpg,[188 183 184 ... 203 242 234]
EO_903871.jpg,[234 234 234 ... 223 229 235]
EO_904430.jpg,[211 215 220 ... 233 234 234]
EO_904477.jpg,[233 240 243 ... 236 236 236]
EO_904581.jpg,[209 207 202 ... 168 204 239]
EO_904635.jpg,[224 226 229 ... 193 183 180]
EO_904754.jpg,[238 224 238 ... 212 205 196]
EO_904923.jpg,[233 234 234 ... 183 177 169]
EO_904970.jpg,[235 218 199 ... 229 238 223]
EO_905027.jpg,[232 235 237 ... 233 243 231]
EO_905144.jpg,[225 224 223 ... 188 190 192]
EO_905284.jpg,[137 121 137 ... 196 202 203]
EO_905351.jpg,[228 228 228 ... 229 229 229]
EO_905387.jpg,[235 229 238 ... 235 243 234]
EO_905696.jpg,[226 238 235 ... 234 234 234]
EO_90576.jpg,[238 231 236 ... 231 246 222]
EO_905886.jpg,[204 212 223 ...  44  84 125]
EO_906407.jpg,[229 230 230 ... 231 230 227]
EO_906482.jpg,[233 236 237 ... 231 231 231]
EO_906513.jpg,[233 233 233 ... 228 227 233]
EO_906650.jpg,[232 236 241 ... 232 242 240]
EO_907316.jpg,[233 230 235 ... 229 231 230]
EO_907904.jpg,[184 197 220 ... 155 158 159]
EO_908152.jpg,[236 237 236 ... 232 239 236]
EO_908273.jpg,[239 233 230 ... 180 175 181]
EO_908387.jpg,[236 235 233 ... 164 164 163]
EO_908396.jpg,[223 216 201 ... 229 232 234]
EO_908442.jpg,[233 228 229 ... 158 164 169]
EO_908706.jpg,[211 191 185 ... 227 223 218]
EO_908932.jpg,[223 209 189 ... 232 235 232]
EO_909229.jpg,[225 225 225 ... 229 229 229]
EO_909235.jpg,[234 234 234 ... 235 231 229]
EO_909502.jpg,[220 225 232 ... 154 167 180]
EO_909845.jpg,[234 234 234 ... 235 233 232]
EO_910.jpg,[132 121 116 ... 218 223 226]
EO_910069.jpg,[226 226 227 ... 235 232 218]
EO_910329.jpg,[115  61  62 ...  30  37  52]
EO_910337.jpg,[234 234 234 ... 176 165 161]
EO_910349.jpg,[181 178 176 ... 231 225 242]
EO_910358.jpg,[233 233 232 ... 182 210 218]
EO_910529.jpg,[231 233 231 ... 166 165 168]
EO_910585.jpg,[235 235 237 ... 231 234 240]
EO_911067.jpg,[228 233 175 ... 211 227 227]
EO_911439.jpg,[233 234 237 ... 233 236 239]
EO_911566.jpg,[158 141 132 ... 240 240 238]
EO_912327.jpg,[241 232 230 ... 231 226 228]
EO_912883.jpg,[157 158 163 ... 235 219 202]
EO_912966.jpg,[216 219 222 ... 130 114  95]
EO_913350.jpg,[234 234 234 ... 234 234 234]
EO_913562.jpg,[222 228 234 ... 231 232 233]
EO_913784.jpg,[231 232 237 ... 231 238 239]
EO_914393.jpg,[225 232 234 ... 225 222 230]
EO_914908.jpg,[235 233 233 ... 228 214 201]
EO_915293.jpg,[229 235 237 ... 233 234 231]
EO_915734.jpg,[235 235 235 ... 138 177 201]
EO_916041.jpg,[226 233 237 ... 188 183 169]
EO_916091.jpg,[233 232 232 ... 231 231 231]
EO_916342.jpg,[214 229 239 ... 231 234 238]
EO_916660.jpg,[237 234 231 ... 244 232 218]
EO_917236.jpg,[228 229 231 ... 182 182 185]
EO_917516.jpg,[228 235 236 ... 223 219 208]
EO_918009.jpg,[233 233 234 ... 179 187 209]
EO_918881.jpg,[190 186 185 ... 118 152 198]
EO_919604.jpg,[168 164 163 ... 133 133 137]
EO_919706.jpg,[234 234 233 ... 229 218 204]
EO_920899.jpg,[233 234 234 ... 234 234 235]
EO_921250.jpg,[231 233 232 ... 234 237 237]
EO_921523.jpg,[233 233 233 ... 234 235 236]
EO_921575.jpg,[224 235 234 ... 232 227 231]
EO_921592.jpg,[188 205 223 ... 229 229 231]
EO_921948.jpg,[203 214 215 ... 233 232 234]
EO_922137.jpg,[222 229 201 ... 173 170 165]
EO_922606.jpg,[237 233 232 ... 179 184 188]
EO_922615.jpg,[233 231 233 ... 229 229 233]
EO_922635.jpg,[233 231 229 ... 233 232 229]
EO_922775.jpg,[229 225 227 ... 227 230 235]
EO_9228.jpg,[234 214 194 ... 235 235 235]
EO_923369.jpg,[199 204 213 ... 190 176 173]
EO_923555.jpg,[193 155 124 ... 171 177 182]
EO_923732.jpg,[232 231 227 ... 225 222 226]
EO_923779.jpg,[138 208 225 ... 148 225 238]
EO_923850.jpg,[233 233 233 ... 235 235 235]
EO_923869.jpg,[232 232 232 ... 231 234 238]
EO_923938.jpg,[179 145 145 ... 242 238 227]
EO_924136.jpg,[238 230 231 ... 138 225 230]
EO_924867.jpg,[189 210 204 ... 229 226 227]
EO_925092.jpg,[238 233 232 ... 241 238 222]
EO_925874.jpg,[225 230 232 ... 234 230 236]
EO_925979.jpg,[238 237 233 ... 233 230 222]
EO_926006.jpg,[175 181 187 ... 239 234 237]
EO_926272.jpg,[239 238 236 ... 236 229 219]
EO_926290.jpg,[237 235 234 ... 184 184 184]
EO_926339.jpg,[225 219 218 ... 184 175 153]
EO_926395.jpg,[232 226 216 ... 234 235 236]
EO_9265.jpg,[227 237 238 ... 235 231 228]
EO_926680.jpg,[217 222 228 ... 227 220 222]
EO_926947.jpg,[171 176 173 ... 234 235 236]
EO_927123.jpg,[234 232 240 ... 223 230 240]
EO_927576.jpg,[228 230 232 ... 233 233 234]
EO_928297.jpg,[235 229 232 ... 207 185 175]
EO_928662.jpg,[231 233 234 ... 172 170 168]
EO_928682.jpg,[236 236 236 ... 241 237 229]
EO_928972.jpg,[228 226 236 ... 210 199 195]
EO_929125.jpg,[185 182 180 ... 171 169 163]
EO_929265.jpg,[214 195 221 ... 134 155 165]
EO_929591.jpg,[167 172 190 ... 198 185 179]
EO_929592.jpg,[239 236 233 ... 235 236 237]
EO_929886.jpg,[232 228 231 ... 231 231 231]
EO_930114.jpg,[232 232 231 ... 232 233 233]
EO_930939.jpg,[236 227 224 ... 235 233 209]
EO_933767.jpg,[232 232 232 ... 233 226 209]
EO_933922.jpg,[207 228 231 ... 151 162 165]
EO_934148.jpg,[205 187 176 ... 151 149 158]
EO_93417.jpg,[232 238 235 ... 222 219 186]
EO_934992.jpg,[233 237 237 ... 239 238 231]
EO_935629.jpg,[234 233 231 ... 232 236 231]
EO_936331.jpg,[235 235 233 ... 229 231 239]
EO_936658.jpg,[232 231 229 ... 234 234 234]
EO_936911.jpg,[240 228 233 ... 233 235 235]
EO_937011.jpg,[235 234 233 ... 173 172 174]
EO_937080.jpg,[232 240 233 ... 172 172 172]
EO_937830.jpg,[234 232 232 ... 226 228 237]
EO_938003.jpg,[234 236 238 ... 233 228 232]
EO_938091.jpg,[230 232 230 ... 235 230 237]
EO_938284.jpg,[238 228 212 ... 237 237 234]
EO_938311.jpg,[242 201 188 ... 228 238 235]
EO_938332.jpg,[234 234 234 ... 191 199 204]
EO_938791.jpg,[234 230 220 ... 168 197 237]
EO_939305.jpg,[235 230 237 ... 225 226 236]
EO_939374.jpg,[230 230 230 ... 187 182 179]
EO_940110.jpg,[230 237 239 ... 235 236 237]
EO_940288.jpg,[233 234 234 ... 233 239 231]
EO_940360.jpg,[236 235 235 ... 235 237 235]
EO_940774.jpg,[233 232 228 ... 205 229 234]
EO_940895.jpg,[233 233 233 ... 232 233 229]
EO_940980.jpg,[229 230 232 ... 229 229 229]
EO_941251.jpg,[237 236 235 ... 220 217 214]
EO_941266.jpg,[233 233 233 ... 153 199 231]
EO_941292.jpg,[209 230 240 ... 232 238 238]
EO_941855.jpg,[233 234 229 ... 215 242 219]
EO_943221.jpg,[236 232 230 ... 232 232 232]
EO_943343.jpg,[233 232 233 ... 233 234 235]
EO_943433.jpg,[224 225 232 ... 172 171 171]
EO_943454.jpg,[228 232 233 ... 227 225 233]
EO_943709.jpg,[233 234 235 ... 234 229 234]
EO_943855.jpg,[237 236 235 ... 236 231 233]
EO_94440.jpg,[234 233 232 ... 160 163 166]
EO_94450.jpg,[226 237 230 ... 225 237 235]
EO_944574.jpg,[239 236 233 ... 233 233 233]
EO_944752.jpg,[241 230 226 ... 235 235 236]
EO_944985.jpg,[235 236 236 ... 229 228 227]
EO_945138.jpg,[221 228 233 ... 164 163 163]
EO_945147.jpg,[232 233 232 ... 203 201 193]
EO_945493.jpg,[233 230 230 ... 165 165 178]
EO_945726.jpg,[237 235 233 ... 162 157 167]
EO_94652.jpg,[227 233 233 ... 239 235 230]
EO_947414.jpg,[205 214 232 ... 230 232 234]
EO_947563.jpg,[227 227 228 ... 233 231 225]
EO_948168.jpg,[237 234 230 ... 224 228 239]
EO_948394.jpg,[129 155 192 ... 153 162 204]
EO_948428.jpg,[179 189 198 ... 235 242 221]
EO_948482.jpg,[234 234 234 ... 240 227 237]
EO_948531.jpg,[229 232 236 ... 226 225 232]
EO_948687.jpg,[232 229 230 ... 209 228 235]
EO_948738.jpg,[234 234 234 ... 167 168 169]
EO_949245.jpg,[233 233 233 ... 230 230 230]
EO_949602.jpg,[233 225 234 ... 228 232 239]
EO_949664.jpg,[210 211 211 ... 116 109 158]
EO_949966.jpg,[232 232 232 ... 232 232 232]
EO_950521.jpg,[213 204 193 ... 228 232 228]
EO_95105.jpg,[234 234 234 ... 175 174 179]
EO_951139.jpg,[ 53  55  56 ... 178 138 149]
EO_95132.jpg,[231 233 237 ... 224 237 234]
EO_951518.jpg,[224 207 186 ... 159 176 183]
EO_952156.jpg,[175 171 167 ... 174 189 214]
EO_952316.jpg,[176 175 174 ... 227 217 202]
EO_952649.jpg,[233 233 233 ... 232 232 232]
EO_953295.jpg,[213 220 224 ... 192 190 189]
EO_953561.jpg,[ 50  53  35 ... 117 107 133]
EO_954031.jpg,[230 237 237 ... 232 228 234]
EO_954266.jpg,[229 232 235 ... 235 235 231]
EO_95450.jpg,[237 224 232 ... 234 234 234]
EO_95563.jpg,[233 229 230 ... 233 233 234]
EO_955654.jpg,[186 151 119 ... 122 124 128]
EO_955702.jpg,[233 232 230 ... 232 232 232]
EO_956212.jpg,[231 232 232 ... 231 238 224]
EO_956578.jpg,[236 236 236 ... 234 234 233]
EO_956597.jpg,[235 234 234 ... 232 232 232]
EO_956671.jpg,[119 107  84 ... 232 233 234]
EO_957216.jpg,[221 231 231 ... 238 235 226]
EO_957387.jpg,[244 234 231 ... 186 181 181]
EO_957649.jpg,[233 232 233 ... 232 228 234]
EO_957683.jpg,[173 172 170 ... 230 231 229]
EO_957702.jpg,[151 166 153 ... 213 221 235]
EO_958034.jpg,[170 186 184 ... 205 206 189]
EO_958160.jpg,[170 175 179 ... 232 232 233]
EO_95899.jpg,[242 234 235 ... 239 234 235]
EO_958993.jpg,[232 232 232 ... 232 232 232]
EO_959036.jpg,[230 230 230 ... 200 192 193]
EO_959517.jpg,[231 232 232 ... 183 190 198]
EO_95954.jpg,[242 234 230 ... 229 227 239]
EO_9597.jpg,[236 237 235 ... 156 193 203]
EO_959726.jpg,[187 143  79 ... 241 237 235]
EO_959830.jpg,[227 238 242 ... 228 210 194]
EO_959943.jpg,[241 230 237 ... 230 234 240]
EO_959957.jpg,[234 239 229 ... 204 207 209]
EO_960022.jpg,[234 235 241 ... 235 231 218]
EO_960120.jpg,[236 234 234 ... 169 169 170]
EO_960233.jpg,[233 233 233 ... 239 233 230]
EO_960387.jpg,[232 232 232 ... 232 231 231]
EO_960399.jpg,[172 168 164 ... 231 202 180]
EO_960665.jpg,[228 228 229 ... 230 228 235]
EO_960805.jpg,[232 232 232 ... 149 198 223]
EO_961222.jpg,[236 235 234 ... 151 187 217]
EO_96181.jpg,[186 192 210 ... 220 215 208]
EO_961935.jpg,[237 233 233 ... 233 235 238]
EO_962063.jpg,[170 145 116 ... 189 174 169]
EO_962175.jpg,[229 233 234 ... 231 231 231]
EO_962265.jpg,[226 240 241 ... 181 171 168]
EO_96233.jpg,[229 229 230 ... 112 108 121]
EO_962909.jpg,[233 232 233 ... 134 163 183]
EO_962992.jpg,[233 233 232 ... 231 232 232]
EO_963975.jpg,[229 231 234 ... 207 222 233]
EO_96407.jpg,[232 235 235 ... 230 231 232]
EO_964568.jpg,[231 231 231 ... 233 232 231]
EO_96563.jpg,[171 172 171 ... 109  96 109]
EO_965826.jpg,[236 235 233 ... 234 235 235]
EO_965871.jpg,[125 105 158 ... 135 136 149]
EO_966377.jpg,[219 212 209 ... 103  79  33]
EO_966797.jpg,[185 187 187 ...  92 120 166]
EO_967099.jpg,[234 234 234 ... 228 228 243]
EO_967607.jpg,[234 229 229 ... 232 232 232]
EO_967813.jpg,[226 229 232 ... 138 135 170]
EO_96794.jpg,[234 230 241 ... 239 240 229]
EO_968484.jpg,[236 232 232 ... 235 232 241]
EO_969018.jpg,[240 233 234 ... 204 201 184]
EO_969286.jpg,[233 233 233 ... 227 226 225]
EO_969910.jpg,[188 189 187 ... 184 209 227]
EO_969948.jpg,[234 234 234 ... 230 231 234]
EO_970630.jpg,[234 234 235 ... 140 140 161]
EO_970927.jpg,[233 233 234 ... 233 231 232]
EO_971082.jpg,[239 231 228 ... 233 235 231]
EO_97141.jpg,[173 172 172 ... 238 240 219]
EO_971412.jpg,[231 229 228 ... 231 232 232]
EO_971641.jpg,[232 231 231 ... 235 234 231]
EO_971689.jpg,[233 235 232 ... 231 236 233]
EO_972000.jpg,[236 232 230 ... 228 236 232]
EO_97346.jpg,[236 228 235 ... 177 177 180]
EO_97369.jpg,[231 232 232 ... 233 233 233]
EO_973923.jpg,[235 228 231 ... 233 217 211]
EO_974059.jpg,[172 171 192 ... 225 238 226]
EO_974646.jpg,[212 220 231 ... 224 215 210]
EO_975239.jpg,[234 234 234 ... 234 234 234]
EO_975524.jpg,[185 192 209 ... 180 177 174]
EO_975594.jpg,[237 234 232 ... 235 233 233]
EO_975672.jpg,[181 180 179 ... 142 140 133]
EO_975709.jpg,[231 226 225 ... 169 164 161]
EO_975814.jpg,[237 227 232 ... 237 231 235]
EO_975861.jpg,[214 235 236 ... 155 155 163]
EO_97617.jpg,[240 233 234 ... 239 234 219]
EO_976194.jpg,[238 237 234 ... 233 227 218]
EO_976206.jpg,[230 232 232 ... 160 159 161]
EO_976763.jpg,[230 218 212 ... 125 132 136]
EO_977027.jpg,[228 236 228 ... 211 224 230]
EO_977043.jpg,[228 236 239 ... 234 230 242]
EO_977292.jpg,[167 184 198 ... 224 230 233]
EO_977622.jpg,[187 182 181 ... 120  93 130]
EO_978104.jpg,[164 173 189 ... 233 236 236]
EO_978712.jpg,[172 183 197 ... 151 155 147]
EO_978726.jpg,[235 226 221 ... 209 223 237]
EO_97994.jpg,[235 235 235 ... 234 236 238]
EO_980404.jpg,[230 236 238 ... 239 230 239]
EO_980572.jpg,[233 234 234 ... 237 229 215]
EO_981363.jpg,[168 168 170 ... 233 241 224]
EO_981447.jpg,[186 186 185 ... 188 186 185]
EO_981530.jpg,[108 113 111 ... 173 175 179]
EO_981616.jpg,[233 233 233 ... 241 215 214]
EO_981774.jpg,[234 241 233 ... 234 234 234]
EO_982965.jpg,[233 227 229 ... 231 232 237]
EO_983393.jpg,[231 232 234 ...  70  96 149]
EO_983566.jpg,[205 200 195 ... 196 206 210]
EO_984123.jpg,[215 218 223 ... 230 232 233]
EO_984357.jpg,[226 238 237 ... 223 224 222]
EO_984542.jpg,[233 234 234 ... 172 175 179]
EO_984860.jpg,[233 230 237 ... 237 237 232]
EO_984978.jpg,[187 193 203 ... 236 232 236]
EO_985557.jpg,[233 233 233 ... 115 181 230]
EO_985877.jpg,[228 239 243 ... 237 234 243]
EO_986398.jpg,[237 236 234 ... 187 176 173]
EO_986575.jpg,[237 235 234 ... 170 119 100]
EO_986725.jpg,[184 180 180 ... 216 211 205]
EO_986825.jpg,[235 234 234 ... 241 239 230]
EO_987314.jpg,[236 236 236 ... 235 234 231]
EO_987324.jpg,[237 231 231 ... 239 236 227]
EO_98753.jpg,[ 75  59  43 ... 117 118 132]
EO_987861.jpg,[233 233 233 ... 180 172 165]
EO_988427.jpg,[201 201 201 ... 133 142 133]
EO_988618.jpg,[228 233 236 ... 233 235 240]
EO_989530.jpg,[232 227 234 ... 235 232 229]
EO_989626.jpg,[234 234 234 ... 238 233 230]
EO_98993.jpg,[166 168 170 ... 236 228 236]
EO_990083.jpg,[233 234 234 ... 235 230 230]
EO_990161.jpg,[238 237 237 ... 233 233 234]
EO_990350.jpg,[237 230 235 ... 236 237 236]
EO_990387.jpg,[233 228 231 ... 229 231 226]
EO_990717.jpg,[234 238 238 ... 235 228 222]
EO_991521.jpg,[231 226 231 ... 230 234 238]
EO_991781.jpg,[232 232 231 ... 232 228 225]
EO_992150.jpg,[153 156 158 ... 187 180 172]
EO_99246.jpg,[234 221 221 ... 201 221 233]
EO_992859.jpg,[167 173 178 ... 126 175 222]
EO_992960.jpg,[181 158 136 ... 166 145 124]
EO_993513.jpg,[175 176 193 ...  63 100 138]
EO_993601.jpg,[240 234 229 ... 223 204 188]
EO_993669.jpg,[224 231 240 ... 238 233 233]
EO_99390.jpg,[233 233 233 ... 129 117 115]
EO_994040.jpg,[233 233 233 ... 153 199 231]
EO_994150.jpg,[229 228 228 ...  95  47  89]
EO_994152.jpg,[226 233 234 ... 237 232 227]
EO_99444.jpg,[207 207 207 ... 197 205 206]
EO_995267.jpg,[232 232 234 ... 238 238 238]
EO_995461.jpg,[215 228 238 ... 236 229 238]
EO_996472.jpg,[232 240 236 ... 245 227 219]
EO_996545.jpg,[172 167 162 ... 128 119 135]
EO_996964.jpg,[227 231 231 ... 221 218 216]
EO_99718.jpg,[234 233 237 ... 230 231 232]
EO_997235.jpg,[234 237 234 ... 232 226 209]
EO_997373.jpg,[234 235 232 ... 230 232 235]
EO_997379.jpg,[228 239 242 ... 187 180 170]
EO_997613.jpg,[152 137 127 ... 200 222 233]
EO_997916.jpg,[228 231 231 ... 135 155 173]
EO_998173.jpg,[140 139 141 ... 167 166 166]
EO_998250.jpg,[234 234 234 ... 232 232 232]
EO_99838.jpg,[232 232 232 ... 235 237 236]
EO_998485.jpg,[237 237 237 ... 171 173 174]
EO_998560.jpg,[165 162 180 ... 235 234 232]
EO_998889.jpg,[235 231 232 ... 231 234 236]
EO_998901.jpg,[233 231 215 ... 219 207 193]
EO_999409.jpg,[231 238 236 ... 232 234 233]
EO_999450.jpg,[238 240 232 ... 230 229 233]
EO_999716.jpg,[236 233 232 ... 203 221 234]
