Title,MPAA Rating,Budget,Gross,Release Date,Genre,Runtime,Rating,Rating Count,Summary,Net Profit,ROI
Look Who's Talking,PG-13,7500000.0,296000000.0,1989-10-12,Romance,93.0,5.9,73638.0,"After a single, career-minded woman is left on her own to give birth to the child of a married man, she finds a new romantic chance in a cab driver. Meanwhile, the point-of-view of the newborn boy is narrated through voice-over.",288500000.0,38.46666666666667
Driving Miss Daisy,PG,7500000.0,145793296.0,1989-12-13,Comedy,99.0,7.4,91075.0,An old Jewish woman and her African-American chauffeur in the American South have a relationship that grows and improves over the years.,138293296.0,18.439106133333333
Turner & Hooch,PG,13000000.0,71079915.0,1989-07-28,Crime,100.0,7.2,91415.0,"Det. Scott Turner (Tom Hanks) is an uptight, by-the-book police officer. When his friend Amos Reed (John McIntire), the proprietor of a junkyard, is killed, Turner reluctantly inherits the man's dog. Turner adjusts to life with the dog to help solve a murder case. ",58079915.0,4.467685769230769
Born on the Fourth of July,R,14000000.0,161001698.0,1989-12-20,War,145.0,7.2,91415.0,"The biography of Ron Kovic. Paralyzed in the Vietnam war, he becomes an anti-war and pro-human rights political activist after feeling betrayed by the country he fought for.",147001698.0,10.500121285714286
Field of Dreams,PG,15000000.0,84431625.0,1989-04-21,Drama,107.0,7.5,101702.0,"An Iowa corn farmer, hearing voices, interprets them as a command to build a baseball diamond in his fields; he does, and the 1919 Chicago White Sox come.",69431625.0,4.628775
Uncle Buck,PG,15000000.0,79258538.0,1989-08-16,Family,100.0,7.0,77659.0,Bachelor and all-round slob Buck babysits his brothers rebellious teenage daughter and her cute younger brother and sister.,64258538.0,4.283902533333333
When Harry Met Sally...,R,16000000.0,92800000.0,1989-07-21,Romance,96.0,7.6,180871.0,"Harry and Sally have known each other for years, and are very good friends, but they fear sex would ruin the friendship.",76800000.0,4.8
Dead Poets Society,PG,16400000.0,235860116.0,1989-06-02,Drama,129.0,8.1,382002.0,English teacher John Keating inspires his students to look at poetry with a different perspective of authentic knowledge and feelings.,219460116.0,13.381714390243902
Parenthood,PG-13,20000000.0,126297830.0,1989-07-31,Comedy,124.0,7.0,41866.0,"The Buckmans are a midwestern family all dealing with their lives: estranged relatives, raising children, pressures of the job, and learning to be a good parent and spouse.",106297830.0,5.3148915
Lethal Weapon 2,R,25000000.0,227853986.0,1989-07-07,Comedy,114.0,7.2,151737.0,Riggs and Murtaugh are on the trail of South African diplomats who are using their immunity to engage in criminal activities.,202853986.0,8.11415944
The War of the Roses,R,26000000.0,160200000.0,1989-12-08,Comedy,116.0,6.8,45248.0,A married couple try everything to get each other to leave the house in a vicious divorce battle.,134200000.0,5.161538461538462
National Lampoon's Christmas Vacation,PG-13,27000000.0,71320000.0,1989-12-01,Action,97.0,7.6,135690.0,The Griswold familys plans for a big family Christmas predictably turn into a big disaster.,44320000.0,1.6414814814814815
"Honey, I Shrunk the Kids",PG,32000000.0,222724172.0,1989-06-22,Family,93.0,6.3,132480.0,The scientist father of a teenage girl and boy accidentally shrinks his and two other neighborhood teens to the size of insects. Now the teens must fight diminutive dangers as the father searches for them.,190724172.0,5.960130375
Batman,PG,35000000.0,411348924.0,1989-06-23,Action,126.0,7.5,319517.0,The Dark Knight of Gotham City begins his war on crime with his first major enemy being the clownishly homicidal Joker.,376348924.0,10.7528264
Ghostbusters II,PG,37000000.0,215394738.0,1989-06-15,Comedy,108.0,6.6,171196.0,The discovery of a massive river of ectoplasm and a resurgence of spectral activity allows the staff of Ghostbusters to revive the business.,178394738.0,4.821479405405405
The Little Mermaid,PG,40000000.0,222300000.0,1989-11-17,Animation,83.0,7.6,219221.0,A mermaid princess makes a Faustian bargain in an attempt to become human and win a princes love.,182300000.0,4.5575
Back to the Future Part II,PG,40000000.0,332000000.0,1989-11-20,Science Fiction,108.0,7.8,438940.0,"After visiting 2015, Marty McFly must repeat his visit to 1955 to prevent disastrous changes to 1985...without interfering with his first trip.",292000000.0,7.3
Indiana Jones and the Last Crusade,PG-13,48000000.0,474171806.0,1989-05-24,Adventure,127.0,8.2,647495.0,"In 1938, after his father Professor Henry Jones, Sr. goes missing while pursuing the Holy Grail, Professor Henry Indiana Jones, Jr. finds himself up against Adolf Hitlers Nazis again to stop them from obtaining its powers.",426171806.0,8.878579291666666
Tango & Cash,R,55000000.0,63408614.0,1989-12-22,Action,104.0,6.8,79806.0,"Framed by their ruthless arch-nemesis, a mismatched LAPD crime-fighting duo has to put its differences aside to even the score with the evil kingpin who put them behind bars once and for all.",8408614.0,0.1528838909090909
Steel Magnolias,PG,15000000.0,95904091.0,1989-11-15,Drama,119.0,7.3,43037.0,"A young beautician, newly arrived in a small Louisiana town, finds work at the local salon, where a small group of women share a close bond of friendship, and welcome her into the fold.",80904091.0,5.393606066666667
Three Men and a Little Lady,PG,11000000.0,71600000.0,1990-11-21,Family,104.0,6.1,127793.0,"Sequel to Three Men and a Baby (1987), Mary starts school. Actress mom is now living in the apartment in NYC with the biological dad and 2 honorary dads, who are still actor, architect and cartoonist. Mom's English boyfriend proposes.",60600000.0,5.509090909090909
Teenage Mutant Ninja Turtles,PG,13500000.0,202000000.0,1990-03-30,Action,93.0,6.8,79806.0,Four teenage mutant ninja turtles emerge from the shadows to protect New York City from a gang of criminal ninjas.,188500000.0,13.962962962962964
Pretty Woman,R,14000000.0,463000000.0,1990-03-23,Romance,119.0,7.0,266405.0,"A man in a legal but hurtful business needs an escort for some social events, and hires a beautiful prostitute he meets... only to fall in love.",449000000.0,32.07142857142857
Kindergarten Cop,PG-13,15000000.0,201957688.0,1990-12-21,Action,111.0,6.1,127793.0,"A tough cop must pose as a kindergarten teacher in order to locate a dangerous criminals ex-wife, who may hold the key to putting him behind bars.",186957688.0,12.463845866666666
Home Alone,PG,18000000.0,476684675.0,1990-11-09,Family,103.0,7.6,414472.0,An eight-year-old troublemaker must protect his house from a pair of burglars when he is accidentally left home alone by his family during Christmas vacation.,458684675.0,25.482481944444444
Bird on a Wire,PG-13,20000000.0,138700000.0,1990-05-18,Comedy,110.0,6.0,37415.0,An old flame discovers her ex-boyfriend from the past is a relocated FBI informant out to stop the bad guys.,118700000.0,5.935
Misery,R,20000000.0,61276872.0,1990-11-28,Drama,107.0,7.8,168946.0,"After a famous author is rescued from a car crash by a fan of his novels, he comes to realize that the care he is receiving is only the beginning of a nightmare of captivity and abuse.",41276872.0,2.0638436
Edward Scissorhands,PG-13,20000000.0,53000000.0,1990-12-05,Drama,105.0,7.9,421760.0,"An artificial man, who was incompletely constructed and has scissors for hands, leads a solitary life. Then one day, a suburban lady meets him and introduces him to her world.",33000000.0,1.65
Ghost,PG-13,22000000.0,505000000.0,1990-07-12,Thriller,127.0,7.0,183054.0,"After a young man is murdered, his spirit stays behind to warn his lover of impending danger, with the help of a reluctant psychic.",483000000.0,21.954545454545453
Presumed Innocent,R,22000000.0,221303188.0,1990-07-26,Crime,127.0,6.9,35122.0,"As a lawyer investigates the murder of a colleague, he finds himself more connected to the crime than anyone else.",199303188.0,9.059235818181818
Dances with Wolves,PG-13,22000000.0,424208848.0,1990-11-09,Western,181.0,8.0,224754.0,"Lieutenant John Dunbar, assigned to a remote western Civil War outpost, befriends wolves and Indians, making him an intolerable aberration in the military.",402208848.0,18.282220363636362
Flatliners,R,26000000.0,61489265.0,1990-08-09,Horror,115.0,6.6,76155.0,"Five medical students experiment with near death experiences, until the dark consequences of past tragedies begin to jeopardize their lives.",35489265.0,1.3649717307692308
The Hunt for Red October,PG,30000000.0,199200000.0,1990-03-02,Thriller,134.0,7.6,167212.0,"In November 1984, the Soviet Unions best submarine Captain in their newest sub violates orders and heads for the U.S. Is he trying to defect or to start a war?",169200000.0,5.64
Another 48 Hrs.,R,38000000.0,153518974.0,1990-06-08,Action,95.0,5.9,36103.0,"Jack Cates once again enlists the aid of ex-con Reggie Hammond--this time, to take down The Iceman, a ruthless drug lord operating in the San Francisco bay area.",115518974.0,3.039973
Back to the Future Part III,PG,40000000.0,244527583.0,1990-05-25,Family,118.0,7.4,369652.0,"Learning about the death of Doc Brown in 1885, Marty travels back in time to save him. But when the fuel tank on the time machine is punctured, the two must figure out a way to escape the Old West before Emmet is murdered.",204527583.0,5.113189575
Dick Tracy,PG,47000000.0,103738726.0,1990-06-15,Crime,103.0,6.1,54312.0,The comic strip detective finds his life vastly complicated when Breathless Mahoney makes advances towards him while he is trying to battle Big Boy Caprices united mob.,56738726.0,1.2072069361702127
The Godfather: Part III,R,54000000.0,136766062.0,1990-12-24,Drama,162.0,7.6,332236.0,"In the midst of trying to legitimize his business dealings in New York City and Italy in 1979, aging Mafia Don Michael Corleone seeks to avow for his sins, while taking his nephew Vincent Mancini under his wing.",82766062.0,1.5327048518518518
Days of Thunder,PG-13,60000000.0,157920733.0,1990-06-27,Adventure,107.0,6.0,73649.0,A young hot-shot stock car driver gets his chance to compete at the top level.,97920733.0,1.6320122166666666
Total Recall,R,65000000.0,261317921.0,1990-06-01,Science Fiction,113.0,7.5,282870.0,"When a man goes for virtual vacation memories of the planet Mars, an unexpected and harrowing series of events forces him to go to the planet for real - or does he?",196317921.0,3.0202757076923077
Die Hard 2,R,70000000.0,240031094.0,1990-07-02,Thriller,124.0,7.2,317843.0,"John McClane attempts to avert disaster as rogue military operatives seize control of Dulles International Airport in Washington, D.C.",170031094.0,2.4290156285714284
Fried Green Tomatoes,PG-13,11000000.0,119418501.0,1991-12-27,Comedy,130.0,7.7,62493.0,A housewife who is unhappy with her life befriends an old lady in a nursing home and is enthralled by the tales she tells of people she used to know.,108418501.0,9.856227363636364
The Silence of the Lambs,R,19000000.0,272742922.0,1991-02-01,Crime,119.0,8.6,1166583.0,"A young F.B.I. cadet must receive the help of an incarcerated and manipulative cannibal killer to help catch another serial killer, a madman who skins his victims.",253742922.0,13.354890631578947
Sleeping with the Enemy,R,19000000.0,174999005.0,1991-02-08,Drama,99.0,6.2,46455.0,"A young woman fakes her own death in an attempt to escape her nightmarish marriage, but discovers it is impossible to elude her controlling husband.",155999005.0,8.21047394736842
Father of the Bride,PG,20000000.0,89325780.0,1991-12-20,Romance,105.0,6.5,64326.0,"With his oldest daughters wedding approaching, a father finds himself reluctant to let go.",69325780.0,3.466289
The Naked Gun 2 1/2: The Smell of Fear,PG-13,23000000.0,86900000.0,1991-06-28,Drama,85.0,6.5,64326.0,Lieutenant Frank Drebin discovers that his ex-girlfriend's new beau is involved in a plot to kidnap a scientist who advocates solar energy.,63900000.0,2.7782608695652176
Teenage Mutant Ninja Turtles II,PG,25000000.0,78600000.0,1991-03-22,Action,88.0,8.0,397467.0,"The Turtles and the Shredder battle once again, this time for the last canister of the ooze that created the Turtles, with which Shredder wants to unleash an army of new mutants.",53600000.0,2.144
Beauty and the Beast,PG,25000000.0,377350553.0,1991-11-13,Animation,84.0,8.0,397467.0,A prince cursed to spend his days as a hideous monster sets out to regain his humanity by earning a young womans love.,352350553.0,14.09402212
Hot Shots!,PG-13,26000000.0,181096164.0,1991-07-31,Comedy,84.0,6.8,93277.0,A parody of Top Gun (1986) in which a talented but unstable fighter pilot must overcome the ghosts of his father and save a mission sabotaged by greedy weapons manufacturers.,155096164.0,5.965237076923077
City Slickers,PG-13,27000000.0,179033791.0,1991-06-07,Comedy,112.0,6.7,45166.0,"On the verge of turning 40, an unhappy Manhattan yuppie is roped into joining his two friends on a cattle drive in the southwest.",152033791.0,5.630881148148148
Star Trek VI: The Undiscovered Country,PG,27000000.0,96900000.0,1991-12-05,Science Fiction,113.0,7.2,66086.0,"On the eve of retirement, Kirk and McCoy are charged with assassinating the Klingon High Chancellor and imprisoned. The Enterprise crew must help them escape to thwart a conspiracy aimed at sabotaging the last best hope for peace.",69900000.0,2.588888888888889
The Addams Family,PG-13,30000000.0,191502426.0,1991-11-22,Comedy,99.0,6.9,119260.0,Con artists plan to fleece an eccentric family using an accomplice who claims to be their long-lost uncle.,161502426.0,5.3834142
The Prince of Tides,R,30000000.0,74787599.0,1991-12-25,Romance,132.0,6.7,14918.0,A troubled man talks to his suicidal sisters psychiatrist about their family history and falls in love with her in the process.,44787599.0,1.4929199666666666
What About Bob?,PG,35000000.0,63710000.0,1991-05-17,Comedy,100.0,7.0,58797.0,"A successful psychotherapist loses his mind after one of his most dependent patients, an obsessive-compulsive neurotic, tracks him down during his family vacation.",28710000.0,0.8202857142857143
Cape Fear,R,35000000.0,182300000.0,1991-11-15,Crime,128.0,7.3,157496.0,"A convicted rapist, released from prison after serving a fourteen-year sentence, stalks the family of the lawyer who originally defended him.",147300000.0,4.208571428571428
JFK,R,40000000.0,205405498.0,1991-12-20,Drama,189.0,8.0,132879.0,New Orleans District Attorney Jim Garrison discovers theres more to the Kennedy assassination than the official story.,165405498.0,4.13513745
Robin Hood: Prince of Thieves,PG-13,48000000.0,390493908.0,1991-06-14,Adventure,143.0,6.9,168877.0,"When Robin and his Moorish companion come to England and the tyranny of the Sheriff of Nottingham, he decides to fight back as an outlaw.",342493908.0,7.13528975
Hook,PG,70000000.0,300854823.0,1991-12-11,Family,144.0,6.8,218151.0,"When Captain Hook kidnaps his children, an adult Peter Pan must return to Neverland and reclaim his youthful spirit in order to challenge his old enemy.",230854823.0,3.2979260428571426
Backdraft,R,75000000.0,152368585.0,1991-05-24,Mystery,137.0,6.7,67442.0,"Two Chicago firefighter brothers, who dont get along, have to work together while a dangerous arsonist is on the loose.",77368585.0,1.0315811333333333
Terminator 2: Judgment Day,R,100000000.0,520000000.0,1991-07-01,Science Fiction,137.0,8.5,930593.0,"A cyborg, identical to the one who failed to kill Sarah Connor, must now protect her teenage son, John Connor, from a more advanced and powerful cyborg.",420000000.0,4.2
The Crying Game,R,3705538.0,62548947.0,1992-09-02,Romance,112.0,7.2,48101.0,"A British soldier kidnapped by IRA terrorists soon befriends one of his captors, who then becomes drawn into the soldiers world.",58843409.0,15.879855772630048
The Hand that Rocks the Cradle,R,11700000.0,88036683.0,1992-01-10,Drama,110.0,8.2,348791.0,"After her humiliated husband kills himself, an embittered pregnant widow loses her child, and embarks on a mission of vengeance against a woman and her family.",76336683.0,6.52450282051282
Unforgiven,R,14000000.0,159157447.0,1992-08-07,Western,131.0,8.2,348791.0,"Retired Old West gunslinger William Munny (Clint Eastwood) reluctantly takes on one last job, with the help of his old partner Ned Logan (Morgan Freeman) and a young man, The Schofield Kid (Jaimz Woolvett).",145157447.0,10.368389071428572
Home Alone 2: Lost in New York,PG,18000000.0,358991681.0,1992-11-19,Family,120.0,6.7,269944.0,"One year after Kevin McCallister was left home alone and had to defeat a pair of bumbling burglars, he accidentally finds himself stranded in New York City - and the same criminals are not far behind.",340991681.0,18.943982277777778
Wayne's World,PG-13,20000000.0,121697323.0,1992-02-14,Comedy,94.0,7.0,135657.0,Two slacker friends try to promote their public-access cable show.,101697323.0,5.08486615
The Bodyguard,R,25000000.0,411006740.0,1992-11-25,Action,129.0,6.3,110511.0,"A former Secret Service agent takes on the job of bodyguard to an RB singer, whose lifestyle is most unlike a Presidents.",386006740.0,15.4402696
Aladdin,G,28000000.0,504050219.0,1992-11-25,Animation,90.0,8.0,336384.0,A kindhearted street urchin and a power-hungry Grand Vizier vie for a magic lamp that has the power to make their deepest wishes come true.,476050219.0,17.001793535714285
White Men Can't Jump,R,31000000.0,90753806.0,1992-03-26,Comedy,115.0,6.8,70430.0,Black and white basketball hustlers join forces to double their chances of winning money on the street courts and in a basketball tournament.,59753806.0,1.927542129032258
Sister Act,PG,31000000.0,231605150.0,1992-05-28,Comedy,100.0,6.4,80510.0,"When a worldly singer witnesses a mob crime, the police hide her as a nun in a traditional convent where she has trouble fitting in.",200605150.0,6.4711338709677415
Scent of a Woman,R,31000000.0,134095253.0,1992-12-23,Drama,157.0,8.0,238212.0,"A prep school student needing money agrees to babysit a blind man, but the job is not at all what he anticipated.",103095253.0,3.3256533225806453
Lethal Weapon 3,R,35000000.0,321731527.0,1992-05-15,Action,118.0,6.7,148440.0,Martin Riggs and Roger Murtaugh pursue a former LAPD officer who uses his knowledge of police procedure and policies to steal and sell confiscated guns and ammunition to local street gangs.,286731527.0,8.192329342857143
Under Siege,R,35000000.0,156563139.0,1992-10-08,Action,103.0,6.5,71962.0,An ex-Navy Seal turned cook is the only person who can stop a group of terrorists when they seize control of a U.S. battleship.,121563139.0,3.4732325428571427
Boomerang,R,40000000.0,70100000.0,1992-06-30,Romance,117.0,5.5,24114.0,A successful executive and womanizer finds his lifestyle choices have turned back on him when his new female boss turns out to be an even bigger deviant than he is.,30100000.0,0.7525
A League of Their Own,PG,40000000.0,107458785.0,1992-07-01,Comedy,128.0,7.2,85932.0,Two sisters join the first female professional baseball league and struggle to help it succeed amidst their own growing rivalry.,67458785.0,1.686469625
The Last of the Mohicans,R,40000000.0,75505856.0,1992-09-25,Action,112.0,7.7,139000.0,Three trappers protect the daughters of a British Colonel in the midst of the French and Indian War.,35505856.0,0.8876464
Bram Stoker's Dracula,R,40000000.0,215900000.0,1992-11-13,Drama,128.0,7.4,177678.0,The centuries old vampire Count Dracula comes to England to seduce his barrister Jonathan Harkers fiancï¿½e Mina Murray and inflict havoc in the foreign land.,175900000.0,4.3975
A Few Good Men,R,40000000.0,243240178.0,1992-12-11,Drama,138.0,7.7,218747.0,Military lawyer Lieutenant Daniel Kaffee defends Marines accused of murder. They contend they were acting under orders.,203240178.0,5.08100445
Patriot Games,R,45000000.0,178051587.0,1992-06-04,Thriller,117.0,6.9,95783.0,"When CIA analyst Jack Ryan interferes with an IRA assassination, a renegade faction targets him and his family for revenge.",133051587.0,2.9567019333333335
Basic Instinct,R,49000000.0,352927224.0,1992-03-20,Thriller,127.0,6.9,159658.0,A violent police detective investigates a brutal murder that might involve a manipulative and seductive novelist.,303927224.0,6.202596408163266
Batman Returns,PG-13,80000000.0,280000000.0,1992-06-19,Action,126.0,7.0,258216.0,Batman returns to the big screen when a deformed man calling himself the Penguin wreaks havoc across Gotham with the help of a cruel businessman.,200000000.0,2.5
Cool Runnings,PG,14000000.0,154864401.0,1993-09-30,Comedy,98.0,6.9,85604.0,"When a Jamaican sprinter is disqualified from the Olympic Games, he enlists the help of a dishonored coach to start the first Jamaican Bobsled Team.",140864401.0,10.061742928571428
Groundhog Day,PG,14600000.0,70906973.0,1993-02-11,Comedy,101.0,8.0,549538.0,A weatherman finds himself inexplicably living the same day over and over again.,56306973.0,3.8566419863013697
Free Willy,PG,20000000.0,153698625.0,1993-07-16,Family,112.0,5.9,64130.0,"When a boy learns that a beloved killer whale is to be killed by the aquarium owners, the boy risks everything to free the whale.",133698625.0,6.68493125
Sleepless in Seattle,PG,21000000.0,227799884.0,1993-06-24,Romance,105.0,6.8,147908.0,A recently widowed mans son calls a radio talk-show in an attempt to find his father a partner.,206799884.0,9.847613523809525
Schindler's List,R,22000000.0,321365567.0,1993-11-29,History,195.0,8.9,1117322.0,"In German-occupied Poland during World War II, industrialist Oskar Schindler gradually becomes concerned for his Jewish workforce after witnessing their persecution by the Nazis.",299365567.0,13.607525772727273
Mrs. Doubtfire,PG-13,25000000.0,441286195.0,1993-11-24,Family,125.0,7.0,226146.0,"After a bitter divorce, an actor disguises himself as a female housekeeper to spend time with his children held in custody by his former wife.",416286195.0,16.6514478
Tombstone,R,25000000.0,56505065.0,1993-12-25,Drama,130.0,7.8,117576.0,"A successful lawmans plans to retire anonymously in Tombstone, Arizona, are disrupted by the kind of outlaws he was famous for eliminating.",31505065.0,1.2602026
Philadelphia,PG-13,26000000.0,206678440.0,1993-12-22,Drama,125.0,7.7,210109.0,"When a man with HIV is fired by his law firm because of his condition, he hires a homophobic small time lawyer as the only willing advocate for a wrongful dismissal suit.",180678440.0,6.949170769230769
Dave,PG-13,28000000.0,63000000.0,1993-05-07,Comedy,110.0,6.8,46467.0,"To avoid a potentially explosive scandal when the U.S. President goes into a coma, an affable temp agency owner with an uncanny resemblance is put in his place.",35000000.0,1.25
Grumpy Old Men,PG-13,35100000.0,70200000.0,1993-12-25,Comedy,103.0,7.0,40509.0,A lifelong feud between two neighbors since childhood only gets worse when a new female neighbor moves across the street.,35100000.0,1.0
Indecent Proposal,R,38000000.0,266614059.0,1993-04-07,Drama,117.0,5.9,58078.0,A billionaire offers one million dollars to a young married couple for one night with the wife.,228614059.0,6.0161594473684215
Sister Act 2: Back in the Habit,PG,38000000.0,57319029.0,1993-12-09,Comedy,107.0,5.6,45380.0,Showgirl Deloris Van Cartier returns as Sister Mary Clarence to teach music to a group of Catholic students whose run-down school is slated for closure.,19319029.0,0.5083955
In the Line of Fire,R,40000000.0,176997168.0,1993-07-08,Crime,128.0,7.2,86650.0,"Secret Service agent Frank Horrigan couldnt save Kennedy, but hes determined not to let a clever assassin take out this president.",136997168.0,3.4249292
Rising Sun,R,40000000.0,107198790.0,1993-07-30,Thriller,125.0,6.2,40088.0,"When an escort girl is found dead in the offices of a Japanese company in Los Angeles, detectives Web Smith and John Connor act as liaison between the companys executives and the investigating cop Tom Graham.",67198790.0,1.67996975
The Firm,R,42000000.0,270248367.0,1993-06-30,Mystery,154.0,6.8,108683.0,A young lawyer joins a prestigious law firm only to discover that it has a sinister dark side.,228248367.0,5.434484928571429
The Fugitive,PG-13,44000000.0,368875760.0,1993-08-06,Adventure,130.0,7.8,249811.0,"Dr. Richard Kimble, unjustly accused of murdering his wife, must find the real killer while being the target of a nationwide manhunt led by a seasoned U.S. Marshal.",324875760.0,7.38354
The Pelican Brief,PG-13,45000000.0,195268056.0,1993-12-16,Crime,141.0,6.6,71238.0,"A law student uncovers a conspiracy, putting herself and others in danger.",150268056.0,3.3392901333333334
Demolition Man,R,57000000.0,159055768.0,1993-10-08,Action,115.0,6.7,148329.0,A police officer is brought out of suspended animation in prison to pursue an old ultra-violent nemesis who is loose in a non-violent future society.,102055768.0,1.7904520701754385
Cliffhanger,R,70000000.0,255000211.0,1993-05-28,Adventure,112.0,6.4,113299.0,A botched mid-air heist results in suitcases full of cash being searched for by various groups throughout the Rocky Mountains.,185000211.0,2.642860157142857
Pulp Fiction,R,8000000.0,213928762.0,1994-09-10,Thriller,154.0,8.9,1690474.0,"The lives of two mob hitmen, a boxer, a gangster and his wife, and a pair of diner bandits intertwine in four tales of violence and redemption.",205928762.0,25.74109525
Ace Ventura: Pet Detective,PG-13,15000000.0,107217396.0,1994-02-04,Comedy,86.0,6.9,260044.0,A goofy detective specializing in animals goes in search of the missing mascot of the Miami Dolphins.,92217396.0,6.1478264
Dumb and Dumber,PG-13,16000000.0,247275374.0,1994-12-16,Comedy,107.0,7.3,334497.0,"After a woman leaves a briefcase at the airport terminal, a dumb limo driver and his dumber friend set out on a hilarious cross-country road trip to Aspen, to return the briefcase to its owner.",231275374.0,14.454710875
The Santa Clause,PG,22000000.0,189833357.0,1994-11-10,Family,97.0,6.4,86610.0,"When a man inadvertently makes Santa fall off of his roof on Christmas Eve, he finds himself magically recruited to take his place.",167833357.0,7.628788954545454
The Mask,PG-13,23000000.0,351583407.0,1994-07-29,Romance,101.0,6.9,320839.0,Bank clerk Stanley Ipkiss is transformed into a manic superhero when he wears a mysterious mask.,328583407.0,14.286235086956522
Speed,R,30000000.0,350448145.0,1994-06-09,Action,116.0,7.2,309338.0,A young police officer must prevent a bomb exploding aboard a city bus by keeping its speed above 50 mph.,320448145.0,10.681604833333333
Legends of the Fall,R,30000000.0,160638883.0,1994-12-16,Drama,133.0,7.5,136361.0,"In the early 1900s, three brothers and their father living in the remote wilderness of Montana are affected by betrayal, history, love, nature, and war.",130638883.0,4.354629433333334
Star Trek: Generations,PG,38000000.0,120000000.0,1994-11-17,Science Fiction,118.0,8.5,869127.0,"With the help of long presumed dead Captain Kirk, Captain Picard must stop a deranged scientist willing to murder on a planetary scale in order to enter a space matrix.",82000000.0,2.1578947368421053
The Lion King,G,45000000.0,788241776.0,1994-06-23,Animation,89.0,8.5,869127.0,"A Lion cub crown prince is tricked by a treacherous uncle into thinking he caused his fathers death and flees into exile in despair, only to learn in adulthood his identity and his responsibilities.",743241776.0,16.516483911111113
The Client,PG-13,45000000.0,117615211.0,1994-07-20,Drama,119.0,6.7,55788.0,A young boy who witnessed the suicide of a mafia lawyer hires an attorney to protect him when the District Attorney tries to use him to take down a mob family.,72615211.0,1.6136713555555555
The Specialist,R,45000000.0,170362582.0,1994-10-07,Action,110.0,5.6,59371.0,A woman entices a bomb expert shes involved with into destroying the mafia that killed her family.,125362582.0,2.7858351555555556
The Flintstones,PG,46000000.0,341631208.0,1994-05-26,Family,91.0,4.9,71389.0,"In a parallel modern-day Stone Age world, a working-class family, the Flintstones, are set up for an executive job. But they learn that money cant buy happiness.",295631208.0,6.426765391304348
Forrest Gump,PG-13,55000000.0,677945399.0,1994-07-06,Comedy,142.0,8.8,1657851.0,"The presidencies of Kennedy and Johnson, the events of Vietnam, Watergate, and other history unfold through the perspective of an Alabama man with an IQ of 75.",622945399.0,11.326279981818182
Stargate,PG-13,55000000.0,196567262.0,1994-10-27,Science Fiction,121.0,7.1,167516.0,"An interstellar teleportation device, found in Egypt, leads to a planet with humans resembling ancient Egyptians who worship the god Ra.",141567262.0,2.5739502181818184
Disclosure,R,55000000.0,214015089.0,1994-12-09,Drama,123.0,6.1,43455.0,"A computer specialist is sued for sexual harassment by a former lover turned boss who initiated the act forcefully, which threatens both his career and his personal life.",159015089.0,2.891183436363636
Interview with the Vampire,R,60000000.0,223664608.0,1994-11-11,Horror,123.0,6.9,83296.0,"A vampire tells his epic life story: love, betrayal, loneliness, and hunger.",163664608.0,2.7277434666666664
Clear and Present Danger,PG-13,62000000.0,215887717.0,1994-08-03,Thriller,141.0,6.9,83296.0,CIA Analyst Jack Ryan is drawn into an illegal war fought by the US government against a Colombian drug cartel.,153887717.0,2.482059951612903
Wolf,R,70000000.0,131000000.0,1994-06-17,Fantasy,125.0,6.2,49903.0,Publisher Will Randall becomes a werewolf and has to fight to keep his job.,61000000.0,0.8714285714285714
Maverick,PG,75000000.0,183000000.0,1994-05-20,Action,127.0,7.0,96405.0,"Bret Maverick, needing money for a poker tournament, faces various comic mishaps and challenges, including a charming woman thief.",108000000.0,1.44
True Lies,R,115000000.0,378882411.0,1994-07-14,Action,141.0,7.2,223671.0,"A fearless, globe-trotting, terrorist-battling secret agent has his life turned upside down when he discovers his wife might be having an affair with a used car salesman while terrorists smuggle nuclear war heads into the United States.",263882411.0,2.2946296608695653
While You Were Sleeping,PG,17000000.0,182057016.0,1995-04-21,Romance,103.0,6.7,85626.0,A hopeless romantic Chicago Transit Authority token collector is mistaken for the fiancï¿½e of a coma patient.,165057016.0,9.709236235294117
Dangerous Minds,R,23000000.0,179519401.0,1995-08-11,Crime,99.0,6.5,45479.0,An ex-Marine turned teacher struggles to connect with her students in an inner city school.,156519401.0,6.805191347826087
Grumpier Old Men,PG-13,25000000.0,71500000.0,1995-12-22,Comedy,101.0,6.7,22759.0,"John and Max resolve to save their beloved bait shop from turning into an Italian restaurant, just as its new female owner catches Maxs attention.",46500000.0,1.86
Father of the Bride Part II,PG,30000000.0,76578911.0,1995-02-10,Comedy,106.0,6.0,31971.0,"George Banks must deal not only with the pregnancy of his daughter, but also with the unexpected pregnancy of his wife.",46578911.0,1.5526303666666668
Toy Story,G,30000000.0,373554033.0,1995-10-30,Animation,81.0,8.3,820625.0,A cowboy doll is profoundly threatened and jealous when a new spaceman figure supplants him as top toy in a boys room.,343554033.0,11.4518011
Ace Ventura: When Nature Calls,PG-13,30000000.0,212385533.0,1995-11-10,Comedy,90.0,6.4,191266.0,"Ace Ventura, Pet Detective, returns from a spiritual quest to investigate the disappearance of a rare white bat, the sacred animal of a tribe in Africa.",182385533.0,6.079517766666667
Get Shorty,R,30250000.0,115101622.0,1995-10-20,Comedy,105.0,6.9,72078.0,"A mobster travels to Hollywood to collect a debt, and discovers that the movie business is much the same as his current job.",84851622.0,2.805012297520661
Mr. Holland's Opus,PG,31000000.0,106269971.0,1995-12-29,Family,137.0,7.3,33906.0,A frustrated composer finds fulfillment as a high school music teacher.,75269971.0,2.428063580645161
Se7en,R,33000000.0,327311859.0,1995-09-22,Action,127.0,8.6,1323681.0,"Two detectives, a rookie and a veteran, hunt a serial killer who uses the seven deadly sins as his motives.",294311859.0,8.918541181818181
Casper,PG,50000000.0,287928194.0,1995-05-26,Family,100.0,6.1,110490.0,An afterlife therapist and his daughter meet a friendly young ghost when they move into a crumbling mansion in order to rid the premises of wicked spirits.,237928194.0,4.75856388
Congo,PG-13,50000000.0,152022101.0,1995-06-09,Drama,109.0,5.2,39870.0,"When an expedition to the African Congo ends in disaster, a new team is assembled to find out what went wrong.",102022101.0,2.04044202
Apollo 13,PG,52000000.0,355237933.0,1995-06-30,Drama,140.0,7.6,250975.0,NASA must devise a strategy to return Apollo 13 to Earth safely after the spacecraft undergoes massive internal damage putting the lives of the three astronauts on board in jeopardy.,303237933.0,5.831498711538462
Crimson Tide,R,53000000.0,157387195.0,1995-05-12,Thriller,116.0,7.3,95145.0,"On a U.S. nuclear missile sub, a young First Officer stages a mutiny, to prevent his trigger happy Captain from launching his missiles, before confirming his orders to do so.",104387195.0,1.9695697169811321
Pocahontas,G,55000000.0,346079773.0,1995-06-14,Animation,81.0,6.7,156670.0,An English soldier and the daughter of an Algonquin chief share a romance when English colonists invade seventeenth-century Virginia.,291079773.0,5.292359509090909
GoldenEye,PG-13,58000000.0,352194034.0,1995-11-16,Action,130.0,7.2,226013.0,"Years after a friend and fellow 00 agent is killed on a joint mission, a secret space based weapons program known as Goldeneye is stolen. James Bond sets out to stop a Russian crime syndicate from using the weapon.",294194034.0,5.072310931034483
Jumanji,PG,65000000.0,262797249.0,1995-12-15,Family,104.0,7.0,277496.0,"When two kids find and play a magical board game, they release a man trapped for decades in it and a host of dangers that can only be stopped by finishing the game.",197797249.0,3.0430346
Braveheart,R,72000000.0,210000000.0,1995-05-24,Action,177.0,8.3,907287.0,"When his secret bride is executed for assaulting an English soldier who tried to rape her, William Wallace begins a revolt against King Edward I of England.",138000000.0,1.9166666666666667
Die Hard: With a Vengeance,R,90000000.0,366101666.0,1995-05-19,Thriller,128.0,5.4,224254.0,"John McClane and a Harlem store owner are targeted by German terrorist Simon Gruber in New York City, where he plans to rob the Federal Reserve Building.",276101666.0,3.067796288888889
Batman Forever,PG-13,100000000.0,336529144.0,1995-06-16,Action,121.0,5.4,224254.0,"Batman must battle former district attorney Harvey Dent, who is now Two-Face and Edward Nygma, The Riddler with help from an amorous psychologist and a young circus acrobat who becomes his sidekick, Robin.",236529144.0,2.36529144
Waterworld,PG-13,175000000.0,264218220.0,1995-07-28,Action,135.0,6.2,169984.0,"In a future where the polar ice-caps have melted and Earth is almost entirely submerged, a mutated mariner fights starvation and outlaw smokers, and reluctantly helps a woman and a young girl try to find dry land.",89218220.0,0.5098184
Scream,R,14000000.0,173046663.0,1996-12-20,Horror,111.0,7.2,267513.0,"A year after the murder of her mother, a teenage girl is terrorized by a new killer, who targets the girl and her friends by using horror films as part of a deadly game.",159046663.0,11.360475928571429
The First Wives Club,PG,26000000.0,116400000.0,1996-09-20,Comedy,102.0,6.4,39451.0,"Reunited by the death of a college friend, three divorced women seek revenge on the husbands who left them for younger women.",90400000.0,3.476923076923077
The English Patient,R,27000000.0,231976425.0,1996-11-14,War,162.0,7.4,168450.0,"At the close of WWII, a young nurse tends to a badly-burned plane crash victim. His past is shown in flashbacks, revealing an involvement in a fateful love affair.",204976425.0,7.591719444444444
The Birdcage,R,31000000.0,185260553.0,1996-03-08,Comedy,117.0,7.1,74466.0,A gay cabaret owner and his drag queen companion agree to put up a false straight front so that their son can introduce them to his fiancï¿½es right-wing moralistic parents.,154260553.0,4.976146870967742
Phenomenon,PG,32000000.0,152036382.0,1996-07-05,Drama,123.0,6.4,71796.0,"An ordinary man sees a bright light descend from the sky, and discovers he now has super-intelligence and telekinesis.",120036382.0,3.7511369375
A Time to Kill,R,40000000.0,152266007.0,1996-07-24,Crime,149.0,7.5,121642.0,"In Canton, Mississippi, a fearless young lawyer and his assistant defend a black man accused of murdering two white men who raped his ten-year-old daughter, inciting violent retribution and revenge from the Ku Klux Klan.",112266007.0,2.806650175
Star Trek: First Contact,PG-13,46000000.0,150000000.0,1996-11-21,Science Fiction,111.0,7.6,111959.0,The Borg travel back in time intent on preventing Earths first contact with an alien species. Captain Picard and his crew pursue them to ensure that Zefram Cochrane makes his maiden flight reaching warp speed.,104000000.0,2.260869565217391
Broken Arrow,R,50000000.0,150270147.0,1996-02-09,Thriller,108.0,6.0,86863.0,Terrorists steal nuclear warheads from the U.S. military but dont count on a pilot and park ranger spoiling their plans.,100270147.0,2.00540294
Jerry Maguire,R,50000000.0,273552592.0,1996-12-06,Comedy,139.0,7.3,226489.0,"When a sports agent has a moral epiphany and is fired for expressing it, he decides to put his new philosophy to the test as an independent agent with the only athlete who stays with him and his former secretary.",223552592.0,4.47105184
The Nutty Professor,PG-13,54000000.0,128769345.0,1996-06-26,Comedy,95.0,5.6,103475.0,Grossly overweight yet good-hearted professor Sherman Klump takes a special chemical that turns him into the slim but obnoxious Buddy Love.,74769345.0,1.3846175
101 Dalmatians,G,54000000.0,320689294.0,1996-11-17,Comedy,103.0,5.7,94582.0,"An evil high-fashion designer plots to steal Dalmatian puppies in order to make an extravagant fur coat, but instead creates an extravagant mess.",266689294.0,4.93869062962963
The Rock,R,75000000.0,335062621.0,1996-06-06,Action,136.0,7.4,297268.0,"A mild-mannered chemist and an ex-con must lead the counterstrike when a rogue group of military men, led by a renegade general, threaten a nerve gas attack from Alcatraz against San Francisco.",260062621.0,3.4675016133333334
Independence Day,PG-13,75000000.0,816969268.0,1996-06-25,Action,145.0,7.0,503229.0,"The aliens are coming and their goal is to invade and destroy Earth. Fighting superior technology, mankinds best weapon is the will to survive.",741969268.0,9.892923573333332
Mission: Impossible,PG-13,80000000.0,457696359.0,1996-05-22,Action,110.0,7.1,365266.0,"An American agent, under false suspicion of disloyalty, must discover and expose the real spy without the help of his organization.",377696359.0,4.7212044875
Ransom,R,80000000.0,309492681.0,1996-11-08,Thriller,117.0,6.6,112739.0,"When a multimillionaire mans son is kidnapped, he cooperates with the police at first but then turns the tables on the kidnappers when he uses the ransom money as a reward for the capture of the kidnappers.",229492681.0,2.8686585125
Space Jam,PG,80000000.0,250200000.0,1996-11-15,Comedy,88.0,6.4,145336.0,"In a desperate attempt to win a basketball match and earn their freedom, the Looney Tunes seek the aid of retired basketball champion, Michael Jordan.",170200000.0,2.1275
Twister,PG-13,92000000.0,494471524.0,1996-05-10,Action,113.0,6.4,164803.0,"Bill and Jo Harding, advanced storm chasers on the brink of divorce, must join together to create an advanced weather alert system by putting themselves in the cross-hairs of extremely violent tornadoes.",402471524.0,4.374690478260869
The Hunchback of Notre Dame,PG,100000000.0,100138851.0,1996-06-21,Animation,91.0,6.9,130850.0,"A deformed bell-ringer must assert his independence from a vicious government minister in order to help his friend, a gypsy dancer.",138851.0,0.00138851
Eraser,R,100000000.0,242295562.0,1996-06-21,Drama,115.0,6.1,98473.0,A Witness Protection specialist becomes suspicious of his co-workers when dealing with a case involving high-tech weapons.,142295562.0,1.42295562
Michael,PG,119700000.0,119718203.0,1996-12-25,Fantasy,105.0,5.7,39051.0,Two tabloid reporters checking out a report of the Archangel Michael living with an old woman find that its true. But thats not the only surprise.,18203.0,0.0001520718462823726
Good Will Hunting,R,10000000.0,225933435.0,1997-12-05,Drama,126.0,8.3,787732.0,"Will Hunting, a janitor at M.I.T., has a gift for mathematics, but needs help from a psychologist to find direction in his life.",215933435.0,21.5933435
I Know What You Did Last Summer,R,17000000.0,125586134.0,1997-10-17,Horror,100.0,5.7,125924.0,Four young friends bound by a tragic accident are reunited when they find themselves being stalked by a hook-wielding maniac in their small seaside town.,108586134.0,6.387419647058824
Scream 2,R,24000000.0,172363301.0,1997-12-09,Horror,120.0,6.2,147635.0,"Two years after the first series of murders, as Sydney acclimates to college life, someone donning the Ghostface costume begins a new string of killings.",148363301.0,6.181804208333333
My Best Friend's Wedding,PG-13,38000000.0,299288605.0,1997-06-19,Comedy,105.0,6.3,120020.0,"When a womans long-time friend reveals hes engaged, she realizes she loves him herself and sets out to get him, with only days before the wedding.",261288605.0,6.876015921052631
Liar Liar,PG-13,45000000.0,302710615.0,1997-03-21,Comedy,86.0,6.9,264851.0,A fast-track lawyer cant lie for 24 hours due to his sons birthday wish after he disappoints his son for the last time.,257710615.0,5.726902555555555
As Good as It Gets,PG-13,50000000.0,314178011.0,1997-12-19,Comedy,139.0,7.7,258974.0,"A single mother and waitress, a misanthropic author, and a gay artist form an unlikely friendship after the artist is assaulted in a robbery.",264178011.0,5.28356022
George of the Jungle,PG,55000000.0,174400000.0,1997-07-15,Family,92.0,5.4,66725.0,A man raised in the jungle by apes falls in love with a wealthy American heiress.,119400000.0,2.170909090909091
The Lost World: Jurassic Park,PG-13,73000000.0,229074524.0,1997-05-23,Action,129.0,6.6,353168.0,"A research team is sent to the Jurassic Park Site B island to study the dinosaurs there, while an InGen team approaches with another agenda.",156074524.0,2.1380071780821917
Con Air,R,75000000.0,224012234.0,1997-06-01,Action,115.0,6.9,261542.0,Newly paroled ex-con and former U.S. Ranger Cameron Poe finds himself trapped in a prisoner transport plane when the passengers seize control.,149012234.0,1.9868297866666667
Conspiracy Theory,R,75000000.0,136982834.0,1997-08-07,Action,135.0,6.7,88858.0,"A man obsessed with conspiracy theories becomes a target after one of his theories turns out to be true. Unfortunately, in order to save himself, he has to figure out which theory it is.",61982834.0,0.8264377866666667
Face/Off,R,80000000.0,245676146.0,1997-06-27,Thriller,138.0,7.3,331618.0,"In order to foil a terrorist plot, an FBI agent undergoes a facial transplant surgery and assumes the identity and physical appearance of a terrorist, but the plan turns from bad to worse when the same terrorist impersonates the FBI agent.",165676146.0,2.070951825
Flubber,PG,80000000.0,177977226.0,1997-11-26,Science Fiction,93.0,5.3,79581.0,"An absent-minded professor discovers flubber, a rubber-like super-bouncy substance.",97977226.0,1.224715325
Hercules,G,85000000.0,252712101.0,1997-06-26,Animation,93.0,7.3,188044.0,The son of Zeus and Hera is stripped of his immortality as an infant and must become a true hero in order to reclaim it.,167712101.0,1.9730835411764707
Air Force One,R,85000000.0,315156409.0,1997-07-25,Action,124.0,6.5,170035.0,"Communist Radicals hijack Air Force One with The U.S. President and his family on board. The Vice President negotiates from Washington D.C., while the President, a Veteran, fights to rescue the hostages on board.",230156409.0,2.7077224588235294
Men in Black,PG-13,90000000.0,589390539.0,1997-07-02,Thriller,98.0,7.3,486947.0,A police officer joins a secret organization that polices and monitors extraterrestrial interactions on Earth.,499390539.0,5.548783766666666
Contact,PG,90000000.0,171120329.0,1997-07-11,Science Fiction,150.0,7.4,239569.0,"Dr. Ellie Arroway (Jodie Foster), after years of searching, finds conclusive radio proof of extraterrestrial intelligence, sending plans for a mysterious machine.",81120329.0,0.9013369888888889
Tomorrow Never Dies,PG-13,110000000.0,333011068.0,1997-12-11,Action,119.0,6.5,171081.0,James Bond heads to stop a media moguls plan to induce war between China and the UK in order to obtain exclusive global media coverage.,223011068.0,2.0273733454545453
Batman and Robin,PG-13,160000000.0,238200000.0,1997-06-12,Action,125.0,7.8,978389.0,Batman and Robin try to keep their relationship together even as they must stop Mr. Freeze and Poison Ivy from freezing Gotham City.,78200000.0,0.48875
Titanic,PG-13,200000000.0,1845034188.0,1997-11-18,Romance,194.0,7.8,978389.0,"A seventeen-year-old aristocrat falls in love with a kind but poor artist aboard the luxurious, ill-fated R.M.S. Titanic.",1645034188.0,8.22517094
There's Something About Mary,R,23000000.0,369884651.0,1998-07-15,Romance,119.0,7.1,278096.0,"A man gets a chance to meet up with his dream girl from high school, even though his date with her back then was a complete disaster.",346884651.0,15.081941347826087
The Waterboy,PG-13,23000000.0,185991646.0,1998-11-06,Comedy,90.0,6.1,140363.0,A waterboy for a college football team discovers he has a unique tackling ability and becomes a member of the team.,162991646.0,7.086593304347826
Shakespeare in Love,R,25000000.0,289317794.0,1998-12-11,History,122.0,7.1,203939.0,"A young Shakespeare, out of ideas and short of cash, meets his ideal woman and is inspired to write one of his most famous plays.",264317794.0,10.57271176
The Rugrats Movie,G,30000000.0,100491683.0,1998-11-20,Animation,79.0,5.9,17025.0,"Tommy, Chuckie, Phil and Lil gets lost in the forest after adopting a baby who has come to life.",70491683.0,2.3497227666666665
Rush Hour,PG-13,33000000.0,244386864.0,1998-09-18,Comedy,98.0,7.0,224449.0,"A loyal and dedicated Hong Kong Inspector teams up with a reckless and loudmouthed L.A.P.D. detective to rescue the Chinese Consuls kidnapped daughter, while trying to arrest a dangerous crime lord along the way.",211386864.0,6.405662545454545
Stepmom,PG-13,50000000.0,159700000.0,1998-12-25,Drama,124.0,6.8,56910.0,"A terminally-ill woman must deal with her ex-husbands new lover, who will be their childrens stepmother.",109700000.0,2.194
Patch Adams,PG-13,50000000.0,202292902.0,1998-12-25,Drama,115.0,6.8,97429.0,"The true story of a heroic man, Hunter Patch Adams, determined to become a medical doctor because he enjoys helping people. He ventured where no doctor had ventured before, using humour and pathos.",152292902.0,3.04585804
The Truman Show,PG,60000000.0,264118201.0,1998-06-04,Comedy,103.0,8.1,859224.0,An insurance salesman discovers his whole life is actually a reality TV show.,204118201.0,3.4019700166666667
You've Got Mail,PG,65000000.0,250821495.0,1998-12-17,Romance,119.0,6.6,180707.0,Two business rivals who despise each other in real life unwittingly fall in love over the Internet.,185821495.0,2.8587922307692306
Saving Private Ryan,R,70000000.0,481840909.0,1998-07-24,War,169.0,8.6,1140752.0,"Following the Normandy Landings, a group of U.S. soldiers go behind enemy lines to retrieve a paratrooper whose brothers have been killed in action.",411840909.0,5.8834415571428575
The Prince of Egypt,PG,70000000.0,218613188.0,1998-12-15,Animation,99.0,7.1,110340.0,An Egyptian prince learns of his identity as a Hebrew and his destiny to become the chosen deliverer of his people.,148613188.0,2.1230455428571426
Doctor Dolittle,PG-13,71000000.0,294456605.0,1998-06-22,Family,85.0,5.4,87146.0,A doctor discovers that he can communicate with animals.,223456605.0,3.1472761267605636
Deep Impact,PG-13,75000000.0,140464664.0,1998-05-08,Drama,120.0,6.2,153606.0,"Unless a comet can be destroyed before colliding with Earth, only those allowed into shelters will survive. Which people will survive?",65464664.0,0.8728621866666667
Mulan,G,90000000.0,304320254.0,1998-06-18,Animation,88.0,7.6,229669.0,"To save her father from death in the army, a young maiden secretly goes in his place and becomes one of Chinas greatest heroines in the process.",214320254.0,2.3813361555555557
Enemy of the State,R,90000000.0,250649836.0,1998-11-20,Thriller,132.0,7.3,216789.0,A lawyer becomes a target by a corrupt politician and his N.S.A. goons when he accidentally receives key evidence to a serious politically motivated crime.,160649836.0,1.7849981777777777
The Mask of Zorro,PG-13,95000000.0,250288523.0,1998-07-16,Action,136.0,6.7,159093.0,"A young thief (Antonio Banderas), seeking revenge for the death of his brother, is trained by the once great, but aged Zorro (Sir Anthony Hopkins), who also pursues vengeance of his own.",155288523.0,1.6346160315789473
A Bug's Life,G,120000000.0,363258859.0,1998-11-25,Animation,95.0,7.2,251436.0,"A misfit ant, looking for warriors to save his colony from greedy grasshoppers, recruits a group of bugs that turn out to be an inept circus troupe.",243258859.0,2.0271571583333334
Godzilla,PG-13,130000000.0,379014294.0,1998-05-20,Thriller,139.0,5.4,174600.0,"A giant, reptilian monster surfaces, leaving destruction in its wake as it strides into New York City. To stop it, an earthworm scientist, his reporter ex-girlfriend, and other unlikely heroes team up to save their city.",249014294.0,1.9154945692307692
Armageddon,PG-13,140000000.0,553799566.0,1998-07-01,Science Fiction,151.0,6.7,376785.0,"After discovering that an asteroid the size of Texas is going to impact Earth in less than a month, N.A.S.A. recruits a misfit team of deep core drillers to save the planet.",413799566.0,2.9557111857142857
Lethal Weapon 4,R,140000000.0,285444603.0,1998-07-10,Comedy,127.0,6.6,145685.0,"With personal crises and age weighing in on them, LAPD officers Riggs and Murtaugh must contend with deadly Chinese triads that are trying to free their former leaders out of prison and onto American soil.",145444603.0,1.0388900214285715
The Blair Witch Project,R,60000.0,248000000.0,1999-07-14,Horror,81.0,6.5,220304.0,"Three film students vanish after traveling into a Maryland forest to film a documentary on the local Blair Witch legend, leaving only their footage behind.",247940000.0,5.1071109754298245
American Pie,R,11000000.0,235483004.0,1999-07-09,Comedy,95.0,7.0,357670.0,Four teenage boys enter a pact to lose their virginity by prom night.,224483004.0,20.40754581818182
American Beauty,R,15000000.0,356296601.0,1999-09-15,Drama,122.0,8.3,1007472.0,A sexually frustrated suburban father has a mid-life crisis after becoming infatuated with his daughters best friend.,341296601.0,22.753106733333333
Big Daddy,PG-13,34200000.0,234801895.0,1999-06-25,Comedy,93.0,6.4,188280.0,"A lazy law school grad adopts a kid to impress his girlfriend, but everything doesnt go as planned and he becomes the unlikely foster father.",200601895.0,5.865552485380117
The Sixth Sense,PG-13,40000000.0,672806292.0,1999-08-06,Thriller,107.0,8.1,860079.0,A boy who communicates with spirits seeks the help of a disheartened child psychologist.,632806292.0,15.8201573
Notting Hill,PG-13,42000000.0,363889678.0,1999-05-13,Romance,124.0,7.1,251006.0,The life of a simple bookshop owner changes when he meets the most famous film star in the world.,321889678.0,7.664039952380953
The General's Daughter,R,60000000.0,149705852.0,1999-06-18,Thriller,116.0,6.3,49909.0,"When the daughter of a well-known and well-respected base commander is murdered, an undercover detective is summoned to look into the matter and finds a slew of cover-ups at West Point.",89705852.0,1.4950975333333334
The Green Mile,R,60000000.0,284600000.0,1999-12-10,Fantasy,189.0,8.6,1046936.0,"The lives of guards on Death Row are affected by one of their charges: a black man accused of child murder and rape, yet who has a mysterious gift.",224600000.0,3.743333333333333
The Matrix,R,63000000.0,463517383.0,1999-03-30,Science Fiction,136.0,8.7,1550148.0,A computer hacker learns from mysterious rebels about the true nature of his reality and his role in the war against its controllers.,400517383.0,6.357418777777778
Runaway Bride,PG,70000000.0,309457509.0,1999-07-30,Romance,116.0,5.5,88557.0,A reporter is assigned to write a story about a woman who has left a string of fiances at the altar.,239457509.0,3.4208215571428573
Double Jeopardy,R,70000000.0,177841558.0,1999-09-24,Crime,105.0,6.5,67389.0,"A woman framed for her husbands murder suspects he is still alive; as she has already been tried for the crime, she cant be re-prosecuted if she finds and kills him.",107841558.0,1.5405936857142857
Analyze This,R,80000000.0,176885658.0,1999-03-05,Comedy,103.0,6.7,139603.0,A comedy about a psychiatrist whose number one patient is an insecure mob boss.,96885658.0,1.211070725
The Mummy,PG-13,80000000.0,415885488.0,1999-04-16,Adventure,124.0,7.0,372009.0,"At an archaeological dig in the ancient city of Hamunaptra, an American serving in the French Foreign Legion accidentally awakens a mummy who begins to wreck havoc as he searches for the reincarnation of his long-lost love.",335885488.0,4.1985686
Toy Story 2,G,90000000.0,497366869.0,1999-10-30,Animation,92.0,7.9,489299.0,"When Woody is stolen by a toy collector, Buzz and his friends set out on a rescue mission to save Woody before he becomes a museum toy property with his roundup gang Jessie, Prospector, and Bullseye.",407366869.0,4.526298544444445
Star Wars: Episode I - The Phantom Menace,PG,115000000.0,924317558.0,1999-05-19,Science Fiction,136.0,6.5,667362.0,"Two Jedi escape a hostile blockade to find allies and come across a young boy who may bring balance to the Force, but the long dormant Sith resurface to claim their old glory.",809317558.0,7.037543982608696
Stuart Little,PG,133000000.0,300135367.0,1999-12-17,Family,84.0,5.9,117811.0,"The Little family adopt a charming young mouse named Stuart, but the family cat wants rid of him.",167135367.0,1.2566568947368422
The World Is Not Enough,PG-13,135000000.0,361832400.0,1999-11-08,Adventure,128.0,7.4,545440.0,"James Bond uncovers a nuclear plot while protecting an oil heiress from her former kidnapper, an international terrorist who can't feel pain.",226832400.0,1.68024
Tarzan,PG,150000000.0,448000000.0,1999-06-18,Animation,88.0,7.3,187724.0,A man raised by gorillas must decide where he really belongs when he discovers he is a human.,298000000.0,1.9866666666666666
Wild Wild West,PG-13,170000000.0,222104681.0,1999-06-29,Western,106.0,4.9,146265.0,"The two best special agents in the Wild West must save President Grant from the clutches of a diabolical, wheelchair-bound, steampunk-savvy, Confederate scientist bent on revenge for losing the Civil War.",52104681.0,0.30649812352941175
"Crouching Tiger, Hidden Dragon",PG-13,17000000.0,213525736.0,2000-10-01,Romance,120.0,7.8,242878.0,A young Chinese warrior steals a sword from a famed swordsman and then escapes into a world of romantic adventure with a mysterious man in the frontier of the nation.,196525736.0,11.560337411764706
Scary Movie,R,19000000.0,278019771.0,2000-07-07,Comedy,88.0,6.2,219032.0,"A year after disposing of the body of a man they accidentally killed, a group of dumb teenagers are stalked by a bumbling serial killer.",259019771.0,13.63261952631579
Big Momma's House,PG-13,30000000.0,173959438.0,2000-05-31,Crime,98.0,5.1,77180.0,"In order to protect a beautiful woman and her son from a robber, a male FBI agent disguises himself as a large grandmother.",143959438.0,4.798647933333333
Remember the Titans,PG,30000000.0,136706683.0,2000-09-29,Drama,113.0,7.8,186997.0,The true story of a newly appointed African-American coach and his high school team on their first season as a racially integrated unit.,106706683.0,3.556889433333333
Chicken Run,G,45000000.0,224834564.0,2000-06-21,Comedy,84.0,7.0,167036.0,"When a cockerel apparently flies into a chicken farm, the chickens see him as an opportunity to escape their evil owners.",179834564.0,3.9963236444444443
Traffic,R,48000000.0,207515725.0,2000-12-27,Drama,147.0,7.6,188060.0,"A conservative judge is appointed by the President to spearhead Americas escalating war against drugs, only to discover that his teenage daughter is a crack addict. Two DEA agents protect an informant. A jailed drug barons wife attempts to carry on the family business.",159515725.0,3.3232442708333334
Erin Brockovich,R,52000000.0,256271286.0,2000-03-17,Drama,131.0,7.3,161958.0,An unemployed single mother becomes a legal assistant and almost single-handedly brings down a California power company accused of polluting a citys water supply.,204271286.0,3.9282939615384613
Meet the Parents,PG-13,55000000.0,330444045.0,2000-10-06,Comedy,108.0,7.0,296549.0,"Male nurse Greg Focker meets his girlfriends parents before proposing, but her suspicious father is every dates worst nightmare.",275444045.0,5.008073545454545
What Women Want,PG-13,70000000.0,374111707.0,2000-12-15,Comedy,127.0,6.4,182948.0,"After an accident, a chauvinistic executive gains the ability to hear what women are really thinking.",304111707.0,4.344452957142857
X-Men,PG-13,75000000.0,296339527.0,2000-07-13,Adventure,104.0,7.4,545440.0,"In a world where mutants (evolved super-powered humans) exist and are discriminated against, two groups form for an inevitable clash: the supremacist Brotherhood, and the pacifist X-Men.",221339527.0,2.9511936933333334
Nutty Professor II: The Klumps,PG-13,84000000.0,123307945.0,2000-07-27,Comedy,106.0,4.4,46222.0,"Scientist Sherman Klumps inventions, his upcoming marriage to his pretty colleague Denise Gaines and his reputation are threatened by his evil clone Buddy Love.",39307945.0,0.4679517261904762
Cast Away,PG-13,90000000.0,429632142.0,2000-12-22,Drama,143.0,7.8,482899.0,A FedEx executive undergoes a physical and emotional transformation after crash landing on a deserted island.,339632142.0,3.773690466666667
Charlie's Angels,PG-13,92000000.0,264105545.0,2000-11-02,Comedy,98.0,5.5,166141.0,"Three women, detectives with a mysterious boss, retrieve stolen voice-ID software, using martial arts, tech skills, and sex appeal.",172105545.0,1.870712445652174
What Lies Beneath,PG-13,100000000.0,155464351.0,2000-07-21,Drama,130.0,6.6,111917.0,The wife of a university research scientist believes that her lakeside Vermont home is haunted by a ghost - or that she is losing her mind.,55464351.0,0.55464351
Gladiator,R,103000000.0,457640427.0,2000-05-01,Action,155.0,8.5,1243670.0,A former Roman General sets out to exact vengeance against the corrupt emperor who murdered his family and sent him into slavery.,354640427.0,3.4431109417475727
The Patriot,R,110000000.0,215294342.0,2000-06-28,History,165.0,7.2,241120.0,Peaceful farmer Benjamin Martin is driven to lead the Colonial Militia during the American Revolution when a sadistic British officer murders his son.,105294342.0,0.9572212909090909
The Perfect Storm,PG-13,120000000.0,325756637.0,2000-03-15,Drama,130.0,6.4,148948.0,An unusually intense storm pattern catches some commercial fishermen unaware and puts them in mortal danger.,205756637.0,1.7146386416666666
How the Grinch Stole Christmas,PG,123000000.0,345141403.0,2000-11-17,Family,104.0,6.1,186192.0,"On the outskirts of Whoville, there lives a green, revenge-seeking Grinch (Jim Carrey), who plans on ruining Christmas for all of the citizens of the town.",222141403.0,1.8060276666666666
Mission: Impossible II,PG-13,125000000.0,546388105.0,2000-05-24,Adventure,123.0,6.1,296109.0,"I.M.F. Agent Ethan Hunt (Tom Cruise) is sent to Sydney, Australia to find and destroy a genetically modified disease called Chimera.",421388105.0,3.37110484
Dinosaur,PG,127500000.0,354248063.0,2000-05-19,Animation,82.0,6.5,48922.0,An orphaned dinosaur raised by lemurs joins an arduous trek to a sancturary after a meteorite shower destroys his family home.,226748063.0,1.7784161803921568
American Pie 2,R,30000000.0,287553595.0,2001-08-10,Comedy,108.0,6.4,228537.0,"Jim and his friends are now in college, and they decide to meet up at the beach house for some fun.",257553595.0,8.585119833333334
Spy Kids,PG,35000000.0,147934180.0,2001-03-18,Family,88.0,5.4,101720.0,The children of secret-agent parents must save them from danger.,112934180.0,3.226690857142857
The Princess Diaries,G,37000000.0,165335153.0,2001-08-03,Romance,115.0,6.3,118754.0,"Mia Thermopolis has just found out that she is the heir apparent to the throne of Genovia. With her friends Lilly and Michael Moscovitz in tow, she tries to navigate through the rest of her sixteenth year.",128335153.0,3.468517648648649
The Fast and the Furious,PG-13,38000000.0,207283925.0,2001-06-22,Crime,106.0,6.8,327057.0,Los Angeles police officer Brian OConner must decide where his loyalty really lies when he becomes enamored with the street racing world he has been sent undercover to destroy.,169283925.0,4.454840131578948
Shrek,PG,60000000.0,484409218.0,2001-05-16,Animation,90.0,7.8,574978.0,"A mean lord exiles fairytale creatures to the swamp of a grumpy ogre, who must go on a quest and rescue a princess for the lord in order to get his land back.",424409218.0,7.073486966666667
A Beautiful Mind,PG-13,60000000.0,313542341.0,2001-12-11,Drama,135.0,8.2,788060.0,"After John Nash, a brilliant but asocial mathematician, accepts secret work in cryptography, his life takes a turn for the nightmarish.",253542341.0,4.2257056833333335
Vanilla Sky,R,68000000.0,203388341.0,2001-12-10,Mystery,136.0,6.9,237238.0,A self-indulgent and vain publishing magnate finds his privileged life upended after a vehicular accident with a resentful lover.,135388341.0,1.9910050147058824
Dr. Dolittle 2,PG,70000000.0,176104344.0,2001-06-22,Comedy,87.0,4.7,39656.0,Dolittle must save a forest and a bears life.,106104344.0,1.515776342857143
Ocean's Eleven,PG-13,85000000.0,450717150.0,2001-12-07,Thriller,116.0,7.8,482386.0,Danny Ocean and his eleven accomplices plan to rob three Las Vegas casinos simultaneously.,365717150.0,4.302554705882353
Hannibal,PG-13,87000000.0,351692268.0,2001-02-08,Thriller,131.0,6.8,240535.0,"Living in exile, Dr. Hannibal Lecter tries to reconnect with now disgraced F.B.I. Agent Clarice Starling, and finds himself a target for revenge from a powerful victim.",264692268.0,3.0424398620689654
Rush Hour 2,PG-13,90000000.0,347325802.0,2001-08-03,Comedy,90.0,6.6,188755.0,"Carter and Lee head to Hong Kong for a vacation, but become embroiled in a counterfeit money scam.",257325802.0,2.8591755777777776
Black Hawk Down,R,92000000.0,172989651.0,2001-12-28,War,144.0,7.7,345280.0,160 elite U.S. soldiers drop into Somalia to capture two top lieutenants of a renegade warlord and find themselves in a desperate battle with a large force of heavily-armed Somalis.,80989651.0,0.8803222934782609
Jurassic Park III,PG-13,93000000.0,368780809.0,2001-07-18,Adventure,92.0,7.4,985292.0,"A decidedly odd couple with ulterior motives convince Dr. Grant to go to Isla Sorna for a holiday, but their unexpected landing startles the islands new inhabitants.",275780809.0,2.9653850430107527
The Lord of the Rings: The Fellowship of the Ring,PG-13,93000000.0,871368364.0,2001-12-18,Fantasy,178.0,8.8,1545228.0,A meek Hobbit from the Shire and eight companions set out on a journey to destroy the powerful One Ring and save Middle-earth from the Dark Lord Sauron.,778368364.0,8.369552301075268
The Mummy Returns,PG-13,98000000.0,433013274.0,2001-04-28,Adventure,130.0,6.3,287749.0,"The mummified body of Imhotep is shipped to a museum in London, where he once again wakes and begins his campaign of rage and terror.",335013274.0,3.4185027959183674
Planet of the Apes,PG-13,100000000.0,362211740.0,2001-07-25,Science Fiction,119.0,5.7,203564.0,"In 2029, an Air Force astronaut crash-lands on a mysterious planet where evolved, talking apes dominate a race of primitive humans.",262211740.0,2.6221174
Lara Croft: Tomb Raider,PG-13,115000000.0,274703340.0,2001-06-11,Adventure,100.0,5.8,188607.0,Video game adventurer Lara Croft comes to life in a movie where she races against time and villains to recover powerful ancient artifacts.,159703340.0,1.388724695652174
"Monsters, Inc.",G,115000000.0,562816256.0,2001-11-01,Comedy,92.0,8.0,758349.0,"In order to power the city, monsters have to scare children so that they scream. However, the children are toxic to the monsters, and after a child gets through, 2 monsters realize things may not be what they think.",447816256.0,3.8940544
Harry Potter and the Sorcerer's Stone,PG,125000000.0,975100000.0,2001-11-04,Fantasy,152.0,7.6,583224.0,"An orphaned boy enrolls in a school of wizardry, where he learns the truth about himself, his family and the terrible evil that haunts the magical world.",850100000.0,6.8008
Pearl Harbor,PG-13,140000000.0,449220945.0,2001-05-21,War,183.0,6.2,297066.0,A tale of war and romance mixed in with history. The story follows two lifelong friends and a beautiful nurse who are caught up in the horror of an infamous Sunday morning in 1941.,309220945.0,2.208721035714286
My Big Fat Greek Wedding,PG,5000000.0,368744044.0,2002-02-22,Comedy,95.0,6.5,114907.0,A young Greek woman falls in love with a non-Greek and struggles to get her family to accept him while she comes to terms with her heritage and cultural identity.,363744044.0,72.7488088
Sweet Home Alabama,PG-13,30000000.0,180622424.0,2002-09-26,Romance,108.0,6.2,96978.0,"A young woman whos reinvented herself as a New York City socialite must return home to Alabama to obtain a divorce from her husband, after seven years of separation.",150622424.0,5.020747466666666
The Ring,PG-13,48000000.0,249348933.0,2002-10-18,Horror,115.0,7.1,303397.0,A journalist must investigate a mysterious videotape which seems to cause the death of anyone one week to the day after they view it.,201348933.0,4.1947694375
Mr. Deeds,PG-13,50000000.0,171269535.0,2002-06-28,Comedy,96.0,5.8,129182.0,"A sweet-natured, small-town guy inherits a controlling stake in a media conglomerate and begins to do business his way.",121269535.0,2.4253907
Ice Age,PG,59000000.0,383257136.0,2002-03-10,Animation,81.0,7.5,411963.0,"Set during the Ice Age, a sabertooth tiger, a sloth, and a wooly mammoth find a lost human infant, and they try to return him to his tribe.",324257136.0,5.495883661016949
The Bourne Identity,PG-13,60000000.0,214034224.0,2002-06-14,Action,119.0,7.9,481712.0,"A man is picked up by a fishing boat, bullet-riddled and suffering from amnesia, before racing to elude assassins and attempting to regain his memory.",154034224.0,2.567237066666667
Austin Powers in Goldmember,PG-13,63000000.0,296655431.0,2002-07-26,Science Fiction,94.0,6.2,186825.0,"Upon learning that his father has been kidnapped, Austin Powers must travel to 1975 and defeat the aptly named villain Goldmember, who is working with Dr. Evil.",233655431.0,3.708816365079365
The Santa Clause 2,G,65000000.0,172855065.0,2002-10-31,Family,104.0,5.6,45755.0,"Scott Calvin has been a humble Santa Claus for nearly ten years, but it might come to an end if he doesnt find a Mrs. Claus.",107855065.0,1.6593086923076923
xXx,PG-13,70000000.0,277448382.0,2002-08-09,Adventure,124.0,5.9,167855.0,"An extreme sports athlete, Xander Cage, is recruited by the government on a special mission.",207448382.0,2.963548314285714
Signs,PG-13,72000000.0,408247917.0,2002-08-02,Science Fiction,106.0,6.7,321975.0,A family living on a farm finds mysterious crop circles in their fields which suggests something more frightening to come.,336247917.0,4.670109958333334
The Lord of the Rings: The Two Towers,PG-13,79000000.0,926287400.0,2002-12-18,Fantasy,179.0,8.7,1383826.0,"While Frodo and Sam edge closer to Mordor with the help of the shifty Gollum, the divided fellowship makes a stand against Saurons new ally, Saruman, and his hordes of Isengard.",847287400.0,10.725156962025316
Lilo & Stitch,PG,80000000.0,145771527.0,2002-06-21,Animation,85.0,6.7,351725.0, A Hawaiian girl adopts an unusual pet who is actually a notorious extra-terrestrial fugitive.,65771527.0,0.8221440875
Scooby-Doo,PG,84000000.0,275650703.0,2002-06-14,Mystery,88.0,5.0,90185.0,"After an acrimonious break up, the Mystery Inc. gang are individually brought to an island resort to investigate strange goings on.",191650703.0,2.281555988095238
Harry Potter and the Chamber of Secrets,PG,100000000.0,876688482.0,2002-11-13,Fantasy,161.0,7.4,505027.0,An ancient prophecy seems to be coming true when a mysterious presence begins stalking the corridors of a school of magic and leaving its victims paralyzed.,776688482.0,7.76688482
Minority Report,PG-13,102000000.0,358372926.0,2002-06-20,Science Fiction,145.0,7.6,477892.0,"In a future where a special police unit is able to arrest murderers before they commit their crimes, an officer from that unit is himself accused of a future murder.",256372926.0,2.5134600588235294
Star Wars: Episode II - Attack of the Clones,PG-13,120000000.0,649398328.0,2002-05-15,Science Fiction,142.0,6.6,587304.0,"Ten years after initially meeting, Anakin Skywalker shares a forbidden romance with Padmï¿½ Amidala, while Obi-Wan Kenobi investigates an assassination attempt on the senator and discovers a secret clone army crafted for the Jedi.",529398328.0,4.411652733333334
Spider-Man,PG-13,139000000.0,821708551.0,2002-05-01,Fantasy,121.0,7.3,652224.0,"When bitten by a genetically modified spider, a nerdy, shy, and awkward high school student gains spider-like abilities that he eventually must use to fight evil as a superhero after tragedy befalls his family.",682708551.0,4.911572309352518
Men in Black 2,PG-13,140000000.0,441800000.0,2002-07-03,Action,88.0,7.4,489354.0,Agent J is sent to find Agent K and restore his memory after the re-appearance of a case from K's past.,301800000.0,2.1557142857142857
Die Another Day,PG-13,140000000.0,431971116.0,2002-11-17,Adventure,133.0,6.1,194441.0,"James Bond is sent to investigate the connection between a North Korean terrorist and a diamond mogul, who is funding the development of an international space weapon.",291971116.0,2.0855079714285716
Bringing Down the House,PG-13,20000000.0,132675402.0,2003-03-07,Comedy,105.0,5.6,33619.0,"When a lonely guy meets a woman on the internet who happens to be in prison, she breaks out to get him to prove her innocence, and proceeds to wreak havoc on his middle-class life.",112675402.0,5.6337701
Elf,PG,32000000.0,173398518.0,2003-10-09,Comedy,97.0,6.9,194453.0,"After discovering he is a human, a man raised as an elf at the North Pole decides to travel to New York City to locate his real father.",141398518.0,4.4187036875
Spy Kids 3-D: Game Over,PG,38000000.0,197011982.0,2003-07-25,Family,84.0,4.2,50809.0,"Carmens caught in a virtual reality game designed by the Kids new nemesis, the Toymaker. Its up to Juni to save his sister, and ultimately the world.",159011982.0,4.184525842105264
Cheaper by the Dozen,PG,40000000.0,190212113.0,2003-12-24,Comedy,98.0,5.8,88445.0,"With his wife doing a book tour, a father of twelve must handle a new job and his unstable brood.",150212113.0,3.755302825
Anger Management,PG-13,75000000.0,195745823.0,2003-04-11,Comedy,106.0,6.2,194353.0,"Dave Buznik is a businessman who is wrongly sentenced to an anger management program, where he meets an aggressive instructor.",120745823.0,1.6099443066666668
2 Fast 2 Furious,PG-13,76000000.0,236350661.0,2003-06-05,Thriller,107.0,5.9,236645.0,Former cop Brian OConner is called upon to bust a dangerous criminal and he recruits the help of a former childhood friend and street racer who has a chance to redeem himself.,160350661.0,2.1098771184210525
Bruce Almighty,PG-13,80000000.0,484572835.0,2003-05-23,Comedy,101.0,6.7,351725.0,A guy who complains about God too often is given almighty powers to teach him how difficult it is to run the world.,404572835.0,5.0571604375
S.W.A.T.,PG-13,80000000.0,116643346.0,2003-08-08,Crime,117.0,6.0,132856.0,"An imprisoned drug kingpin offers a huge cash reward to anyone that can break him out of police custody, and only the L.A.P.D.s Special Weapons and Tactics team can prevent it.",36643346.0,0.458041825
Something's Gotta Give,PG-13,80000000.0,266728738.0,2003-12-12,Drama,128.0,6.7,105201.0,A swinger on the cusp of being a senior citizen with a taste for young women falls in love with an accomplished woman closer to his age.,186728738.0,2.334109225
Seabiscuit,PG-13,87000000.0,148336445.0,2003-07-22,Drama,141.0,7.3,63813.0,True story of the undersized Depression-era racehorse whose victories lifted not only the spirits of the team behind it but also those of their nation.,61336445.0,0.7050166091954023
Finding Nemo,G,94000000.0,940335536.0,2003-05-30,Animation,100.0,8.1,887773.0,"After his son is captured in the Great Barrier Reef and taken to Sydney, a timid clownfish sets out on a journey to bring him home.",846335536.0,9.003569531914893
The Lord of the Rings: The Return of the King,PG-13,94000000.0,1118888979.0,2003-12-01,Fantasy,201.0,8.9,1529953.0,Gandalf and Aragorn lead the World of Men against Saurons army to draw his gaze from Frodo and Sam as they approach Mount Doom with the One Ring.,1024888979.0,10.903074244680852
X2: X-Men United,PG-13,110000000.0,407700000.0,2003-05-02,Action,133.0,7.4,489354.0,"When anti-mutant Colonel William Stryker kidnaps Professor X and attacks his school, the X-Men must ally with their archenemy Magneto to stop him.",297700000.0,2.7063636363636365
Bad Boys II,R,130000000.0,273339556.0,2003-07-18,Comedy,147.0,6.6,210294.0,Two loose-cannon narcotics cops investigate the flow of Ecstasy into Florida from a Cuban drug cartel.,143339556.0,1.1026119692307692
Hulk,PG-13,137000000.0,245360480.0,2003-06-19,Science Fiction,138.0,5.6,242722.0,"Bruce Banner, a genetics researcher with a tragic past, suffers an accident that causes him to transform into a raging green monster when he gets angry.",108360480.0,0.7909524087591241
Pirates of the Caribbean: The Curse of the Black Pearl,PG-13,140000000.0,655011224.0,2003-07-09,Adventure,143.0,8.0,976208.0,"Blacksmith Will Turner teams up with eccentric pirate Captain Jack Sparrow to save his love, the governors daughter, from Jacks former pirate allies, who are now undead.",515011224.0,3.6786516
The Last Samurai,R,140000000.0,456758981.0,2003-12-05,War,154.0,7.7,376039.0,An American military advisor embraces the Samurai culture he was hired to destroy after he is captured in battle.,316758981.0,2.26256415
The Matrix Reloaded,R,150000000.0,738599701.0,2003-05-15,Science Fiction,138.0,7.2,487328.0,"Following the events of The Matrix (1999), Neo and the rebel leaders estimate they have 72 hours until 250,000 probes discover Zion and destroy it and its inhabitants. Neo must decide how he can save Trinity from a dark fate in his dreams.",588599701.0,3.923998006666667
The Matrix Revolutions,R,150000000.0,424988211.0,2003-11-05,Science Fiction,129.0,6.7,423134.0,The human city of Zion defends itself against the massive invasion of the machines as Neo fights to end the war at another front while also opposing the rogue Agent Smith.,274988211.0,1.83325474
Terminator 3: Rise of the Machines,R,200000000.0,435000000.0,2003-07-02,Thriller,109.0,6.3,357127.0,A cybernetic warrior from a post-apocalyptic future travels back in time to protect a 25-year old drifter and his future wife from a most advanced robotic assassin and to ensure they both survive a nuclear attack.,235000000.0,1.175
Fahrenheit 9/11,R,6000000.0,119114517.0,2004-06-25,Drama,122.0,7.5,123244.0,Michael Moores view on what happened to the United States after September 11; and how the Bush Administration allegedly used the tragic event to push forward its agenda for unjust wars in Afghanistan and Iraq.,113114517.0,18.8524195
DodgeBall: A True Underdog Story,PG-13,20000000.0,167722310.0,2004-06-18,Comedy,92.0,6.1,232864.0, A group of misfits enter a Las Vegas dodgeball tournament in order to save their cherished local gym from the onslaught of a corporate health fitness chain.,147722310.0,7.3861155
The Passion of the Christ,R,30000000.0,611899420.0,2004-02-25,Drama,127.0,7.1,203486.0,"Depicts the final twelve hours in the life of Jesus of Nazareth, on the day of his crucifixion in Jerusalem.",581899420.0,19.396647333333334
The Village,PG-13,60000000.0,256697520.0,2004-07-30,Drama,108.0,6.5,231358.0,A series of events tests the beliefs of a small isolated countryside village.,196697520.0,3.278292
50 First Dates,PG-13,75000000.0,196482882.0,2004-02-13,Comedy,99.0,6.8,308950.0,"Henry Roth is a man afraid of commitment up until he meets the beautiful Lucy. They hit it off and Henry think hes finally found the girl of his dreams, until he discovers she has short-term memory loss and forgets him the next day.",121482882.0,1.61977176
The Bourne Supremacy,PG-13,75000000.0,288500217.0,2004-07-23,Action,108.0,7.7,412796.0,"When Jason Bourne is framed for a CIA operation gone awry, he is forced to resume his former life as a trained assassin to survive.",213500217.0,2.84666956
Shark Tale,PG,75000000.0,367275019.0,2004-09-20,Animation,90.0,6.0,157494.0,"When a son of a gangster shark boss is accidentally killed while on the hunt, his would-be prey and his vegetarian brother decide to use the incident to their own advantage.",292275019.0,3.897000253333333
Meet the Fockers,PG-13,80000000.0,516642939.0,2004-12-22,Comedy,115.0,6.3,241144.0,All hell breaks loose when the Byrnes family meets the Focker family for the first time.,436642939.0,5.4580367375
The Incredibles,PG,92000000.0,631442092.0,2004-11-05,Animation,115.0,8.0,617102.0,"A family of undercover superheroes, while trying to live the quiet suburban life, are forced into action to save the world.",539442092.0,5.863501
National Treasure,PG,100000000.0,347451894.0,2004-11-19,Mystery,131.0,6.8,289084.0,A historian races to find the legendary Templar Treasure before a team of mercenaries.,247451894.0,2.47451894
Ocean's Twelve,PG-13,110000000.0,362744280.0,2004-12-09,Thriller,125.0,6.5,337180.0,Daniel Ocean recruits one more team member so he can pull off three major European heists in this sequel to Oceans 11.,252744280.0,2.2976752727272727
"I, Robot",PG-13,120000000.0,347234916.0,2004-07-15,Science Fiction,115.0,7.1,472748.0,"In 2035, a technophobic cop investigates a crime that may have been perpetrated by a robot, which leads to a larger threat to humanity.",227234916.0,1.8936243
The Day After Tomorrow,PG-13,125000000.0,544272402.0,2004-05-26,Action,124.0,6.4,393340.0,"Jack Hall, paleoclimatologist, must make a daring trek from Washington, D.C. to New York City to reach his son, trapped in the cross-hairs of a sudden international storm which plunges the planet into a new Ice Age.",419272402.0,3.354179216
Harry Potter and the Prisoner of Azkaban,PG,130000000.0,789804554.0,2004-05-31,Fantasy,141.0,7.9,501648.0,"Its Harrys third year at Hogwarts; not only does he have a new Defense Against the Dark Arts teacher, but there is also trouble brewing. Convicted murderer Sirius Black has escaped the Wizards Prison and is coming after Harry.",659804554.0,5.075419646153846
Lemony Snicket's A Series of Unfortunate Events,PG,140000000.0,209073645.0,2004-12-16,Comedy,108.0,6.8,187021.0,"When a massive fire kills their parents, three children are delivered to the custody of cousin and stage actor Count Olaf, who is secretly plotting to steal their parents vast fortune.",69073645.0,0.49338317857142855
Shrek 2,PG,150000000.0,919838758.0,2004-05-19,Animation,93.0,7.2,391295.0,Princess Fionas parents invite her and Shrek to dinner to celebrate her marriage. If only they knew the newlyweds were both ogres.,769838758.0,5.132258386666667
Van Helsing,PG-13,160000000.0,300257475.0,2004-05-05,Horror,132.0,6.1,232864.0,The notorious monster hunter is sent to Transylvania to stop Count Dracula who is using Dr. Frankensteins research and a werewolf for some sinister purpose.,140257475.0,0.87660921875
The Polar Express,G,165000000.0,305875730.0,2004-11-10,Animation,100.0,6.6,158237.0,"On Christmas Eve, a young boy embarks on a magical adventure to the North Pole on the Polar Express, while learning about friendship, bravery, and the spirit of Christmas.",140875730.0,0.8537923030303031
Troy,R,175000000.0,497409852.0,2004-05-13,War,163.0,7.2,460689.0,"An adaptation of Homers great epic, the film follows the assault on Troy by the united Greek forces and chronicles the fates of the men involved.",322409852.0,1.8423420114285713
Spider-Man 2,PG-13,200000000.0,783766341.0,2004-06-25,Action,127.0,7.3,511447.0,Peter Parker is beset with troubles in his failing personal life as he battles a brilliant scientist named Doctor Otto Octavius.,583766341.0,2.918831705
The 40 Year Old Virgin,R,26000000.0,109449237.0,2005-08-11,Comedy,116.0,7.7,500448.0,"Goaded by his buddies, a nerdy guy who's never ""done the deed"" only finds the pressure mounting when he meets a single mother.",83449237.0,3.2095860384615387
Walk the Line,PG-13,28000000.0,186438883.0,2005-09-13,Drama,136.0,7.8,218317.0,"A chronicle of country music legend Johnny Cashs life, from his early days on an Arkansas cotton farm to his rise to fame with Sun Records in Memphis, where he recorded alongside Elvis Presley, Jerry Lee Lewis, and Carl Perkins.",158438883.0,5.658531535714285
Wedding Crashers,R,40000000.0,285176741.0,2005-07-14,Comedy,119.0,6.9,318291.0,"John Beckwith and Jeremy Grey, a pair of committed womanizers who sneak into weddings to take advantage of the romantic tinge in the air, find themselves at odds with one another when John meets and falls for Claire Cleary.",245176741.0,6.129418525
Flightplan,PG-13,55000000.0,223387299.0,2005-09-22,Thriller,98.0,6.3,145570.0,"A bereaved woman and her daughter are flying home from Berlin to America. At 30,000 feet, the child vanishes, and nobody will admit she was ever on the plane.",168387299.0,3.0615872545454543
The Pacifier,PG,56000000.0,113006880.0,2005-03-04,Comedy,95.0,5.6,82064.0,"Having recovered from wounds received in a failed rescue operation, Navy SEAL Shane Wolfe is handed a new assignment: Protect the five Plummer kids from enemies of their recently deceased father -- a government scientist whose top-secret experiment remains in the kids house.",57006880.0,1.01798
Hitch,PG-13,70000000.0,368100420.0,2005-02-10,Comedy,118.0,6.6,282005.0,"While helping his latest client woo the woman of his dreams, a professional date doctor finds that his game doesnt quite work on the gossip columnist with whom hes smitten.",298100420.0,4.258577428571429
Robots,PG,75000000.0,260696994.0,2005-03-10,Animation,91.0,6.3,124743.0,"In a robot world, a young idealistic inventor travels to the big city to join his inspirations company, only to find himself opposing its sinister new management.",185696994.0,2.47595992
Madagascar,PG,75000000.0,532680671.0,2005-05-25,Animation,86.0,6.9,340576.0,"A group of animals who have spent all their life in a New York zoo end up in the jungles of Madagascar, and must adjust to living in the wild.",457680671.0,6.1024089466666664
The Longest Yard,PG-13,82000000.0,190320568.0,2005-05-19,Drama,113.0,6.4,153016.0,Prison inmates form a football team to challenge the prison guards.,108320568.0,1.3209825365853658
Fantastic Four,PG-13,100000000.0,330579719.0,2005-06-29,Action,106.0,5.7,300723.0,"A group of astronauts gain superpowers after a cosmic radiation exposure and must use them to oppose the plans of their enemy, Doctor Victor Von Doom.",230579719.0,2.30579719
Fun with Dick and Jane,PG-13,100000000.0,202026112.0,2005-12-21,Comedy,90.0,6.1,126990.0,"When an affluent couple lose all their money following a series of blunders, they turn to a life of crime to make ends meet.",102026112.0,1.02026112
Mr. & Mrs. Smith,PG-13,110000000.0,478207520.0,2005-06-07,Comedy,120.0,6.7,150380.0,,368207520.0,3.347341090909091
Star Wars: Episode III - Revenge of the Sith,PG-13,113000000.0,850000000.0,2005-05-17,Science Fiction,140.0,7.5,653713.0,"Three years into the Clone Wars, the Jedi rescue Palpatine from Count Dooku. As Obi-Wan pursues a new threat, Anakin acts as a double agent between the Jedi Council and Palpatine and is lured into a sinister plan to rule the galaxy.",737000000.0,6.522123893805309
War of the Worlds,PG-13,132000000.0,591739379.0,2005-06-28,Science Fiction,116.0,6.5,394088.0,"As Earth is invaded by alien tripod fighting machines, one family fights for survival in this sci-fi action film.",459739379.0,3.4828740833333334
Batman Begins,PG-13,150000000.0,374218673.0,2005-06-10,Action,140.0,8.2,1222163.0,"After training with his mentor, Batman begins his fight to free crime-ridden Gotham City from corruption.",224218673.0,1.4947911533333333
Charlie and the Chocolate Factory,PG,150000000.0,474968763.0,2005-07-13,Family,115.0,6.6,397238.0,"A young boy wins a tour through the most magnificent chocolate factory in the world, led by the worlds most unusual candy maker.",324968763.0,2.16645842
Chicken Little,G,150000000.0,314432665.0,2005-11-04,Animation,81.0,5.7,80293.0,"After ruining his reputation with the town, a courageous chicken must come to the rescue of his fellow citizens when aliens start an invasion.",164432665.0,1.0962177666666666
Harry Potter and the Goblet of Fire,PG-13,150000000.0,895921036.0,2005-11-05,Fantasy,157.0,7.7,500448.0,"A young wizard finds himself competing in a hazardous tournament between rival schools of magic, but he is distracted by recurring nightmares.",745921036.0,4.9728069066666665
"The Chronicles of Narnia: The Lion, the Witch and the Wardrobe",PG,180000000.0,748806957.0,2005-12-07,Fantasy,143.0,6.9,345525.0,Four kids travel through a wardrobe to the land of Narnia and learn of their destiny to free it with the guidance of a mystical lion.,568806957.0,3.16003865
King Kong,PG-13,207000000.0,550000000.0,2005-12-14,Adventure,187.0,7.2,372684.0,"A greedy film producer assembles a team of moviemakers and sets out for the infamous Skull Island, where they find more than just cannibalistic natives.",343000000.0,1.6570048309178744
Borat: Cultural Learnings of America for Make Benefit Glorious Nation of Kazakhstan,R,18000000.0,261572744.0,2006-11-01,Comedy,82.0,7.3,336918.0,"Kazakh TV talking head Borat is dispatched to the United States to report on the greatest country in the world. With a documentary crew in tow, Borat becomes more interested in locating and marrying Pamela Anderson.",243572744.0,13.531819111111112
The Devil Wears Prada,PG-13,35000000.0,326551094.0,2006-06-30,Comedy,109.0,6.9,346453.0,"A smart but sensible new graduate lands a job as an assistant to Miranda Priestly, the demanding editor-in-chief of a high fashion magazine.",291551094.0,8.330031257142856
Scary Movie 4,PG-13,45000000.0,178262620.0,2006-04-13,Comedy,83.0,5.0,108367.0,"Cindy finds out the house she lives in is haunted by a little boy and goes on a quest to find out who killed him and why. Also, Alien Tr-iPods are invading the world and she has to uncover the secret in order to stop them.",133262620.0,2.9613915555555557
The Break-Up,PG-13,52000000.0,204999686.0,2006-06-01,Romance,106.0,5.8,119027.0,"In a bid to keep their luxurious condo from their significant other, a couples break-up proceeds to get uglier and nastier by the moment.",152999686.0,2.9423016538461537
The Pursuit of Happyness,PG-13,55000000.0,307077295.0,2006-12-14,Drama,117.0,8.0,414068.0,A struggling salesman takes custody of his son as hes poised to begin a life-changing professional career.,252077295.0,4.583223545454546
Dreamgirls,PG-13,70000000.0,154937680.0,2006-12-25,Drama,134.0,6.5,65268.0,"A trio of black female soul singers cross over to the pop charts in the early 1960s, facing their own personal struggles along the way.",84937680.0,1.2133954285714286
Talladega Nights: The Ballad of Ricky Bobby,PG-13,72500000.0,162966177.0,2006-08-04,Comedy,116.0,6.6,157099.0,"Number one NASCAR driver Ricky Bobby stays atop the heap thanks to a pact with his best friend and teammate, Cal Naughton, Jr. But when a French Formula One driver, makes his way up the ladder, Ricky Bobbys talent and devotion are put to the test.",90466177.0,1.2478093379310344
Ice Age: The Meltdown,PG,80000000.0,660940780.0,2006-03-23,Animation,91.0,6.8,240160.0,"Manny, Sid, and Diego discover that the ice age is coming to an end, and join everybody for a journey to higher ground. On the trip, they discover that Manny, in fact, is not the last of the woolly mammoths.",580940780.0,7.26175975
Over the Hedge,PG,80000000.0,343397247.0,2006-04-22,Animation,83.0,6.7,150380.0,"A scheming raccoon fools a mismatched family of forest creatures into helping him repay a debt of food, by invading the new suburban sprawl that popped up while they were hibernating...and learns a lesson about family himself.",263397247.0,3.2924655875
Click,PG-13,82500000.0,237681299.0,2006-06-22,Comedy,107.0,6.4,288262.0,A workaholic architect finds a universal remote that allows him to fast-forward and rewind to different parts of his life. Complications arise when the remote starts to overrule his choices.,155181299.0,1.8809854424242425
The Departed,R,90000000.0,289847354.0,2006-10-05,Drama,151.0,8.5,1101383.0,An undercover cop and a mole in the police attempt to identify each other while infiltrating an Irish gang in South Boston.,199847354.0,2.2205261555555555
Happy Feet,PG,100000000.0,384335608.0,2006-11-16,Animation,108.0,6.4,160365.0,"Into the world of the Emperor Penguins, who find their soul mates through song, a penguin is born who cannot sing. But he can tap dance something fierce!",284335608.0,2.84335608
Night at the Museum,PG,110000000.0,574480841.0,2006-10-20,Family,108.0,6.4,292901.0,A newly recruited night security guard at the Museum of Natural History discovers that an ancient curse causes the animals and exhibits on display to come to life and wreak havoc.,464480841.0,4.2225531
Cars,G,120000000.0,461983149.0,2006-06-08,Animation,117.0,7.1,338715.0,"A hot-shot race-car named Lightning McQueen gets waylaid in Radiator Springs, where he finds the true meaning of friendship and family.",341983149.0,2.849859575
The Da Vinci Code,PG-13,125000000.0,767820459.0,2006-05-17,Mystery,149.0,6.6,378434.0,"A murder inside the Louvre, and clues in Da Vinci paintings, lead to the discovery of a religious mystery protected by a secret society for two thousand years, which could shake the foundations of Christianity.",642820459.0,5.142563672
Mission: Impossible III,PG-13,150000000.0,397850012.0,2006-05-03,Adventure,126.0,6.9,311936.0,IMF Agent Ethan Hunt comes into conflict with a dangerous and sadistic arms dealer who threatens his life and his fiancee in response.,247850012.0,1.6523334133333334
Casino Royale,PG-13,150000000.0,599045960.0,2006-11-14,Thriller,144.0,8.0,546930.0,"Armed with a license to kill, Secret Agent James Bond sets out on his first mission as 007, and must defeat a private banker to terrorists in a high stakes game of poker at Casino Royale, Montenegro, but things are not what they seem.",449045960.0,2.9936397333333336
Pirates of the Caribbean: Dead Man's Chest,PG-13,200000000.0,1065659812.0,2006-06-20,Adventure,151.0,7.3,622392.0,"Jack Sparrow races to recover the heart of Davy Jones to avoid enslaving his soul to Jones service, as other friends and foes seek the heart for their own agenda as well.",865659812.0,4.32829906
X-Men: The Last Stand,PG-13,210000000.0,459359555.0,2006-05-24,Action,104.0,6.7,461302.0,"The human government develops a cure for mutations, and Jean Gray becomes a darker uncontrollable persona called the Phoenix who allies with Magneto, causing escalation into an all-out battle for the X-Men.",249359555.0,1.1874264523809523
Superman Returns,PG-13,270000000.0,391081192.0,2006-06-28,Action,154.0,6.0,262915.0,"Superman returns to Earth after spending five years in space examining his homeworld Krypton. But he finds things have changed while he was gone, and he must once again prove himself important to the world.",121081192.0,0.44844885925925926
Juno,PG-13,7500000.0,231411584.0,2007-12-05,Comedy,96.0,7.4,471466.0,"Faced with an unplanned pregnancy, an offbeat young woman makes an unusual decision regarding her unborn child.",223911584.0,29.854877866666666
Knocked Up,R,30000000.0,219076518.0,2007-06-01,Comedy,129.0,6.9,335994.0,"For fun-loving party animal Ben Stone, the last thing he ever expected was for his one-night stand to show up on his doorstep eight weeks later to tell him shes pregnant with his child.",189076518.0,6.3025506
Wild Hogs,PG-13,60000000.0,253625427.0,2007-03-02,Comedy,100.0,5.8,110340.0,"A group of suburban biker wannabes looking for adventure hit the open road, but get more than they bargained for when they encounter a New Mexico gang called the Del Fuegos.",193625427.0,3.22709045
300,R,60000000.0,454161935.0,2007-03-09,Action,155.0,8.1,681249.0,,394161935.0,6.569365583333333
Alvin and the Chipmunks,PG,60000000.0,361366633.0,2007-12-13,Family,92.0,5.2,71035.0,Three musical chipmunks are discovered by an aspiring songwriter and wants to become famous by using their amazing singing abilities.,301366633.0,5.022777216666666
The Bourne Ultimatum,PG-13,70000000.0,442824138.0,2007-08-03,Action,115.0,8.0,584584.0,Jason Bourne dodges a ruthless C.I.A. official and his Agents from a new assassination program while searching for the origins of his life as a trained killer.,372824138.0,5.326059114285714
The Simpsons Movie,PG-13,75000000.0,527068851.0,2007-07-25,Comedy,87.0,7.3,296295.0,"After Homer accidentally pollutes the towns water supply, Springfield is encased in a gigantic dome by the EPA and the family are declared fugitives.",452068851.0,6.02758468
Enchanted,PG,85000000.0,340487652.0,2007-11-20,Family,107.0,7.0,167752.0,"A young maiden in a land called Andalasia, who is prepared to be wed, is sent away to New York City by an evil queen, where she falls in love with a lawyer.",255487652.0,3.0057370823529412
American Gangster,R,100000000.0,266465037.0,2007-11-02,Crime,157.0,7.8,372553.0,"An outcast New York City cop is charged with bringing down Harlem drug lord Frank Lucas, whose real life inspired this partly biographical film.",166465037.0,1.66465037
Live Free or Die Hard,PG-13,110000000.0,383531464.0,2007-06-20,Thriller,128.0,7.1,375083.0,John McClane and a young hacker join forces to take down master cyber-terrorist Thomas Gabriel in Washington D.C.,273531464.0,2.486649672727273
Fantastic 4: Rise of the Silver Surfer,PG,130000000.0,289047763.0,2007-06-13,Action,92.0,5.6,241962.0,The Fantastic Four learn that they arent the only super-powered beings in the universe when they square off against the powerful Silver Surfer and the planet-eating Galactus.,159047763.0,1.2234443307692309
National Treasure: Book of Secrets,PG,130000000.0,457363168.0,2007-12-13,Mystery,124.0,6.5,208233.0,Benjamin Gates must follow a clue left in John Wilkes Booths diary to prove his ancestors innocence in the assassination of Abraham Lincoln.,327363168.0,2.5181782153846153
Rush Hour 3,PG-13,140000000.0,258022233.0,2007-08-08,Comedy,91.0,6.2,144312.0,"After an attempted assassination on Ambassador Han, Lee and Carter head to Paris to protect a French woman with knowledge of the Triads secret leaders.",118022233.0,0.84301595
Ratatouille,G,150000000.0,623722818.0,2007-06-22,Animation,111.0,8.0,594171.0,A rat who can cook makes an unusual alliance with a young kitchen worker at a famous restaurant.,473722818.0,3.15815212
Transformers,PG-13,150000000.0,709709780.0,2007-06-27,Action,144.0,7.0,575579.0,"An ancient struggle between two Cybertronian races, the heroic Autobots and the evil Decepticons, comes to Earth, with a clue to the ultimate power held by a teenager.",559709780.0,3.7313985333333335
Harry Potter and the Order of the Phoenix,PG-13,150000000.0,938212738.0,2007-06-28,Fantasy,138.0,7.5,465046.0,"With their warning about Lord Voldemorts return scoffed at, Harry and Dumbledore are targeted by the Wizard authorities as an authoritarian bureaucrat slowly seizes power at Hogwarts.",788212738.0,5.254751586666667
I Am Legend,PG-13,150000000.0,585349010.0,2007-12-14,Drama,101.0,7.2,645359.0,"Years after a plague kills most of humanity and transforms the rest into monsters, the sole survivor in New York City struggles valiantly to find a cure.",435349010.0,2.902326733333333
Shrek the Third,PG,160000000.0,798958165.0,2007-05-17,Animation,93.0,6.0,261818.0,"When his new father-in-law, King Harold falls ill, Shrek is looked at as the heir to the land of Far, Far Away. Not one to give up his beloved swamp, Shrek recruits his friends Donkey and Puss in Boots to install the rebellious Artie as the new king. Princess Fiona, however, rallies a band of royal girlfriends to fend off a coup detat by the jilted Prince Charming.",638958165.0,3.99348853125
Spider-Man 3,PG-13,258000000.0,890871626.0,2007-05-01,Action,139.0,6.2,470900.0,"A strange black entity from another world bonds with Peter Parker and causes inner turmoil as he contends with new villains, temptations, and revenge.",632871626.0,2.4529907984496124
Pirates of the Caribbean: At World's End,PG-13,300000000.0,961000000.0,2007-05-19,Adventure,169.0,7.1,565402.0,"Captain Barbossa, Will Turner and Elizabeth Swann must sail off the edge of the map, navigate treachery and betrayal, find Jack Sparrow, and make their final alliances for one last decisive battle.",661000000.0,2.203333333333333
Slumdog Millionaire,R,15000000.0,377910544.0,2008-05-12,Drama,120.0,8.0,758215.0,A Mumbai teenager reflects on his life after being accused of cheating on the Indian version of Who Wants to be a Millionaire?,362910544.0,24.194036266666668
Gran Torino,R,33000000.0,269958228.0,2008-12-09,Drama,116.0,8.1,681249.0,"Disgruntled Korean War veteran Walt Kowalski (Clint Eastwood) sets out to reform his neighbor, Thao Lor (Bee Vang), a Hmong teenager who tried to steal Kowalskis prized possession: a 1972 Gran Torino.",236958228.0,7.180552363636363
Twilight,PG-13,37000000.0,392616625.0,2008-11-20,Romance,122.0,5.2,400765.0,"Bella Swan moves to Forks and encounters Edward Cullen, a gorgeous boy with a secret.",355616625.0,9.611260135135135
Mamma Mia!,PG-13,52000000.0,609841637.0,2008-07-03,Romance,108.0,6.4,198801.0,The story of a bride-to-be trying to find her real father told using hit songs by the popular 1970s group ABBA.,557841637.0,10.727723788461539
Marley and Me,PG,60000000.0,247800000.0,2008-12-25,Drama,115.0,4.7,252223.0,,187800000.0,3.13
Sex and the City,R,65000000.0,415252786.0,2008-05-12,Drama,145.0,5.6,111683.0,A New York City writer on sex and love is finally getting married to her Mr. Big. But her three best girlfriends must console her after one of them inadvertently leads Mr. Big to jilt her.,350252786.0,5.3885044
Wanted,R,75000000.0,258270008.0,2008-06-19,Crime,110.0,6.7,345360.0,A frustrated office worker learns that he is the son of a professional assassin and that he shares his fathers superhuman killing abilities.,183270008.0,2.4436001066666666
Get Smart,PG-13,80000000.0,230685453.0,2008-06-19,Comedy,110.0,6.5,192963.0,"Maxwell Smart, a highly intellectual but bumbling spy working for the CONTROL agency, is tasked with preventing a terrorist attack from rival spy agency KAOS.",150685453.0,1.8835681625
Horton Hears a Who!,G,85000000.0,297138014.0,2008-03-03,Animation,88.0,6.8,123219.0,Horton the Elephant struggles to protect a microscopic community from his neighbors who refuse to believe it exists.,212138014.0,2.4957413411764704
Kung Fu Panda,PG,130000000.0,631744560.0,2008-06-04,Animation,90.0,7.5,390478.0,"The Dragon Warrior has to clash against the savage Tai Lung as Chinas fate hangs in the balance. However, the Dragon Warrior mantle is supposedly mistaken to be bestowed upon an obese panda who is a novice in martial arts.",501744560.0,3.8595735384615386
Iron Man,PG-13,140000000.0,585174222.0,2008-04-30,Action,126.0,7.9,885440.0,"After being held captive in an Afghan cave, billionaire engineer Tony Stark creates a unique weaponized suit of armor to fight evil.",445174222.0,3.1798158714285716
The Incredible Hulk,PG-13,150000000.0,163712074.0,2008-06-12,Action,114.0,6.7,410953.0,"Bruce Banner, a scientist on the run from the U.S. Government, must find a cure for the monster he turns into, whenever he loses his temper.",13712074.0,0.09141382666666667
Hancock,PG-13,150000000.0,624029371.0,2008-07-01,Fantasy,92.0,6.4,420160.0,Hancock is a superhero whose ill considered behavior regularly causes damage in the millions. He changes when the person he saves helps him improve his public image.,474029371.0,3.1601958066666667
Madagascar: Escape 2 Africa,PG,150000000.0,603900354.0,2008-10-30,Animation,89.0,6.6,189290.0,"The Madagascar animals fly back to New York City, but crash-land on an African nature reserve, where they meet others of their own kind, and Alex especially discovers his royal heritage as prince of a lion pride.",453900354.0,3.02600236
The Curious Case of Benjamin Button,PG-13,150000000.0,333932083.0,2008-11-24,Mystery,166.0,7.8,549809.0,"Tells the story of Benjamin Button, a man who starts aging backwards with bizarre consequences.",183932083.0,1.2262138866666668
WALL-E,G,180000000.0,533300000.0,2008-06-23,Animation,97.0,7.6,429384.0,,353300000.0,1.9627777777777777
Indiana Jones and the Kingdom of the Crystal Skull,PG-13,185000000.0,786636033.0,2008-05-21,Adventure,122.0,6.1,400210.0,"In 1957, archaeologist and adventurer Dr. Henry Indiana Jones, Jr. is called back into action and becomes entangled in a Soviet plot to uncover the secret behind mysterious artifacts known as the Crystal Skulls.",601636033.0,3.2520866648648648
The Dark Knight,PG-13,185000000.0,1004558444.0,2008-07-16,Action,152.0,9.0,2127228.0,"When the menace known as the Joker wreaks havoc and chaos on the people of Gotham, Batman must accept one of the greatest psychological and physical tests of his ability to fight injustice.",819558444.0,4.430045643243243
Quantum of Solace,PG-13,200000000.0,586090727.0,2008-10-30,Action,106.0,6.6,382597.0,James Bond descends into mystery as he tries to stop a mysterious organization from eliminating a countrys most valuable resource.,386090727.0,1.930453635
The Chronicles of Narnia: Prince Caspian,PG,225000000.0,419651413.0,2008-05-15,Fantasy,150.0,6.5,182624.0,"The Pevensie siblings return to Narnia, where they are enlisted to once again help ward off an evil king and restore the rightful heir to the lands throne, Prince Caspian.",194651413.0,0.8651173911111111
Taken,PG-13,25000000.0,226800000.0,2009-01-30,Thriller,90.0,7.6,473121.0,,201800000.0,8.072
Paul Blart: Mall Cop,PG,26000000.0,183293131.0,2009-01-15,Comedy,91.0,5.2,97379.0,"When a shopping mall is taken over by a gang of organized crooks, its up to a mild-mannered security guard to save the day.",157293131.0,6.049735807692308
The Blind Side,R,29000000.0,309208309.0,2009-11-20,Drama,129.0,7.6,272556.0,"The story of Michael Oher, a homeless and traumatized boy who became an All-American football player and first-round NFL draft pick with the help of a caring woman and her family.",280208309.0,9.66235548275862
The Hangover,R,35000000.0,459270619.0,2009-06-05,Comedy,100.0,7.7,681246.0,"Three buddies wake up from a bachelor party in Las Vegas, with no memory of the previous night and the bachelor missing. They make their way around the city in order to find their friend before his wedding.",424270619.0,12.122017685714285
The Proposal,PG-13,40000000.0,317375031.0,2009-06-01,Romance,108.0,6.7,277605.0,A pushy boss forces her young assistant to marry her in order to keep her visa status in the U.S. and avoid deportation to Canada.,277375031.0,6.934375775
The Twilight Saga: New Moon,PG-13,50000000.0,709827462.0,2009-03-15,Romance,130.0,4.7,252223.0,"Edward leaves Bella after an attack that nearly claimed her life, and, in her depression, she falls into yet another difficult relationship - this time with her close friend, Jacob Black.",659827462.0,13.19654924
Alvin and the Chipmunks: The Squeakquel,PG,75000000.0,443140005.0,2009-12-21,Family,88.0,4.5,40285.0,"The world famous singing pre-teen chipmunk trio return to contend with the pressures of school, celebrity, and a rival female music group known as The Chipettes.",368140005.0,4.9085334
Fast and Furious,PG-13,85000000.0,363200000.0,2009-04-03,Thriller,107.0,8.8,1888105.0,,278200000.0,3.2729411764705882
Ice Age: Dawn of the Dinosaurs,PG,90000000.0,886686817.0,2009-06-29,Animation,94.0,6.9,208859.0,"When Sids attempt to adopt three dinosaur eggs gets him abducted by their real mother to an underground lost world, his friends attempt to rescue him.",796686817.0,8.852075744444445
Sherlock Holmes,PG-13,90000000.0,524028679.0,2009-12-23,Mystery,128.0,7.6,556227.0,Detective Sherlock Holmes and his stalwart partner Watson engage in a battle of wits and brawn with a nemesis whose plot is a threat to all of England.,434028679.0,4.822540877777778
X-Men Origins: Wolverine,PG-13,150000000.0,373062864.0,2009-04-28,Action,107.0,6.6,445334.0,"The early years of James Logan, featuring his rivalry with his brother Victor Creed, his service in the special forces team Weapon X, and his experimentation into the metal-lined mutant Wolverine.",223062864.0,1.48708576
Star Trek,PG-13,150000000.0,385680446.0,2009-05-06,Science Fiction,127.0,7.9,561041.0,The brash James T. Kirk tries to live up to his fathers legacy with Mr. Spock keeping him in check as a vengeful Romulan from the future creates black holes to destroy the Federation one planet at a time.,235680446.0,1.5712029733333333
Night at the Museum: Battle of the Smithsonian,PG,150000000.0,413106170.0,2009-05-20,Family,105.0,6.0,164438.0,"Security guard Larry Daley infiltrates the Smithsonian Institution in order to rescue Jedediah and Octavius, who have been shipped to the museum by mistake.",263106170.0,1.7540411333333332
Transformers: Revenge of the Fallen,PG-13,150000000.0,836297228.0,2009-06-19,Action,150.0,6.0,369460.0,"Sam Witwicky leaves the Autobots behind for a normal life. But when his mind is filled with cryptic symbols, the Decepticons target him and he is dragged back into the Transformers war.",686297228.0,4.575314853333333
Monsters vs Aliens,PG,175000000.0,381509870.0,2009-03-19,Animation,94.0,7.7,374981.0,,206509870.0,1.1800564
Up,PG,175000000.0,735099082.0,2009-05-13,Animation,96.0,8.2,867393.0,"Seventy-eight year old Carl Fredricksen travels to Paradise Falls in his home equipped with balloons, inadvertently taking a young stowaway.",560099082.0,3.200566182857143
G.I. Joe: The Rise of Cobra,PG-13,175000000.0,302469017.0,2009-08-04,Action,118.0,5.8,192848.0,"An elite military unit comprised of special operatives known as G.I. Joe, operating out of The Pit, takes on an evil organization led by a notorious arms dealer.",127469017.0,0.7283943828571429
2012,PG-13,200000000.0,769653595.0,2009-10-10,Adventure,158.0,4.3,28949.0,,569653595.0,2.848267975
Avatar,PG-13,237000000.0,2787965087.0,2009-12-10,Adventure,162.0,7.8,1064378.0,A paraplegic Marine dispatched to the moon Pandora on a unique mission becomes torn between following his orders and protecting the world he feels is his home.,2550965087.0,10.763565767932489
Harry Potter and the Half-Blood Prince,PG,250000000.0,933959197.0,2009-07-07,Fantasy,153.0,7.6,429384.0,"As Harry Potter begins his sixth year at Hogwarts, he discovers an old book marked as the property of the Half-Blood Prince and begins to learn more about Lord Voldemorts dark past.",683959197.0,2.735836788
The King's Speech,R,15000000.0,414211549.0,2010-09-06,Drama,118.0,8.0,603556.0,"The story of King George VI, his impromptu ascension to the throne of the British Empire in 1936, and the speech therapist who helped the unsure monarch overcome his stammer.",399211549.0,26.614103266666667
True Grit,PG-13,38000000.0,252276927.0,2010-12-22,Western,110.0,7.6,289841.0,A stubborn teenager enlists the help of a tough U.S. Marshal to track down her fathers murderer.,214276927.0,5.6388665
The Karate Kid,PG,40000000.0,357852395.0,2010-06-10,Action,140.0,6.2,149538.0,"Work causes a single mother to move to China with her young son; in his new home, the boy embraces kung fu, taught to him by a master.",317852395.0,7.946309875
The Twilight Saga: Eclipse,PG-13,68000000.0,698491347.0,2010-06-23,Romance,124.0,5.0,215110.0,"As a string of mysterious killings grips Seattle, Bella, whose high school graduation is fast approaching, is forced to choose between her love for vampire Edward and her friendship with werewolf Jacob.",630491347.0,9.271931573529411
Despicable Me,PG,69000000.0,543513985.0,2010-07-08,Animation,95.0,7.6,473121.0,"When a criminal mastermind uses a trio of orphan girls as pawns for a grand scheme, he finds their love is profoundly changing him for the better.",474513985.0,6.877014275362319
Shutter Island,R,80000000.0,294804195.0,2010-02-18,Drama,138.0,8.1,1033626.0,"In 1954, a U.S. Marshal investigates the disappearance of a murderer who escaped from a hospital for the criminally insane.",214804195.0,2.6850524375
Grown Ups,PG-13,80000000.0,271430189.0,2010-06-24,Comedy,102.0,5.9,214850.0,"After their high school basketball coach passes away, five good friends and former teammates reunite for a Fourth of July holiday weekend.",191430189.0,2.3928773625
Little Fockers,PG-13,100000000.0,310650585.0,2010-12-21,Comedy,98.0,5.5,100845.0,"Family-patriarch Jack Byrnes wants to appoint a successor. Does his son-in-law, the male nurse Greg Focker, have what it takes?",210650585.0,2.10650585
Clash of the Titans,PG-13,125000000.0,493200000.0,2010-04-02,Thriller,108.0,5.8,260054.0,"Perseus demigod, son of Zeus, battles the minions of the underworld to stop them from conquering heaven and earth.",368200000.0,2.9456
Megamind,PG,130000000.0,321887208.0,2010-10-28,Animation,95.0,7.2,212563.0,"The supervillain Megamind finally defeats his nemesis, the superhero Metro Man. But without a hero, he loses all purpose and must find new meaning to his life.",191887208.0,1.4760554461538462
The Last Airbender,PG,150000000.0,318502923.0,2010-06-30,Adventure,103.0,4.1,139750.0,"Follows the adventures of Aang, a young successor to a long line of Avatars, who must master all four elements and stop the Fire Nation from enslaving the Water Tribes and the Earth Kingdom.",168502923.0,1.12335282
Inception,PG-13,160000000.0,825532764.0,2010-07-14,Action,148.0,8.8,1888105.0,A thief who steals corporate secrets through the use of dream-sharing technology is given the inverse task of planting an idea into the mind of a C.E.O.,665532764.0,4.159579775
How to Train Your Dragon,PG,165000000.0,494878759.0,2010-03-05,Animation,98.0,8.1,624128.0,"A hapless young Viking who aspires to hunt dragons becomes the unlikely friend of a young dragon himself, and learns there may be more to the creatures than he assumed.",329878759.0,1.999265206060606
Shrek Forever After,PG,165000000.0,752600867.0,2010-05-16,Animation,93.0,6.3,171513.0,Rumpelstiltskin tricks a mid-life crisis burdened Shrek into allowing himself to be erased from existence and cast in a dark alternate timeline where Rumpel rules supreme.,587600867.0,3.561217375757576
Tron Legacy,PG,170000000.0,400000000.0,2010-12-17,Science Fiction,125.0,6.9,545814.0,,230000000.0,1.3529411764705883
Alice in Wonderland,PG,200000000.0,1025491110.0,2010-03-03,Fantasy,108.0,6.4,364339.0,"Nineteen-year-old Alice returns to the magical world from her childhood adventure, where she reunites with her old friends and learns of her true destiny: to end the Red Queens reign of terror.",825491110.0,4.12745555
Iron Man 2,PG-13,200000000.0,623933331.0,2010-04-28,Action,124.0,7.0,675501.0,"With the world now aware of his identity as Iron Man, Tony Stark must contend with both his declining health and a vengeful mad man with ties to his fathers legacy.",423933331.0,2.119666655
Toy Story 3,G,200000000.0,1066969703.0,2010-06-16,Animation,103.0,8.3,705408.0,"The toys are mistakenly delivered to a day-care center instead of the attic right before Andy leaves for college, and its up to Woody to convince the other toys that they werent abandoned and to return home.",866969703.0,4.334848515
Harry Potter and the Deathly Hallows: Part 1,PG-13,250000000.0,954305868.0,2010-10-17,Fantasy,146.0,7.7,436403.0,"As Harry, Ron and Hermione race against time and evil to destroy the Horcruxes, they uncover the existence of the three most powerful objects in the wizarding world: the Deathly Hallows.",704305868.0,2.817223472
Tangled,PG,260000000.0,591794936.0,2010-11-24,Animation,100.0,7.7,374981.0,"The magically long-haired Rapunzel has spent her entire life in a tower, but now that a runaway thief has stumbled upon her, she is about to discover the world for the first time, and who she really is.",331794936.0,1.2761343692307692
The Help,PG-13,25000000.0,124272124.0,2011-08-09,Drama,146.0,8.1,399843.0,"An aspiring author during the civil rights movement of the 1960s decides to write a book detailing the African American maids point of view on the white families for which they work, and the hardships they go through on a daily basis.",99272124.0,3.97088496
Bridesmaids,R,32500000.0,288383523.0,2011-04-28,Comedy,125.0,6.8,253501.0,"Competition between the maid of honor and a bridesmaid, over who is the brides best friend, threatens to upend the life of an out-of-work pastry chef.",255883523.0,7.8733391692307695
Alvin and the Chipmunks: Chipwrecked,G,75000000.0,342695435.0,2011-12-14,Family,87.0,4.3,28949.0,"Playing around while aboard a cruise ship, the Chipmunks and Chipettes accidentally go overboard and end up marooned in a tropical paradise. They discover their new turf is not as deserted as it seems.",267695435.0,3.569272466666667
The Hangover Part II,R,80000000.0,254455986.0,2011-05-25,Comedy,102.0,6.4,440120.0,"Two years after the bachelor party in Las Vegas, Phil, Stu, Alan, and Doug jet to Thailand for Stus wedding. Stus plan for a subdued pre-wedding brunch, however, goes seriously awry.",174455986.0,2.180699825
Rio,G,90000000.0,484635760.0,2011-04-03,Animation,96.0,6.9,194794.0,"When Blu, a domesticated macaw from small-town Minnesota, meets the fiercely independent Jewel, he takes off on an adventure to Rio de Janeiro with the bird of his dreams.",394635760.0,4.384841777777778
Rise of the Planet of the Apes,PG-13,93000000.0,482860185.0,2011-08-03,Science Fiction,105.0,7.6,478465.0,A substance designed to help the brain repair itself gives advanced intelligence to a chimpanzee who leads an ape uprising.,389860185.0,4.192045
The Twilight Saga: Breaking Dawn - Part 1,PG-13,110000000.0,712171856.0,2011-03-15,Romance,117.0,4.9,211592.0,"The Quileutes close in on expecting parents Edward and Bella, whose unborn child poses a threat to the Wolf Pack and the towns people of Forks.",602171856.0,5.4742896
The Smurfs,PG,110000000.0,563749323.0,2011-07-29,Animation,103.0,5.4,78902.0,"When the evil wizard Gargamel chases the tiny blue Smurfs out of their village, they tumble from their magical world into New York City.",453749323.0,4.124993845454545
Fast Five,PG-13,125000000.0,626137675.0,2011-04-20,Action,130.0,7.3,335531.0,Dominic Toretto and his crew of street racers plan a massive heist to buy their freedom while in the sights of a powerful Brazilian drug lord and a dangerous federal agent.,501137675.0,4.0091014
Harry Potter and the Deathly Hallows: Part 2,PG-13,125000000.0,1342000000.0,2011-07-07,Fantasy,130.0,8.1,706836.0,"Harry, Ron, and Hermione search for Voldemorts remaining Horcruxes in their effort to destroy the Dark Lord as the final battle rages on at Hogwarts.",1217000000.0,9.736
Sherlock Holmes: A Game of Shadows,PG-13,125000000.0,334615000.0,2011-11-22,Mystery,129.0,7.5,399957.0,"Detective Sherlock Holmes is on the trail of criminal mastermind Professor Moriarty, who is carrying out a string of random crimes across Europe.",209615000.0,1.67692
Puss in Boots: The Three Diablos,PG,130000000.0,555000000.0,2011-12-08,Animation,130.0,7.8,727724.0,,425000000.0,3.269230769230769
Captain America: The First Avenger,PG-13,140000000.0,370569774.0,2011-07-22,Action,124.0,6.9,687208.0,"Steve Rogers, a rejected military soldier transforms into Captain America after taking a dose of a Super-Soldier serum. But being Captain America comes at a price as he attempts to take down a war monger and a terrorist organization.",230569774.0,1.646926957142857
Mission: Impossible - Ghost Protocol,PG-13,145000000.0,694713380.0,2011-12-07,Thriller,133.0,7.4,434810.0,"The IMF is shut down when its implicated in the bombing of the Kremlin, causing Ethan Hunt and his new team to go rogue to clear their organizations name.",549713380.0,3.7911267586206896
Thor,PG-13,150000000.0,449326618.0,2011-04-21,Action,115.0,7.0,700777.0,"The powerful but arrogant god Thor is cast out of Asgard to live amongst humans in Midgard (Earth), where he soon becomes one of their finest defenders.",299326618.0,1.9955107866666666
Kung Fu Panda 2,PG,150000000.0,665692281.0,2011-05-25,Animation,91.0,7.2,234612.0,"Po and his friends fight to stop a peacock villain from conquering China with a deadly new weapon, but first the Dragon Warrior must come to terms with his past.",515692281.0,3.43794854
Transformers: Dark of the Moon,PG-13,195000000.0,1123746996.0,2011-06-28,Action,154.0,6.2,370672.0,"The Autobots learn of a Cybertronian spacecraft hidden on the moon, and race against the Decepticons to reach it and to learn its secrets.",928746996.0,4.762805107692308
Cars 2,G,200000000.0,559852396.0,2011-06-11,Animation,106.0,6.1,144174.0,Star race car Lightning McQueen and his pal Mater head overseas to compete in the World Grand Prix race. But the road to the championship becomes rocky as Mater gets caught up in an intriguing adventure of his own: international espionage.,359852396.0,1.79926198
Pirates of the Caribbean: On Stranger Tides,PG-13,380000000.0,1045713802.0,2011-05-14,Action,136.0,6.6,455211.0,"Jack Sparrow and Barbossa embark on a quest to find the elusive fountain of youth, only to discover that Blackbeard and his daughter are after it too.",665713802.0,1.7518784263157894
Taken 2,PG-13,45000000.0,376141306.0,2012-09-27,Thriller,91.0,6.2,276940.0,"In Istanbul, retired CIA operative Bryan Mills and his wife are taken hostage by the father of a kidnapper Mills killed while rescuing his daughter.",331141306.0,7.358695688888889
Ted,R,50000000.0,549368315.0,2012-06-29,Comedy,106.0,6.9,545814.0,"John Bennett, a man whose childhood wish of bringing his teddy bear to life came true, now must decide between keeping the relationship with the bear or his girlfriend, Lori.",499368315.0,9.9873663
Les Miserables,PG-13,61000000.0,441800000.0,2012-12-05,Drama,158.0,7.5,527284.0,,380800000.0,6.242622950819672
Lincoln,PG-13,65000000.0,275293450.0,2012-11-09,History,149.0,7.3,232227.0,"As the American Civil War continues to rage, Americas president struggles with continuing carnage on the battlefield as he fights with many inside his own cabinet on the decision to emancipate the slaves.",210293450.0,3.235283846153846
The Lorax,PG,70000000.0,348840316.0,2012-03-01,Animation,86.0,6.4,91777.0,"A 12-year-old boy searches for the one thing that will enable him to win the affection of the girl of his dreams. To find it he must discover the story of the Lorax, the grumpy yet charming creature who fights to protect his world.",278840316.0,3.9834330857142857
The Hunger Games,PG-13,75000000.0,691210692.0,2012-03-12,Adventure,142.0,7.2,805367.0,Katniss Everdeen voluntarily takes her younger sisters place in the Hunger Games: a televised competition in which two teenagers from each of the twelve Districts of Panem are chosen at random to fight to the death.,616210692.0,8.21614256
Hotel Transylvania,PG,85000000.0,358375603.0,2012-09-20,Animation,91.0,7.1,208916.0,"Dracula, who operates a high-end resort away from the human world, goes into overprotective mode when a boy discovers the resort and falls for the counts teenaged daughter.",273375603.0,3.2161835647058825
Ice Age: Continental Drift,PG,95000000.0,877244782.0,2012-06-26,Animation,88.0,6.6,179430.0,"Manny, Diego, and Sid embark upon another adventure after their continent is set adrift. Using an iceberg as a ship, they encounter sea creatures and battle pirates as they explore a new world.",782244782.0,8.2341556
Django Unchained,R,100000000.0,425368238.0,2012-12-25,Western,165.0,8.4,1246157.0,"With the help of a German bounty hunter, a freed slave sets out to rescue his wife from a brutal Mississippi plantation owner.",325368238.0,3.25368238
The Twilight Saga: Breaking Dawn - Part 2,PG-13,120000000.0,829000000.0,2012-11-13,Romance,115.0,5.5,218357.0,"After the birth of Renesmee/Nessie, the Cullens gather other vampire clans in order to protect the child from a false allegation that puts the family in front of the Volturi.",709000000.0,5.908333333333333
Madagascar 3: Europe's Most Wanted,PG,145000000.0,746921274.0,2012-06-06,Animation,93.0,6.8,150894.0,"The Madagascar animals join a struggling European circus to get back to New York, but find themselves being pursued by a psychotic animal control officer.",601921274.0,4.1511812
Wreck-It Ralph,PG,165000000.0,471222889.0,2012-11-01,Animation,108.0,7.7,354202.0,"A video game villain wants to be a hero and sets out to fulfill his dream, but his quest brings havoc to the whole arcade where he lives.",306222889.0,1.855896296969697
Snow White and the Huntsman,PG-13,170000000.0,396600000.0,2012-05-30,Fantasy,127.0,6.1,262152.0,"In a twist to the fairy tale, the Huntsman ordered to take Snow White into the woods to be killed winds up becoming her protector and mentor in a quest to vanquish the Evil Queen.",226600000.0,1.3329411764705883
Brave,PG,185000000.0,538983207.0,2012-06-21,Animation,93.0,7.1,346490.0,"Determined to make her own path in life, Princess Merida defies a custom that brings chaos to her kingdom. Granted one wish, Merida must rely on her bravery and her archery skills to undo a beastly curse.",353983207.0,1.9134227405405406
Skyfall,PG-13,200000000.0,1108561013.0,2012-10-25,Action,143.0,7.7,599462.0,"Bonds loyalty to M is tested when her past comes back to haunt her. When MI6 comes under attack, 007 must track down and destroy the threat, no matter how personal the cost.",908561013.0,4.542805065
The Amazing Spider-Man,PG-13,215000000.0,752215857.0,2012-06-27,Action,136.0,6.9,534526.0,"After Peter Parker is bitten by a genetically altered spider, he gains newfound, spider-like powers and ventures out to save the city from the machinations of a mysterious reptilian foe.",537215857.0,2.4986784046511628
The Avengers,PG-13,220000000.0,1519557910.0,2012-04-25,Action,143.0,8.0,1205002.0,Earths mightiest heroes must come together and learn to fight as a team if they are going to stop the mischievous Loki and his alien army from enslaving humanity.,1299557910.0,5.907081409090909
Men in Black 3,PG-13,225000000.0,624026776.0,2012-05-23,Action,106.0,6.8,317807.0,Agent J travels in time to M.I.B.s early days in 1969 to stop an alien from assassinating his friend Agent K and changing history.,399026776.0,1.7734523377777778
The Dark Knight Rises,PG-13,250000000.0,1084939099.0,2012-07-16,Action,165.0,8.4,1418253.0,"Eight years after the Jokers reign of anarchy, Batman, with the help of the enigmatic Catwoman, is forced from his exile to save Gotham City from the brutal guerrilla terrorist Bane.",834939099.0,3.339756396
The Hobbit: An Unexpected Journey,PG-13,250000000.0,1021103568.0,2012-11-26,Fantasy,169.0,7.8,727724.0,"A reluctant Hobbit, Bilbo Baggins, sets out to the Lonely Mountain with a spirited group of dwarves to reclaim their mountain home, and the gold within it from the dragon Smaug.",771103568.0,3.084414272
The Conjuring,R,13000000.0,318000141.0,2013-07-18,Horror,112.0,7.5,410378.0,Paranormal investigators Ed and Lorraine Warren work to help a family terrorized by a dark presence in their farmhouse.,305000141.0,23.46154930769231
Identity Thief,R,35000000.0,173965010.0,2013-02-07,Comedy,111.0,5.7,117864.0,Mild mannered businessman Sandy Patterson travels from Denver to Florida to confront the deceptively harmless looking woman who has been living it up after stealing Sandys identity.,138965010.0,3.970428857142857
We're The Millers,R,37000000.0,270000000.0,2013-08-03,Comedy,110.0,7.7,685903.0,,233000000.0,6.297297297297297
American Hustle,R,40000000.0,251171807.0,2013-12-12,Crime,138.0,7.2,424472.0,"A con man, Irving Rosenfeld, along with his seductive partner Sydney Prosser, is forced to work for a wild F.B.I. Agent, Richie DiMaso, who pushes them into a world of Jersey powerbrokers and the Mafia.",211171807.0,5.279295175
The Heat,R,43000000.0,158674180.0,2013-06-27,Comedy,117.0,6.6,155514.0,An uptight FBI Special Agent is paired with a foul-mouthed Boston cop to take down a ruthless drug lord.,115674180.0,2.6900972093023254
Despicable Me 2,PG,76000000.0,970761885.0,2013-06-25,Animation,98.0,7.4,350582.0,"When Gru, the worlds most super-bad turned super-dad has been recruited by a team of officials to stop lethal muscle and a host of Grus own, He has to fight back with new gadgetry, cars, and more minion madness.",894761885.0,11.773182697368421
The Great Gatsby,PG-13,105000000.0,351040419.0,2013-05-10,Drama,143.0,7.3,442728.0,"A writer and wall street trader, Nick, finds himself drawn to the past and lifestyle of his millionaire neighbor, Jay Gatsby.",246040419.0,2.3432420857142855
Gravity,PG-13,105000000.0,716392705.0,2013-09-27,Science Fiction,91.0,7.7,724258.0,Two astronauts work together to survive after an accident leaves them stranded in space.,611392705.0,5.822787666666667
The Hunger Games: Catching Fire,PG-13,130000000.0,847423452.0,2013-11-15,Adventure,146.0,7.5,583523.0,Katniss Everdeen and Peeta Mellark become targets of the Capitol after their victory in the 74th Hunger Games sparks a rebellion in the Districts of Panem.,717423452.0,5.518641938461538
The Croods,PG,135000000.0,585178928.0,2013-03-20,Animation,98.0,7.2,180043.0,"After their cave is destroyed, a caveman family must trek through an unfamiliar fantastical world with the help of an inventive boy.",450178928.0,3.3346587259259257
Frozen,PG,150000000.0,1274219009.0,2013-11-27,Animation,102.0,7.5,527284.0,"When the newly-crowned Queen Elsa accidentally uses her power to turn things into ice to curse her home in infinite winter, her sister Anna teams up with a mountain man, his playful reindeer, and a snowman to change the weather condition.",1124219009.0,7.4947933933333335
Thor: The Dark World,PG-13,170000000.0,644571402.0,2013-10-29,Action,112.0,6.9,556094.0,"When the Dark Elves attempt to plunge the universe into darkness, Thor must embark on a perilous and personal journey that will reunite him with doctor Jane Foster.",474571402.0,2.7915964823529413
Star Trek Into Darkness,PG-13,190000000.0,467365246.0,2013-05-05,Science Fiction,132.0,7.7,449458.0,"After the crew of the Enterprise find an unstoppable force of terror from within their own organization, Captain Kirk leads a manhunt to a war-zone world to capture a one-man weapon of mass destruction.",277365246.0,1.4598170842105263
Iron Man 3,PG-13,200000000.0,1215439994.0,2013-04-18,Action,130.0,7.2,710052.0,"When Tony Starks world is torn apart by a formidable terrorist called the Mandarin, he starts an odyssey of rebuilding and retribution.",1015439994.0,5.07719997
World War Z,PG-13,200000000.0,531865000.0,2013-06-20,Science Fiction,116.0,7.0,564082.0,"Former United Nations employee Gerry Lane traverses the world in a race against time to stop the Zombie pandemic that is toppling armies and governments, and threatening to destroy humanity itself.",331865000.0,1.659325
Monsters University,G,200000000.0,743559607.0,2013-06-20,Animation,104.0,7.3,299133.0,A look at the relationship between Mike and Sulley during their days at Monsters University -- when they werent necessarily the best of friends.,543559607.0,2.717798035
Man of Steel,PG-13,225000000.0,662845518.0,2013-06-12,Action,143.0,7.1,657937.0,"Clark Kent is an alien who as a child was evacuated from his dying world and came to Earth, living as a normal human. But when survivors of his alien home invade Earth, he must reveal himself to the world.",437845518.0,1.94598008
The Hobbit: The Desolation of Smaug,PG-13,250000000.0,958400000.0,2013-12-11,Fantasy,161.0,7.8,573246.0,"The dwarves, along with Bilbo Baggins and Gandalf the Grey, continue their quest to reclaim Erebor, their homeland, from Smaug. Bilbo Baggins is in possession of a mysterious and magical ring.",708400000.0,2.8336
Neighbors,R,18000000.0,268157400.0,2014-05-08,Comedy,96.0,6.3,270504.0,"After they are forced to live next to a fraternity house, a couple with a newborn baby do whatever they can to take them down.",250157400.0,13.897633333333333
22 Jump Street,R,50000000.0,188441614.0,2014-06-05,Comedy,112.0,7.0,325958.0,"After making their way through high school (twice), big changes are in store for officers Schmidt and Jenko when they go deep undercover at a local college.",138441614.0,2.76883228
American Sniper,R,58800000.0,542307423.0,2014-12-11,War,133.0,7.3,409597.0,"Navy S.E.A.L. sniper Chris Kyles (Bradley Coopers) pinpoint accuracy saves countless lives on the battlefield and turns him into a legend. Back home to his wife and kids after four tours of duty, however, Chris finds that it is the war he cant leave behind.",483507423.0,8.222915357142858
The Lego Movie,PG,60000000.0,469160692.0,2014-02-06,Animation,100.0,7.8,309295.0,"An ordinary LEGO construction worker, thought to be the prophesied as special, is recruited to join a quest to stop an evil tyrant from gluing the LEGO universe into eternal stasis.",409160692.0,6.8193448666666665
Gone Girl,R,61000000.0,369330363.0,2014-10-01,Thriller,145.0,8.1,782252.0,"With his wifes disappearance having become the focus of an intense media circus, a man sees the spotlight turned on him when its suspected that he may not be innocent.",308330363.0,5.054596114754099
Divergent,PG-13,85000000.0,288747895.0,2014-03-14,Action,139.0,6.7,405233.0,"In a world divided by factions based on virtues, Tris learns shes Divergent and wont fit in. When she discovers a plot to destroy Divergents, Tris and the mysterious Four must find out what makes Divergents dangerous before its too late.",203747895.0,2.3970340588235293
Teenage Mutant Ninja Turtles,PG-13,125000000.0,477200000.0,2014-08-07,Action,101.0,5.8,194073.0,"When a kingpin threatens New York City, a group of mutated turtle warriors must emerge from the shadows to protect their home.",352200000.0,2.8176
The Hunger Games: Mockingjay - Part 1,PG-13,125000000.0,752100229.0,2014-11-18,Adventure,123.0,6.6,386742.0,"Katniss Everdeen is in District 13 after she shatters the games forever. Under the leadership of President Coin and the advice of her trusted friends, Katniss spreads her wings as she fights to save Peeta and a nation moved by her courage.",627100229.0,5.016801832
How to Train Your Dragon 2,PG,145000000.0,609123048.0,2014-06-12,Animation,102.0,7.8,285394.0,"When Hiccup and Toothless discover an ice cave that is home to hundreds of new wild dragons and the mysterious Dragon Rider, the two friends find themselves at the center of a battle to protect the peace.",464123048.0,3.200848606896552
Godzilla,PG-13,160000000.0,529076069.0,2014-05-14,Thriller,123.0,6.4,359438.0,"The world is beset by the appearance of monstrous creatures, but one of them may be the only one who can save humanity.",369076069.0,2.30672543125
Big Hero 6,PG,165000000.0,652105443.0,2014-10-24,Animation,102.0,7.8,380953.0,"The special bond that develops between plus-sized inflatable robot Baymax, and prodigy Hiro Hamada, who team up with a group of friends to form a band of high-tech heroes.",487105443.0,2.9521542
Interstellar,PG-13,165000000.0,675120017.0,2014-11-05,Science Fiction,169.0,8.6,1343549.0,A team of explorers travel through a wormhole in space in an attempt to ensure humanitys survival.,510120017.0,3.0916364666666665
Captain America: The Winter Soldier,PG-13,170000000.0,714766572.0,2014-03-20,Action,136.0,7.7,685903.0,"As Steve Rogers struggles to embrace his role in the modern world, he teams up with a fellow Avenger and S.H.I.E.L.D agent, Black Widow, to battle a new threat from history: an assassin known as the Winter Soldier.",544766572.0,3.2045092470588235
Dawn of the Planet of the Apes,PG-13,170000000.0,710644566.0,2014-06-26,Science Fiction,130.0,7.6,395425.0,A growing nation of genetically evolved apes led by Caesar is threatened by a band of human survivors of the devastating virus unleashed a decade earlier.,540644566.0,3.1802621529411765
Guardians of the Galaxy,PG-13,170000000.0,773328629.0,2014-07-30,Action,121.0,8.0,978222.0,A group of intergalactic criminals must pull together to stop a fanatical warrior with plans to purge the universe.,603328629.0,3.5489919352941177
