filename,image_data
IG_101958.jpg,[198 204 208 ... 191 218 223]
IG_102433.jpg,[176 175 173 ... 215 215 209]
IG_110946.jpg,[225 219 217 ... 226 229 224]
IG_111589.jpg,[177 178 180 ... 225 224 223]
IG_115116.jpg,[221 221 221 ... 168 161 154]
IG_119514.jpg,[228 228 228 ... 221 221 227]
IG_132866.jpg,[223 223 223 ... 130 122 104]
IG_146565.jpg,[224 226 228 ...  94  66  50]
IG_150106.jpg,[189 192 196 ... 225 225 225]
IG_157249.jpg,[217 215 216 ... 132 127 123]
IG_161498.jpg,[231 217 220 ...  99  94  99]
IG_168188.jpg,[151 158 159 ... 222 220 219]
IG_184096.jpg,[140 144 146 ... 115 120 118]
IG_184276.jpg,[221 221 221 ... 224 225 225]
IG_193590.jpg,[188 183 180 ... 220 219 215]
IG_194213.jpg,[227 200 164 ... 185 187 188]
IG_198074.jpg,[225 225 225 ...  96 104 137]
IG_206674.jpg,[202 226 243 ... 224 225 228]
IG_224065.jpg,[228 201 163 ... 114 101  96]
IG_225880.jpg,[224 230 229 ... 192 178 174]
IG_227626.jpg,[166 169 173 ... 188 186 185]
IG_229795.jpg,[214 214 214 ... 210 208 207]
IG_233232.jpg,[218 216 215 ... 152 158 175]
IG_234558.jpg,[205 210 210 ... 204 205 206]
IG_236829.jpg,[229 229 229 ... 227 227 227]
IG_241642.jpg,[177 179 178 ... 224 229 233]
IG_265929.jpg,[215 219 221 ... 222 222 222]
IG_268791.jpg,[225 226 226 ... 148 146 150]
IG_284072.jpg,[201 201 201 ... 150 151 160]
IG_285360.jpg,[164 173 188 ... 110 150 199]
IG_28760.jpg,[224 224 224 ... 224 207 190]
IG_295903.jpg,[230 230 230 ... 239 231 215]
IG_325570.jpg,[177 210 227 ... 221 223 225]
IG_325849.jpg,[131 142 140 ... 136 132 134]
IG_346344.jpg,[214 215 216 ... 218 219 216]
IG_348697.jpg,[224 220 220 ... 220 220 220]
IG_363386.jpg,[213 195 185 ... 166 159 155]
IG_365796.jpg,[175 174 178 ... 177 194 206]
IG_370238.jpg,[226 226 226 ... 191 189 186]
IG_373361.jpg,[173 172 170 ... 227 229 229]
IG_378925.jpg,[217 226 230 ... 216 216 217]
IG_383512.jpg,[178 181 183 ... 219 222 221]
IG_384616.jpg,[233 230 226 ... 225 228 232]
IG_387454.jpg,[222 223 224 ... 227 224 217]
IG_392442.jpg,[218 227 228 ... 228 226 226]
IG_394276.jpg,[218 217 217 ... 226 227 227]
IG_399764.jpg,[210 212 215 ... 215 215 215]
IG_400070.jpg,[225 226 230 ... 221 222 220]
IG_403859.jpg,[230 229 230 ... 180 177 184]
IG_412200.jpg,[229 228 226 ... 153 154 155]
IG_427392.jpg,[164 161 160 ... 162 156 152]
IG_438261.jpg,[223 207 191 ... 191 166 160]
IG_442572.jpg,[220 222 222 ... 103 167 227]
IG_466905.jpg,[130 132 127 ... 188 185 195]
IG_472783.jpg,[180 118  88 ... 223 223 223]
IG_475530.jpg,[225 224 222 ... 218 220 225]
IG_481999.jpg,[142 150 157 ...  94 144 206]
IG_502626.jpg,[228 228 228 ... 179 185 190]
IG_503550.jpg,[226 227 228 ... 226 225 223]
IG_504355.jpg,[220 220 219 ... 216 216 220]
IG_505197.jpg,[229 228 226 ... 228 228 229]
IG_514852.jpg,[227 228 216 ... 186 169 151]
IG_534154.jpg,[218 216 215 ... 159 159 167]
IG_539360.jpg,[228 227 227 ... 220 220 220]
IG_545112.jpg,[222 220 219 ... 163 161 167]
IG_562106.jpg,[224 224 224 ... 226 229 224]
IG_565427.jpg,[222 230 231 ... 227 225 222]
IG_566122.jpg,[210 210 210 ... 211 210 212]
IG_57061.jpg,[195 204 213 ... 221 223 228]
IG_572806.jpg,[160 157 159 ... 224 223 222]
IG_575783.jpg,[116  99  91 ... 226 225 223]
IG_578806.jpg,[226 225 222 ... 219 222 228]
IG_584719.jpg,[226 226 224 ... 160 158 160]
IG_5887.jpg,[187 183 178 ... 217 226 229]
IG_602322.jpg,[170 165 149 ... 155 139 121]
IG_605319.jpg,[222 222 222 ... 196 192 188]
IG_606498.jpg,[216 202 193 ... 234 219 198]
IG_607424.jpg,[223 223 223 ... 226 226 224]
IG_60755.jpg,[221 220 218 ... 159 163 167]
IG_609303.jpg,[215 213 211 ... 210 208 213]
IG_619273.jpg,[186 181 179 ... 226 220 220]
IG_630972.jpg,[217 214 213 ... 217 220 219]
IG_640225.jpg,[157 158 160 ... 221 223 225]
IG_645903.jpg,[221 221 221 ... 175 181 182]
IG_654763.jpg,[225 224 223 ... 223 223 219]
IG_660628.jpg,[134 134 132 ... 214 208 192]
IG_663576.jpg,[174 179 183 ... 153 115 107]
IG_67523.jpg,[175 178 177 ...  86  86  82]
IG_682554.jpg,[225 225 222 ... 224 223 226]
IG_683125.jpg,[150 141 138 ... 222 222 222]
IG_684175.jpg,[225 229 224 ... 182 183 183]
IG_719838.jpg,[184 191 203 ... 173 165 166]
IG_729010.jpg,[224 224 224 ... 159 154 138]
IG_729293.jpg,[235 210 182 ... 174 178 173]
IG_730991.jpg,[228 208 167 ... 189 199 206]
IG_739990.jpg,[224 225 225 ...  88  88 107]
IG_742024.jpg,[217 233 229 ... 186 185 184]
IG_746245.jpg,[189 188 188 ... 229 232 234]
IG_760770.jpg,[222 222 223 ... 224 226 225]
IG_760898.jpg,[222 220 219 ... 170 169 168]
IG_761306.jpg,[186 189 202 ...  89 104 118]
IG_761488.jpg,[228 228 228 ... 229 227 226]
IG_771333.jpg,[219 220 222 ... 222 222 223]
IG_783313.jpg,[228 220 219 ... 129 124 113]
IG_78575.jpg,[219 230 231 ... 101 105 106]
IG_786095.jpg,[189 209 224 ... 211 210 216]
IG_79498.jpg,[219 221 223 ... 177 179 175]
IG_79542.jpg,[220 220 220 ... 219 219 219]
IG_797701.jpg,[213 171 133 ... 217 219 224]
IG_808154.jpg,[189 199 202 ... 222 224 222]
IG_815162.jpg,[218 224 230 ... 223 226 232]
IG_825562.jpg,[219 218 217 ... 157 179 203]
IG_831559.jpg,[228 226 221 ... 202 202 201]
IG_842624.jpg,[134 136 137 ... 134 151 173]
IG_847216.jpg,[227 227 227 ... 199 197 193]
IG_853087.jpg,[219 222 221 ... 225 225 225]
IG_854967.jpg,[224 224 224 ... 230 227 221]
IG_855229.jpg,[208 203 182 ... 184 184 180]
IG_864662.jpg,[215 218 219 ... 216 216 216]
IG_874736.jpg,[226 229 233 ... 225 223 221]
IG_876560.jpg,[213 213 212 ... 214 214 214]
IG_88166.jpg,[193 220 237 ... 223 218 220]
IG_882777.jpg,[147 142 147 ... 127 142 177]
IG_885360.jpg,[162 168 159 ... 237 233 226]
IG_886201.jpg,[218 218 218 ... 220 218 211]
IG_88630.jpg,[189 214 229 ... 226 219 194]
IG_899043.jpg,[145 140 138 ... 228 237 244]
IG_901001.jpg,[ 75  66  60 ... 224 224 225]
IG_904038.jpg,[223 223 223 ...  92  85  86]
IG_908999.jpg,[185 203 214 ... 169 173 176]
IG_911630.jpg,[204 196 189 ... 222 222 218]
IG_921911.jpg,[226 226 226 ... 170 185 203]
IG_923361.jpg,[158 165 163 ... 215 215 214]
IG_925681.jpg,[225 236 196 ... 225 225 224]
IG_928643.jpg,[174 171 169 ... 219 219 220]
IG_934454.jpg,[227 228 222 ... 219 222 224]
IG_940250.jpg,[222 237 239 ... 158 179 205]
IG_940598.jpg,[223 222 220 ... 219 221 225]
IG_946200.jpg,[185 185 184 ... 228 208 184]
IG_94788.jpg,[222 219 225 ... 188 187 185]
IG_953190.jpg,[217 229 233 ... 204 217 227]
IG_95385.jpg,[227 226 225 ... 229 218 204]
IG_957559.jpg,[203 198 190 ... 126 141 149]
IG_965044.jpg,[213 219 214 ... 226 225 220]
IG_966787.jpg,[222 222 222 ... 159 149 161]
IG_970372.jpg,[226 224 224 ... 221 223 228]
IG_976246.jpg,[223 225 224 ... 218 218 218]
IG_980904.jpg,[222 222 222 ... 219 229 229]
IG_987395.jpg,[220 222 221 ...  71 100 129]
IG_993496.jpg,[225 220 218 ... 216 221 232]
IG_994931.jpg,[226 218 217 ... 220 219 224]
MMY_100949.jpg,[234 234 234 ... 186 185 187]
MMY_103772.jpg,[235 235 235 ... 147 148 149]
MMY_103779.jpg,[239 233 231 ... 233 235 236]
MMY_103805.jpg,[234 234 234 ... 179 191 213]
MMY_104374.jpg,[176 198 195 ... 175 180 184]
MMY_104412.jpg,[231 230 233 ... 183 224 231]
MMY_104597.jpg,[236 230 231 ... 177 172 168]
MMY_105576.jpg,[202 196 187 ...  49  71  69]
MMY_10563.jpg,[214 224 234 ... 230 229 229]
MMY_10688.jpg,[235 234 232 ... 232 232 233]
MMY_107387.jpg,[230 230 229 ... 131  96  83]
MMY_108626.jpg,[234 234 234 ... 149 144 154]
MMY_108823.jpg,[151 154 154 ... 233 233 232]
MMY_110115.jpg,[234 234 234 ... 190 227 234]
MMY_110819.jpg,[233 233 233 ... 230 232 233]
MMY_112717.jpg,[129 117 133 ... 229 233 240]
MMY_113359.jpg,[232 233 235 ... 230 236 216]
MMY_113819.jpg,[162 192 224 ... 213 231 229]
MMY_114305.jpg,[195 189 180 ... 232 232 231]
MMY_1144.jpg,[233 233 233 ... 233 233 233]
MMY_115039.jpg,[233 233 233 ... 227 228 229]
MMY_115829.jpg,[170 170 171 ... 235 235 234]
MMY_117476.jpg,[145 158 149 ... 136 135 138]
MMY_117680.jpg,[234 234 234 ... 233 233 232]
MMY_117870.jpg,[182 178 172 ... 234 233 236]
MMY_11810.jpg,[228 232 236 ... 233 234 235]
MMY_119030.jpg,[184 194 189 ... 235 232 243]
MMY_119577.jpg,[227 232 235 ... 226 206 183]
MMY_121568.jpg,[234 234 234 ... 231 233 235]
MMY_122535.jpg,[234 234 234 ... 234 234 234]
MMY_123590.jpg,[230 230 235 ... 233 232 231]
MMY_125104.jpg,[235 235 235 ... 167 173 172]
MMY_125565.jpg,[176 176 178 ... 238 226 223]
MMY_128344.jpg,[235 232 229 ... 216 204 197]
MMY_128937.jpg,[234 234 234 ... 235 236 237]
MMY_130533.jpg,[234 234 234 ... 231 229 228]
MMY_133392.jpg,[233 231 229 ... 161 162 161]
MMY_135306.jpg,[232 233 233 ... 236 235 229]
MMY_135318.jpg,[164 166 180 ... 233 232 232]
MMY_135484.jpg,[235 233 232 ... 230 232 236]
MMY_136680.jpg,[196 193 190 ... 235 235 235]
MMY_137621.jpg,[234 234 234 ... 182 183 186]
MMY_139399.jpg,[180 188 191 ... 202 190 189]
MMY_139679.jpg,[165 168 184 ... 234 234 234]
MMY_139829.jpg,[226 229 233 ... 213 225 237]
MMY_140045.jpg,[234 233 232 ... 166 161 165]
MMY_14092.jpg,[235 235 235 ... 141 156 201]
MMY_141697.jpg,[237 231 231 ... 156 157 157]
MMY_142249.jpg,[232 232 232 ... 232 232 232]
MMY_143275.jpg,[181 184 184 ... 232 235 238]
MMY_143892.jpg,[152 151 151 ... 195 228 228]
MMY_144883.jpg,[170 172 174 ... 210 227 227]
MMY_145204.jpg,[196 214 226 ... 175 194 212]
MMY_146142.jpg,[180 174 175 ... 204 190 175]
MMY_147081.jpg,[179 177 190 ... 233 233 234]
MMY_148039.jpg,[232 231 205 ... 168 206 234]
MMY_152680.jpg,[172 169 164 ... 233 235 233]
MMY_154081.jpg,[237 234 233 ... 232 234 235]
MMY_154649.jpg,[231 228 224 ... 235 229 232]
MMY_154872.jpg,[214 204 190 ... 147 114 125]
MMY_157566.jpg,[231 231 232 ... 227 227 227]
MMY_160867.jpg,[170 165 164 ... 159 161 162]
MMY_16175.jpg,[231 233 238 ...  40 109 199]
MMY_161887.jpg,[233 233 233 ... 206 215 233]
MMY_16200579.jpg,[227 234 236 ... 231 231 231]
MMY_162710.jpg,[226 233 237 ... 237 219 236]
MMY_163947.jpg,[234 234 234 ... 151 148 147]
MMY_164736.jpg,[234 234 234 ... 200 170 150]
MMY_165260.jpg,[185 188 193 ... 232 232 232]
MMY_165892.jpg,[236 235 235 ... 194 188 186]
MMY_166174.jpg,[232 232 232 ... 168 163 169]
MMY_166902.jpg,[142 138 135 ... 234 231 224]
MMY_167107.jpg,[207 193 176 ... 237 235 233]
MMY_167192.jpg,[235 233 231 ... 163 166 172]
MMY_167415.jpg,[142 142 145 ... 210 200 208]
MMY_167558.jpg,[232 230 231 ... 231 231 231]
MMY_167793.jpg,[235 235 235 ... 237 227 215]
MMY_167835.jpg,[233 233 233 ... 192 179 185]
MMY_16788.jpg,[229 230 232 ... 172 185 181]
MMY_169568.jpg,[234 234 234 ... 167 133 151]
MMY_170138.jpg,[234 234 236 ... 232 227 234]
MMY_170547.jpg,[157 160 163 ... 238 235 230]
MMY_170830.jpg,[235 230 239 ... 224 233 236]
MMY_170949.jpg,[203 190 175 ... 241 235 232]
MMY_172101.jpg,[148 148 148 ... 224 237 235]
MMY_17227.jpg,[139 141 142 ... 227 224 222]
MMY_17278.jpg,[236 237 236 ... 143 146 149]
MMY_172814.jpg,[170 163 166 ... 236 241 231]
MMY_176479.jpg,[232 232 233 ... 214 185 181]
MMY_177464.jpg,[234 240 229 ... 199 190 179]
MMY_177949.jpg,[236 230 229 ... 175 189 183]
MMY_178278.jpg,[229 243 233 ... 229 234 237]
MMY_178873.jpg,[230 238 233 ... 226 227 233]
MMY_179421.jpg,[158 156 152 ... 223 229 208]
MMY_179765.jpg,[185 145 139 ... 186 188 189]
MMY_179858.jpg,[230 230 231 ... 228 225 228]
MMY_180088.jpg,[225 229 232 ... 159 163 166]
MMY_182778.jpg,[180 179 178 ... 229 236 236]
MMY_182939.jpg,[232 233 233 ... 181 188 193]
MMY_184137.jpg,[150 149 148 ... 175 175 169]
MMY_184824.jpg,[228 231 236 ... 229 225 223]
MMY_185197.jpg,[236 224 196 ... 145 165 160]
MMY_185792.jpg,[214 213 212 ... 232 232 232]
MMY_186859.jpg,[156 158 160 ... 236 238 230]
MMY_19074.jpg,[173 128  60 ...  49  52  54]
MMY_195041.jpg,[152 156 163 ... 234 234 234]
MMY_196342.jpg,[232 236 236 ... 234 235 232]
MMY_19793.jpg,[235 232 230 ... 236 234 232]
MMY_19855.jpg,[238 238 232 ... 225 227 234]
MMY_198575.jpg,[163 164 166 ... 232 232 232]
MMY_199021.jpg,[237 236 234 ... 238 239 235]
MMY_19975.jpg,[232 234 236 ... 232 231 231]
MMY_200817.jpg,[239 234 230 ...  99 114 153]
MMY_201220.jpg,[233 233 233 ... 179 189 201]
MMY_202423.jpg,[167 173 178 ... 231 235 237]
MMY_204058.jpg,[236 225 230 ... 243 225 238]
MMY_204546.jpg,[197 199 200 ... 234 237 237]
MMY_205123.jpg,[234 234 234 ... 187 204 217]
MMY_205870.jpg,[213 223 233 ... 188 184 183]
MMY_206684.jpg,[236 236 236 ... 218 194 176]
MMY_208188.jpg,[234 234 234 ... 235 235 234]
MMY_209242.jpg,[234 234 234 ... 232 234 235]
MMY_209484.jpg,[234 234 234 ... 234 234 235]
MMY_209666.jpg,[230 231 233 ... 231 231 227]
MMY_210993.jpg,[231 238 237 ... 232 232 235]
MMY_2114.jpg,[229 223 214 ... 158 164 169]
MMY_211548.jpg,[235 235 235 ... 169 167 165]
MMY_21284.jpg,[230 230 230 ... 238 235 225]
MMY_21330.jpg,[233 233 233 ... 230 238 241]
MMY_214490.jpg,[170 173 171 ... 231 231 232]
MMY_21572.jpg,[172 192 217 ... 179 183 188]
MMY_218039.jpg,[232 232 232 ... 174 173 172]
MMY_218155.jpg,[231 231 231 ... 228 235 227]
MMY_219573.jpg,[172 160 142 ... 155 150 152]
MMY_220307.jpg,[231 236 236 ... 238 230 242]
MMY_220918.jpg,[169 171 173 ... 144 133 170]
MMY_221248.jpg,[138 144 149 ... 165 185 211]
MMY_222445.jpg,[233 232 232 ... 233 231 231]
MMY_222561.jpg,[235 235 234 ... 161 174 147]
MMY_224352.jpg,[233 233 233 ... 228 228 219]
MMY_224492.jpg,[232 233 233 ... 139 139 142]
MMY_224657.jpg,[230 235 235 ... 151 149 149]
MMY_225888.jpg,[213 196 178 ... 225 225 224]
MMY_229029.jpg,[190 161 160 ... 120 133 150]
MMY_230059.jpg,[199 193 196 ... 166 163 155]
MMY_231102.jpg,[233 233 233 ... 239 234 215]
MMY_23164.jpg,[164 164 163 ... 232 232 234]
MMY_232363.jpg,[228 210 196 ... 104 120 162]
MMY_233181.jpg,[230 230 230 ... 209 205 202]
MMY_233428.jpg,[235 236 233 ... 236 233 227]
MMY_233641.jpg,[169 171 181 ... 234 234 234]
MMY_233743.jpg,[240 237 235 ... 188 185 181]
MMY_234317.jpg,[231 233 235 ... 143 143 148]
MMY_235029.jpg,[234 234 234 ... 236 233 242]
MMY_236128.jpg,[231 231 226 ... 226 222 245]
MMY_236380.jpg,[226 220 178 ... 137 111  94]
MMY_236459.jpg,[153 179 186 ... 128 152 154]
MMY_236632.jpg,[233 233 233 ... 233 233 233]
MMY_237270.jpg,[154 154 154 ... 131 132 144]
MMY_237339.jpg,[157 156 158 ... 237 238 238]
MMY_237595.jpg,[236 236 236 ... 197 196 201]
MMY_237696.jpg,[180 142 116 ... 228 230 239]
MMY_241098.jpg,[234 234 234 ... 233 233 233]
MMY_24205.jpg,[233 233 233 ... 157 158 160]
MMY_242499.jpg,[168 186 176 ... 164 160 158]
MMY_242821.jpg,[234 234 234 ... 151 152 153]
MMY_242890.jpg,[238 233 231 ... 237 235 235]
MMY_244097.jpg,[233 233 233 ... 227 230 236]
MMY_244121.jpg,[235 234 234 ... 224 230 240]
MMY_244224.jpg,[230 229 230 ... 179 176 176]
MMY_244619.jpg,[234 234 234 ... 211 230 235]
MMY_245549.jpg,[234 234 234 ... 175 175 177]
MMY_245632.jpg,[233 231 229 ... 227 230 235]
MMY_245815.jpg,[239 236 233 ... 181 174 180]
MMY_246445.jpg,[235 234 234 ... 180 196 211]
MMY_24751.jpg,[184 183 183 ... 234 224 209]
MMY_248679.jpg,[233 233 233 ... 230 237 235]
MMY_249253.jpg,[180 178 176 ... 184 183 174]
MMY_252348.jpg,[182 182 184 ... 162 165 166]
MMY_252383.jpg,[232 232 232 ... 148 149 153]
MMY_253126.jpg,[234 233 234 ... 157 173 174]
MMY_253876.jpg,[236 237 237 ... 231 231 234]
MMY_255540.jpg,[ 63  83 119 ... 162 162 163]
MMY_255698.jpg,[240 236 221 ... 222 231 237]
MMY_256065.jpg,[232 233 233 ... 180 179 178]
MMY_256585.jpg,[236 239 236 ... 236 236 236]
MMY_256700.jpg,[234 234 234 ... 176 198 218]
MMY_257369.jpg,[228 238 239 ... 235 234 232]
MMY_257385.jpg,[234 234 234 ... 151 148 164]
MMY_258392.jpg,[223 232 237 ... 169 172 175]
MMY_258491.jpg,[186 181 178 ... 237 236 232]
MMY_259372.jpg,[187 196 200 ... 121  49  48]
MMY_259996.jpg,[128 131 134 ... 238 238 234]
MMY_261923.jpg,[154 153 156 ... 234 234 234]
MMY_263304.jpg,[242 236 232 ... 190 191 190]
MMY_263380.jpg,[152 160 165 ... 233 233 232]
MMY_263520.jpg,[170 167 167 ... 234 234 229]
MMY_264264.jpg,[230 231 233 ... 152 153 150]
MMY_265290.jpg,[233 233 233 ... 232 232 233]
MMY_267459.jpg,[222 187 113 ... 179 165 172]
MMY_267640.jpg,[229 228 226 ... 227 228 229]
MMY_267682.jpg,[238 236 233 ... 161 155 155]
MMY_269156.jpg,[239 237 234 ... 230 228 227]
MMY_270313.jpg,[214 213 209 ... 134 137 102]
MMY_270358.jpg,[247 230 232 ... 233 243 231]
MMY_270784.jpg,[230 230 230 ... 160 161 161]
MMY_272238.jpg,[236 236 235 ... 233 233 229]
MMY_272543.jpg,[234 234 234 ... 233 225 220]
MMY_273587.jpg,[231 233 231 ... 113 133 132]
MMY_275124.jpg,[234 227 216 ... 122 123 123]
MMY_275256.jpg,[231 228 228 ... 232 232 233]
MMY_276156.jpg,[236 238 233 ... 234 234 234]
MMY_27618.jpg,[204 227 239 ... 231 228 235]
MMY_276441.jpg,[230 233 234 ... 232 234 235]
MMY_276556.jpg,[215 224 226 ... 240 220 238]
MMY_277017.jpg,[175 180 181 ... 229 230 232]
MMY_27706.jpg,[234 234 234 ... 234 234 234]
MMY_277157.jpg,[239 240 236 ... 178 183 191]
MMY_277520.jpg,[108 100 133 ... 160 141 110]
MMY_279784.jpg,[232 237 236 ... 230 230 231]
MMY_280082.jpg,[234 234 234 ... 184 185 185]
MMY_281368.jpg,[169 173 174 ... 234 238 236]
MMY_281556.jpg,[235 227 234 ... 236 234 231]
MMY_28223.jpg,[233 232 234 ... 238 232 234]
MMY_283663.jpg,[217 210 186 ... 230 213 226]
MMY_287887.jpg,[239 236 233 ... 166 162 158]
MMY_288113.jpg,[229 231 233 ... 175 182 180]
MMY_288958.jpg,[165 169 178 ... 232 232 232]
MMY_289350.jpg,[233 230 231 ... 223 223 232]
MMY_290219.jpg,[235 235 235 ... 177 181 184]
MMY_291069.jpg,[233 233 233 ... 221 222 224]
MMY_291261.jpg,[234 234 234 ... 164 157 174]
MMY_291481.jpg,[235 234 232 ... 170 166 173]
MMY_292230.jpg,[238 236 235 ... 235 235 235]
MMY_292730.jpg,[132 129 132 ... 228 229 232]
MMY_293513.jpg,[231 231 233 ... 229 234 234]
MMY_293917.jpg,[231 232 232 ... 231 231 229]
MMY_293932.jpg,[232 231 231 ... 224 232 233]
MMY_293959.jpg,[163 166 168 ... 233 233 233]
MMY_295393.jpg,[157 184 182 ... 114 132 181]
MMY_29561.jpg,[237 230 229 ... 240 233 231]
MMY_295743.jpg,[234 237 237 ... 140 139 139]
MMY_29576.jpg,[135 135 134 ... 173 218 227]
MMY_295950.jpg,[231 234 236 ... 234 234 230]
MMY_296593.jpg,[231 230 231 ... 155 153 151]
MMY_297253.jpg,[214 170 135 ... 242 238 235]
MMY_297755.jpg,[126 126 130 ... 171 173 174]
MMY_298333.jpg,[232 232 232 ... 234 233 231]
MMY_299434.jpg,[128 162 167 ... 233 233 233]
MMY_300719.jpg,[172 171 168 ... 234 235 231]
MMY_302278.jpg,[200 173 165 ...  59  82 114]
MMY_302428.jpg,[236 237 237 ... 174 174 173]
MMY_303175.jpg,[178 171 174 ... 171 178 184]
MMY_303594.jpg,[235 235 235 ... 243 242 234]
MMY_303957.jpg,[228 229 230 ... 233 233 233]
MMY_304331.jpg,[228 232 233 ... 208 206 209]
MMY_304741.jpg,[234 234 234 ... 138 132 126]
MMY_305508.jpg,[150 153 158 ... 174 172 167]
MMY_30572.jpg,[162 164 166 ... 234 234 234]
MMY_306096.jpg,[233 233 234 ... 234 234 232]
MMY_307258.jpg,[236 232 229 ... 162 165 167]
MMY_307397.jpg,[182 179 173 ... 235 236 236]
MMY_307426.jpg,[232 232 232 ... 228 229 233]
MMY_307429.jpg,[224 227 235 ... 238 242 223]
MMY_308024.jpg,[237 237 226 ... 223 216 205]
MMY_310312.jpg,[233 233 233 ...  65 103 119]
MMY_310921.jpg,[234 236 238 ... 183 187 190]
MMY_31201.jpg,[232 231 230 ... 161 155 147]
MMY_312193.jpg,[234 234 234 ... 231 232 232]
MMY_313056.jpg,[206 203 199 ... 229 233 232]
MMY_316884.jpg,[230 231 232 ... 159  79  61]
MMY_317328.jpg,[219 237 237 ... 219 235 227]
MMY_318052.jpg,[233 233 233 ... 224 207 189]
MMY_318604.jpg,[234 239 240 ... 141 142 147]
MMY_320872.jpg,[171 170 172 ... 234 223 211]
MMY_322081.jpg,[157 160 168 ... 233 230 228]
MMY_323757.jpg,[134 140 146 ... 159 161 168]
MMY_325379.jpg,[233 220 195 ... 232 234 235]
MMY_325455.jpg,[234 233 232 ... 230 231 232]
MMY_325829.jpg,[166 164 166 ... 234 234 235]
MMY_327148.jpg,[235 233 234 ... 232 233 236]
MMY_327312.jpg,[184 181 177 ... 200 198 194]
MMY_327817.jpg,[224 224 223 ... 231 229 232]
MMY_32855.jpg,[231 230 231 ... 206 196 201]
MMY_328872.jpg,[234 232 232 ... 169 175 183]
MMY_329366.jpg,[230 232 233 ... 231 232 235]
MMY_330437.jpg,[233 232 232 ... 230 230 230]
MMY_331927.jpg,[232 240 236 ... 230 220 234]
MMY_332653.jpg,[237 231 227 ... 229 234 234]
MMY_332692.jpg,[233 233 232 ... 229 231 234]
MMY_333393.jpg,[234 234 234 ... 237 221 190]
MMY_33383.jpg,[226 226 224 ... 232 228 228]
MMY_335422.jpg,[149 115 104 ... 222 235 241]
MMY_336363.jpg,[230 236 235 ... 239 231 233]
MMY_33695.jpg,[190 198 210 ... 231 231 227]
MMY_3376.jpg,[233 235 233 ... 225 210 183]
MMY_337668.jpg,[230 230 232 ... 145 147 150]
MMY_337786.jpg,[227 225 224 ... 230 231 231]
MMY_33879.jpg,[231 231 231 ... 230 231 231]
MMY_339735.jpg,[156 164 160 ... 143 157 184]
MMY_340578.jpg,[232 232 232 ... 228 231 230]
MMY_341185.jpg,[220 223 240 ... 160 163 162]
MMY_342177.jpg,[239 232 214 ... 147 147 146]
MMY_342324.jpg,[233 233 233 ... 205 193 187]
MMY_342596.jpg,[235 232 232 ... 205 199 196]
MMY_344807.jpg,[219 221 225 ... 234 232 231]
MMY_345736.jpg,[233 233 233 ... 233 233 232]
MMY_346115.jpg,[233 228 232 ... 230 229 228]
MMY_346275.jpg,[187 191 197 ... 232 231 231]
MMY_346332.jpg,[232 232 232 ... 236 234 237]
MMY_346881.jpg,[215 221 229 ... 233 233 233]
MMY_347827.jpg,[233 233 233 ... 164 164 163]
MMY_348342.jpg,[182 186 191 ... 233 233 233]
MMY_348463.jpg,[189 184 181 ... 226 204 183]
MMY_348530.jpg,[234 234 234 ... 223 238 226]
MMY_350213.jpg,[218 207 185 ... 139 143 136]
MMY_351863.jpg,[233 235 235 ... 214 226 230]
MMY_353001.jpg,[234 234 234 ... 233 230 230]
MMY_353176.jpg,[236 236 235 ... 239 237 230]
MMY_353224.jpg,[235 235 235 ... 166 183 213]
MMY_353938.jpg,[237 225 233 ... 232 232 232]
MMY_354780.jpg,[227 214 223 ... 234 240 227]
MMY_357063.jpg,[239 219 232 ... 235 236 236]
MMY_35768.jpg,[235 237 237 ... 246 240 223]
MMY_357704.jpg,[234 234 228 ... 237 235 231]
MMY_358673.jpg,[231 235 236 ... 206 188 179]
MMY_358812.jpg,[152 154 157 ... 234 234 234]
MMY_359355.jpg,[173 170 168 ... 227 228 229]
MMY_359756.jpg,[238 234 230 ... 151 186 207]
MMY_361679.jpg,[234 234 234 ... 164 166 169]
MMY_362039.jpg,[233 234 234 ... 236 236 229]
MMY_363545.jpg,[233 232 230 ... 146 149 189]
MMY_363905.jpg,[233 228 228 ... 231 233 230]
MMY_365527.jpg,[200 202 205 ... 182 182 181]
MMY_366825.jpg,[138 148 151 ... 233 233 233]
MMY_367941.jpg,[231 238 232 ... 194 194 198]
MMY_368200.jpg,[235 233 232 ... 233 233 233]
MMY_369215.jpg,[204 201 200 ... 231 237 239]
MMY_372812.jpg,[229 235 237 ... 177 177 182]
MMY_373245.jpg,[235 230 228 ... 230 229 232]
MMY_374919.jpg,[168 159 153 ... 225 231 236]
MMY_37557.jpg,[187 207 227 ... 195 192 187]
MMY_375571.jpg,[234 234 234 ... 233 233 234]
MMY_375749.jpg,[234 235 236 ... 235 233 232]
MMY_376991.jpg,[233 233 232 ... 127 138 149]
MMY_378237.jpg,[231 234 234 ... 226 226 224]
MMY_37882.jpg,[234 234 234 ... 153 162 159]
MMY_38186.jpg,[235 234 234 ... 136 136 137]
MMY_382543.jpg,[233 233 233 ... 229 230 230]
MMY_383041.jpg,[235 229 226 ... 231 229 227]
MMY_383110.jpg,[233 233 233 ... 143 140 137]
MMY_38379.jpg,[228 229 231 ... 147 143 139]
MMY_383935.jpg,[170 185 179 ... 135 160 157]
MMY_385541.jpg,[235 235 235 ... 202 195 190]
MMY_386552.jpg,[183 182 179 ... 162 160 149]
MMY_388092.jpg,[180 183 184 ... 235 235 235]
MMY_388536.jpg,[235 235 235 ... 235 235 234]
MMY_388876.jpg,[232 228 227 ... 223 238 234]
MMY_388896.jpg,[128 129  90 ... 135 143 172]
MMY_389066.jpg,[213 215 209 ... 181 189 197]
MMY_389983.jpg,[ 72 105 136 ... 164 160 161]
MMY_39101.jpg,[199 194 191 ... 231 231 231]
MMY_392543.jpg,[234 235 234 ... 235 231 229]
MMY_393281.jpg,[166 163 173 ... 179 178 183]
MMY_395164.jpg,[234 234 234 ... 229 227 225]
MMY_395245.jpg,[232 233 234 ... 189 186 185]
MMY_395923.jpg,[239 227 226 ... 162 162 162]
MMY_39693.jpg,[225 221 219 ... 198 201 211]
MMY_398297.jpg,[161 167 185 ... 228 231 235]
MMY_39838.jpg,[239 227 236 ... 231 233 235]
MMY_398672.jpg,[232 232 232 ... 175 180 184]
MMY_398764.jpg,[204 201 197 ... 190 190 190]
MMY_39970.jpg,[231 231 231 ... 233 234 235]
MMY_399802.jpg,[229 233 235 ... 236 235 215]
MMY_400392.jpg,[237 234 232 ... 232 233 233]
MMY_400491.jpg,[157 156 154 ... 237 237 226]
MMY_400904.jpg,[234 234 234 ... 175 174 174]
MMY_401038.jpg,[232 231 232 ... 170 171 173]
MMY_401376.jpg,[238 228 230 ... 235 236 236]
MMY_404145.jpg,[234 234 233 ... 180 178 175]
MMY_405465.jpg,[176 185 187 ... 163 165 166]
MMY_406224.jpg,[232 232 232 ... 234 237 238]
MMY_406233.jpg,[144 151 153 ...  58  55  70]
MMY_408357.jpg,[232 232 232 ... 232 232 233]
MMY_408761.jpg,[226 230 215 ... 229 227 234]
MMY_408810.jpg,[236 233 231 ... 233 235 234]
MMY_409221.jpg,[233 233 234 ... 232 233 235]
MMY_410624.jpg,[187 184 193 ... 232 232 240]
MMY_411014.jpg,[200 211 228 ... 216 185 184]
MMY_411321.jpg,[227 229 230 ... 208 225 246]
MMY_411414.jpg,[228 234 236 ... 167 183 180]
MMY_411724.jpg,[169 162 159 ... 207 204 195]
MMY_413899.jpg,[167 167 165 ... 233 232 231]
MMY_414012.jpg,[153 156 158 ... 235 229 235]
MMY_414787.jpg,[234 234 234 ... 239 236 233]
MMY_416832.jpg,[159 153 156 ... 232 232 232]
MMY_417399.jpg,[240 237 237 ...  65  73  81]
MMY_419196.jpg,[233 233 233 ...  68  62  58]
MMY_421931.jpg,[235 235 235 ... 206 204 201]
MMY_421960.jpg,[233 233 233 ... 232 232 230]
MMY_422457.jpg,[169 172 188 ... 109 133 211]
MMY_422788.jpg,[231 231 231 ... 232 232 232]
MMY_423512.jpg,[240 234 228 ... 189 186 179]
MMY_423889.jpg,[231 233 231 ... 179 179 182]
MMY_426110.jpg,[234 234 234 ... 159 160 153]
MMY_426263.jpg,[227 231 234 ... 231 231 230]
MMY_427480.jpg,[202 191 179 ... 196 187 182]
MMY_429452.jpg,[239 235 233 ... 189 177 166]
MMY_430586.jpg,[232 235 236 ... 159 162 166]
MMY_431496.jpg,[234 234 234 ... 209 220 228]
MMY_433507.jpg,[234 234 234 ...  24  84  98]
MMY_433979.jpg,[178 164 160 ...  38  59 168]
MMY_434117.jpg,[200 193 179 ... 221 238 230]
MMY_434222.jpg,[234 230 228 ... 231 230 228]
MMY_434530.jpg,[166 163 158 ... 230 232 232]
MMY_434567.jpg,[233 233 233 ... 231 232 235]
MMY_43496.jpg,[150 133 144 ... 225 240 230]
MMY_43498.jpg,[222 226 227 ... 176 182 184]
MMY_435313.jpg,[236 237 234 ... 172 172 172]
MMY_435662.jpg,[234 234 235 ... 173 178 193]
MMY_435680.jpg,[234 234 234 ... 233 246 231]
MMY_43640.jpg,[234 234 234 ... 190 183 163]
MMY_437070.jpg,[235 233 231 ... 229 234 241]
MMY_437974.jpg,[235 234 234 ... 163 165 174]
MMY_438349.jpg,[231 232 234 ... 158 161 163]
MMY_438586.jpg,[236 232 232 ... 233 234 232]
MMY_439431.jpg,[235 233 238 ... 238 237 234]
MMY_441459.jpg,[233 233 233 ... 204 198 196]
MMY_441759.jpg,[181 180 181 ... 229 230 232]
MMY_445592.jpg,[233 233 233 ...  42  95 128]
MMY_447393.jpg,[234 234 234 ... 177 179 182]
MMY_447518.jpg,[172 173 174 ... 233 229 230]
MMY_448120.jpg,[162 158 159 ... 231 231 232]
MMY_450209.jpg,[234 233 233 ... 229 229 229]
MMY_451221.jpg,[234 234 234 ... 168 173 177]
MMY_451570.jpg,[234 234 234 ... 234 235 236]
MMY_452599.jpg,[231 231 232 ... 235 236 236]
MMY_456339.jpg,[161 158 160 ... 200 211 225]
MMY_457259.jpg,[233 232 232 ... 232 231 232]
MMY_457494.jpg,[234 234 234 ... 234 232 236]
MMY_458715.jpg,[232 230 230 ... 203 210 219]
MMY_4594.jpg,[137 106  98 ... 126  68  89]
MMY_461304.jpg,[148 150 152 ... 233 233 238]
MMY_461920.jpg,[163 164 183 ... 239 232 236]
MMY_462828.jpg,[202 196 182 ... 234 236 237]
MMY_464019.jpg,[206 212 223 ... 238 225 220]
MMY_464829.jpg,[230 234 236 ... 234 237 237]
MMY_470624.jpg,[234 234 234 ... 203 207 209]
MMY_471585.jpg,[238 233 230 ... 169 173 179]
MMY_472273.jpg,[227 222 217 ... 214 202 193]
MMY_472660.jpg,[237 234 232 ... 231 229 226]
MMY_473164.jpg,[236 235 234 ... 234 234 234]
MMY_473242.jpg,[173 169 176 ... 240 234 233]
MMY_473519.jpg,[220 231 237 ... 232 233 231]
MMY_475621.jpg,[174 173 175 ... 205 191 184]
MMY_477904.jpg,[237 232 229 ... 156 159 160]
MMY_479018.jpg,[239 234 231 ... 176 173 170]
MMY_479868.jpg,[234 234 235 ... 234 234 234]
MMY_481706.jpg,[234 234 234 ... 170 175 184]
MMY_482591.jpg,[230 230 230 ... 232 228 220]
MMY_482816.jpg,[175 177 181 ... 145 176 210]
MMY_483770.jpg,[188 188 186 ... 200 187 170]
MMY_483809.jpg,[233 233 233 ... 233 212 189]
MMY_4856.jpg,[189 206 226 ... 224 232 241]
MMY_48577.jpg,[200 215 229 ... 185 187 188]
MMY_485982.jpg,[224 234 238 ... 181 178 173]
MMY_486237.jpg,[234 235 234 ... 152 168 173]
MMY_486384.jpg,[184 181 180 ... 228 243 232]
MMY_486684.jpg,[171 166 167 ... 191 219 230]
MMY_488204.jpg,[170 179 196 ... 232 232 232]
MMY_48921.jpg,[234 234 234 ... 233 233 234]
MMY_490168.jpg,[234 238 240 ... 234 234 233]
MMY_49018.jpg,[234 230 234 ... 181 188 198]
MMY_493309.jpg,[234 234 234 ... 166 167 167]
MMY_493321.jpg,[233 233 233 ... 177 181 184]
MMY_493957.jpg,[188 186 185 ... 235 235 236]
MMY_494835.jpg,[233 233 233 ... 231 232 232]
MMY_495324.jpg,[160 163 167 ... 229 231 233]
MMY_496221.jpg,[231 231 231 ... 232 233 229]
MMY_498839.jpg,[238 237 234 ... 224 230 234]
MMY_498908.jpg,[159 164 169 ... 201 205 207]
MMY_499590.jpg,[228 230 233 ... 236 231 237]
MMY_500110.jpg,[232 232 232 ... 236 230 231]
MMY_500548.jpg,[232 233 236 ... 158 157 158]
MMY_501195.jpg,[202 206 200 ... 227 231 228]
MMY_501847.jpg,[233 234 235 ... 145 146 147]
MMY_504572.jpg,[238 234 232 ... 232 232 234]
MMY_505203.jpg,[231 231 231 ... 197 190 179]
MMY_505287.jpg,[178 191 194 ... 151 152 153]
MMY_505537.jpg,[139 139 140 ... 234 234 234]
MMY_509632.jpg,[236 236 237 ... 236 238 236]
MMY_509781.jpg,[232 234 220 ... 227 231 244]
MMY_510160.jpg,[169 167 165 ... 232 232 233]
MMY_510579.jpg,[148 117 126 ... 101 229 227]
MMY_510665.jpg,[184 178 207 ... 234 234 234]
MMY_512208.jpg,[221 218 213 ... 168 181 191]
MMY_512568.jpg,[238 231 231 ... 236 235 234]
MMY_513394.jpg,[237 236 236 ... 199 201 203]
MMY_514048.jpg,[233 230 233 ... 235 239 235]
MMY_514496.jpg,[149 148 143 ... 234 235 236]
MMY_515058.jpg,[167 166 165 ... 235 234 231]
MMY_516316.jpg,[235 232 232 ... 238 235 227]
MMY_516686.jpg,[234 234 234 ... 236 236 236]
MMY_517905.jpg,[233 234 235 ... 234 234 234]
MMY_523094.jpg,[234 234 234 ...  70  94 113]
MMY_523610.jpg,[178 185 203 ... 230 229 228]
MMY_525728.jpg,[190 184 187 ... 161 161 160]
MMY_526039.jpg,[234 234 235 ... 168 170 172]
MMY_527103.jpg,[233 232 224 ... 231 231 210]
MMY_527267.jpg,[237 236 234 ... 150 151 152]
MMY_528360.jpg,[234 234 234 ... 234 234 234]
MMY_528920.jpg,[235 235 235 ... 225 230 233]
MMY_529830.jpg,[232 232 232 ... 179 175 189]
MMY_530007.jpg,[232 232 234 ... 236 237 232]
MMY_532614.jpg,[192 175 126 ... 152 143 145]
MMY_533676.jpg,[149 155 162 ... 233 236 238]
MMY_533782.jpg,[235 235 235 ... 191 189 187]
MMY_534803.jpg,[233 233 233 ... 170 171 172]
MMY_537620.jpg,[231 231 232 ... 141 143 148]
MMY_537813.jpg,[198 185 178 ... 125 122 150]
MMY_539510.jpg,[222 235 237 ... 146 144 141]
MMY_539783.jpg,[231 238 233 ... 231 230 233]
MMY_539990.jpg,[224 229 234 ... 234 236 235]
MMY_540609.jpg,[171 178 198 ... 162 218 207]
MMY_542689.jpg,[228 229 232 ... 233 233 234]
MMY_543820.jpg,[234 234 234 ... 158 156 153]
MMY_544124.jpg,[216 195 193 ... 197 197 192]
MMY_544571.jpg,[233 233 233 ... 170 175 181]
MMY_54670.jpg,[237 229 229 ... 230 229 231]
MMY_548007.jpg,[240 234 231 ... 236 236 237]
MMY_548286.jpg,[162 164 168 ... 156 240 231]
MMY_548476.jpg,[234 234 234 ... 237 230 221]
MMY_54894.jpg,[234 234 234 ... 170 173 163]
MMY_551149.jpg,[159 158 158 ... 233 233 233]
MMY_551307.jpg,[236 232 229 ... 173 175 168]
MMY_55138.jpg,[227 231 234 ... 198 188 185]
MMY_556440.jpg,[195 185 186 ... 234 230 228]
MMY_556551.jpg,[231 233 233 ... 232 231 229]
MMY_557434.jpg,[165 168 174 ... 236 234 204]
MMY_559956.jpg,[178 174 171 ... 167 169 169]
MMY_56149.jpg,[219 215 210 ... 233 235 237]
MMY_563741.jpg,[143 142 144 ... 197 194 188]
MMY_563946.jpg,[156 159 173 ... 182 191 199]
MMY_564743.jpg,[187 193 193 ... 239 236 232]
MMY_566153.jpg,[230 230 230 ... 229 230 231]
MMY_566199.jpg,[170 178 182 ...  78  52  95]
MMY_566526.jpg,[233 236 238 ... 237 236 231]
MMY_566743.jpg,[234 234 234 ... 234 234 234]
MMY_567014.jpg,[210 212 213 ... 214 208 198]
MMY_567721.jpg,[234 234 234 ... 173 180 189]
MMY_568774.jpg,[233 233 233 ... 229 229 229]
MMY_569099.jpg,[229 229 232 ... 188 197 202]
MMY_570600.jpg,[234 236 235 ... 166 159 165]
MMY_572488.jpg,[208 210 213 ... 231 231 231]
MMY_572952.jpg,[229 239 217 ... 153 153 158]
MMY_574581.jpg,[226 229 230 ... 152 155 158]
MMY_578488.jpg,[169 173 182 ... 166 167 173]
MMY_579603.jpg,[142 147 150 ... 163 170 179]
MMY_579750.jpg,[232 230 232 ... 208 226 232]
MMY_580056.jpg,[235 234 233 ... 240 231 221]
MMY_580358.jpg,[195 194 193 ... 233 233 233]
MMY_582109.jpg,[235 235 234 ... 233 233 233]
MMY_583780.jpg,[233 232 231 ... 239 234 232]
MMY_585182.jpg,[234 234 234 ... 194 148 103]
MMY_586361.jpg,[234 234 234 ... 143 135 143]
MMY_586398.jpg,[228 236 237 ... 229 230 239]
MMY_586942.jpg,[235 235 235 ... 234 234 235]
MMY_58781.jpg,[179 185 188 ... 154 155 156]
MMY_589252.jpg,[163 166 166 ... 233 233 233]
MMY_59134.jpg,[234 234 234 ... 233 233 234]
MMY_59156.jpg,[232 232 233 ... 145 146 147]
MMY_591946.jpg,[234 234 234 ... 194 235 229]
MMY_592368.jpg,[234 234 234 ... 194 205 213]
MMY_593667.jpg,[231 231 231 ... 228 230 231]
MMY_59412.jpg,[220 210 224 ... 106 131 164]
MMY_594409.jpg,[208 234 237 ... 178 177 176]
MMY_594467.jpg,[237 235 232 ... 172 171 172]
MMY_59525.jpg,[235 235 235 ... 184 187 189]
MMY_599498.jpg,[218 217 215 ... 156 156 157]
MMY_600869.jpg,[155 151 148 ... 235 234 233]
MMY_600895.jpg,[161 174 168 ... 235 237 233]
MMY_601267.jpg,[232 229 226 ... 231 233 236]
MMY_601505.jpg,[229 228 229 ... 209 222 226]
MMY_601767.jpg,[230 241 238 ... 235 229 244]
MMY_602218.jpg,[234 234 234 ... 184 189 188]
MMY_603433.jpg,[232 233 235 ... 152 140 148]
MMY_603469.jpg,[225 246 242 ... 196 212 197]
MMY_604486.jpg,[209 229 233 ... 229 242 233]
MMY_604514.jpg,[182 211 233 ... 140 138 125]
MMY_606779.jpg,[194 192 188 ... 184 186 188]
MMY_607212.jpg,[209 168 124 ... 175 184 202]
MMY_60767.jpg,[234 234 234 ... 237 238 237]
MMY_608981.jpg,[232 233 233 ... 199 196 194]
MMY_609050.jpg,[217 230 235 ... 165 163 162]
MMY_609988.jpg,[186 198 218 ... 241 232 224]
MMY_610298.jpg,[234 234 234 ... 193 171 165]
MMY_610510.jpg,[189 210 231 ... 241 241 231]
MMY_611784.jpg,[231 235 236 ... 200 187 185]
MMY_613176.jpg,[236 236 231 ... 165 164 166]
MMY_613947.jpg,[231 231 231 ... 191 191 191]
MMY_614099.jpg,[181 187 186 ... 182 189 195]
MMY_615067.jpg,[235 235 235 ... 199 208 214]
MMY_616190.jpg,[236 235 235 ... 236 236 236]
MMY_616831.jpg,[235 232 229 ... 241 233 231]
MMY_617059.jpg,[238 224 175 ... 157 174 229]
MMY_617376.jpg,[239 229 226 ... 171 173 177]
MMY_619292.jpg,[235 235 235 ... 233 233 231]
MMY_621867.jpg,[236 235 234 ... 154 154 158]
MMY_622675.jpg,[234 234 234 ... 201 188 178]
MMY_624969.jpg,[234 235 235 ... 234 234 234]
MMY_625474.jpg,[233 233 233 ... 236 233 209]
MMY_630078.jpg,[234 235 235 ... 234 236 237]
MMY_630601.jpg,[233 232 232 ... 241 235 222]
MMY_63114.jpg,[226 242 235 ... 230 235 227]
MMY_631766.jpg,[234 234 234 ... 235 235 235]
MMY_632196.jpg,[232 232 232 ... 173 177 179]
MMY_634492.jpg,[230 229 229 ... 236 230 224]
MMY_63566.jpg,[230 233 230 ... 231 230 230]
MMY_636029.jpg,[234 234 234 ... 186 186 186]
MMY_63678.jpg,[233 233 233 ... 231 231 231]
MMY_639899.jpg,[234 233 233 ... 180 179 179]
MMY_640070.jpg,[229 225 233 ... 240 238 231]
MMY_641300.jpg,[171 181 195 ... 152 142 149]
MMY_642093.jpg,[233 232 234 ... 231 228 230]
MMY_642404.jpg,[182 182 184 ... 219 211 187]
MMY_645219.jpg,[225 221 210 ... 224 230 230]
MMY_64547.jpg,[232 232 232 ... 231 231 231]
MMY_647211.jpg,[232 232 232 ... 168 169 171]
MMY_647342.jpg,[222 228 235 ... 233 233 233]
MMY_650033.jpg,[233 233 233 ... 233 234 230]
MMY_650708.jpg,[173 172 173 ... 234 234 234]
MMY_650933.jpg,[232 233 234 ... 233 233 234]
MMY_651916.jpg,[234 234 234 ... 164 170 175]
MMY_652880.jpg,[234 232 227 ...  59  70 135]
MMY_653295.jpg,[234 234 234 ... 227 230 232]
MMY_653686.jpg,[170 174 173 ... 161 162 170]
MMY_653818.jpg,[234 233 232 ... 155 154 153]
MMY_654116.jpg,[164 170 173 ... 158 156 157]
MMY_656575.jpg,[234 234 234 ... 164 167 169]
MMY_656824.jpg,[234 234 234 ... 153 155 157]
MMY_658445.jpg,[233 234 235 ... 129 159 190]
MMY_658487.jpg,[233 233 233 ... 233 233 232]
MMY_66041.jpg,[229 236 238 ... 231 231 228]
MMY_661553.jpg,[240 237 233 ... 232 230 232]
MMY_663334.jpg,[175 181 167 ... 158 159 163]
MMY_663453.jpg,[210 229 241 ... 234 235 233]
MMY_665931.jpg,[234 234 234 ... 135 132 134]
MMY_666432.jpg,[235 233 231 ... 235 235 235]
MMY_667843.jpg,[182 181 180 ... 237 228 214]
MMY_669472.jpg,[233 233 233 ... 230 231 234]
MMY_670491.jpg,[177 170 161 ... 202 210 214]
MMY_670737.jpg,[232 232 236 ... 232 228 230]
MMY_672616.jpg,[237 230 229 ... 229 225 228]
MMY_67264.jpg,[238 234 230 ... 222 234 225]
MMY_673739.jpg,[160 148 147 ... 235 245 227]
MMY_674793.jpg,[229 236 235 ... 240 235 229]
MMY_675108.jpg,[232 238 235 ... 229 229 229]
MMY_675168.jpg,[236 235 235 ... 100  64  49]
MMY_675867.jpg,[234 234 234 ... 235 233 231]
MMY_676138.jpg,[236 233 230 ... 232 235 234]
MMY_676553.jpg,[150 154 158 ... 232 231 233]
MMY_677451.jpg,[228 229 244 ... 228 226 236]
MMY_678316.jpg,[234 233 232 ... 221 232 237]
MMY_678680.jpg,[167 119 101 ... 112  93  97]
MMY_678698.jpg,[234 234 235 ... 231 234 230]
MMY_678834.jpg,[232 241 239 ... 213 224 230]
MMY_679232.jpg,[233 236 238 ... 178 173 167]
MMY_679334.jpg,[233 233 233 ... 233 233 233]
MMY_67970.jpg,[235 234 230 ... 230 231 234]
MMY_68077.jpg,[234 230 231 ... 235 236 230]
MMY_680963.jpg,[166 165 165 ... 231 230 230]
MMY_681203.jpg,[236 232 238 ... 176 169 144]
MMY_681358.jpg,[226 222 204 ... 143 148 152]
MMY_685315.jpg,[231 233 233 ... 228 232 234]
MMY_686451.jpg,[225 237 231 ... 203 203 214]
MMY_686821.jpg,[232 240 242 ... 238 236 228]
MMY_68684.jpg,[161 157 154 ... 145 146 147]
MMY_689341.jpg,[234 234 234 ... 234 234 234]
MMY_689595.jpg,[226 229 226 ... 208 204 182]
MMY_69091.jpg,[164 157 149 ... 230 228 220]
MMY_693245.jpg,[235 235 235 ... 233 233 235]
MMY_694442.jpg,[225 225 227 ... 196 182 173]
MMY_694459.jpg,[233 233 233 ... 229 231 230]
MMY_694656.jpg,[115 121 127 ... 129 126 127]
MMY_695007.jpg,[234 234 234 ... 169 167 165]
MMY_695743.jpg,[233 233 233 ... 191 200 182]
MMY_695964.jpg,[174 159 112 ...  44  69  52]
MMY_696538.jpg,[233 233 233 ... 231 229 238]
MMY_69761.jpg,[234 234 234 ... 156 158 163]
MMY_700228.jpg,[238 231 228 ... 197 199 206]
MMY_702771.jpg,[233 228 228 ... 236 236 233]
MMY_703140.jpg,[227 223 225 ... 156 158 159]
MMY_704276.jpg,[240 230 217 ... 235 233 231]
MMY_704524.jpg,[234 234 234 ... 165 167 167]
MMY_70789.jpg,[233 233 233 ... 175 175 178]
MMY_71180.jpg,[167 167 172 ...  82 106 101]
MMY_712340.jpg,[231 231 232 ... 175 186 179]
MMY_71272.jpg,[234 234 233 ... 220 227 232]
MMY_713600.jpg,[228 235 234 ... 226 226 227]
MMY_71704.jpg,[158 158 160 ... 170 181 192]
MMY_717836.jpg,[230 229 242 ... 231 232 235]
MMY_718083.jpg,[233 234 234 ... 234 234 234]
MMY_719515.jpg,[232 233 232 ... 233 233 233]
MMY_719838.jpg,[237 239 237 ... 234 234 234]
MMY_720207.jpg,[230 230 232 ... 232 232 231]
MMY_721640.jpg,[232 232 232 ... 214 226 233]
MMY_723163.jpg,[232 233 233 ... 207 223 236]
MMY_723798.jpg,[234 234 234 ... 146 145 144]
MMY_723979.jpg,[156 159 157 ... 233 230 228]
MMY_724249.jpg,[233 233 232 ... 132 132 111]
MMY_72605.jpg,[234 234 234 ... 232 232 232]
MMY_728649.jpg,[149 152 157 ... 168 186 205]
MMY_728765.jpg,[181 182 184 ... 221 213 207]
MMY_728989.jpg,[233 233 233 ... 234 232 229]
MMY_729525.jpg,[232 232 232 ... 175 194 224]
MMY_7296.jpg,[230 229 229 ... 223 224 226]
MMY_729766.jpg,[236 235 232 ... 149 149 146]
MMY_7303.jpg,[231 237 239 ... 231 233 234]
MMY_731207.jpg,[230 235 232 ... 233 231 236]
MMY_73213.jpg,[231 231 231 ... 156 157 158]
MMY_732303.jpg,[188 204 175 ... 171 184 179]
MMY_732453.jpg,[212 219 218 ... 163 161 160]
MMY_733494.jpg,[232 232 232 ... 233 220 203]
MMY_73482.jpg,[136 133 139 ... 222 226 228]
MMY_735079.jpg,[235 234 233 ... 208 224 232]
MMY_736422.jpg,[232 229 236 ... 227 244 241]
MMY_739126.jpg,[234 234 234 ... 168 171 174]
MMY_739162.jpg,[233 225 235 ... 231 239 234]
MMY_739257.jpg,[186 194 184 ... 225 233 236]
MMY_739324.jpg,[233 233 233 ... 164 164 167]
MMY_739420.jpg,[158 167 175 ... 230 228 226]
MMY_74215.jpg,[238 235 232 ... 227 225 225]
MMY_742490.jpg,[234 234 234 ... 234 234 234]
MMY_743708.jpg,[229 232 231 ... 234 233 230]
MMY_744823.jpg,[228 227 225 ...  85 126 183]
MMY_745290.jpg,[198 197 192 ... 149 148 174]
MMY_745580.jpg,[233 233 233 ... 230 230 231]
MMY_745800.jpg,[233 231 229 ... 230 231 232]
MMY_746405.jpg,[240 226 238 ... 136 137 138]
MMY_748001.jpg,[151 163 189 ... 234 230 230]
MMY_749101.jpg,[149 155 160 ... 162 170 133]
MMY_749343.jpg,[212 215 220 ... 227 232 233]
MMY_749423.jpg,[233 237 236 ... 221 231 239]
MMY_749723.jpg,[229 230 231 ... 176 182 188]
MMY_752335.jpg,[234 234 234 ... 192 176 165]
MMY_75301.jpg,[229 232 234 ... 232 232 232]
MMY_753204.jpg,[177 178 179 ... 190 191 192]
MMY_753405.jpg,[238 236 239 ... 184 187 190]
MMY_754079.jpg,[226 236 218 ... 184 194 184]
MMY_755487.jpg,[230 234 235 ... 230 230 231]
MMY_755709.jpg,[166 171 172 ... 243 232 202]
MMY_755795.jpg,[231 232 233 ... 156 156 159]
MMY_75636.jpg,[231 233 235 ... 231 231 231]
MMY_756971.jpg,[225 236 232 ... 223 200 211]
MMY_7585.jpg,[235 235 235 ... 163 159 156]
MMY_760275.jpg,[139 147 149 ... 204 189 195]
MMY_76278.jpg,[227 230 232 ... 147 154 154]
MMY_76349.jpg,[234 232 232 ... 230 230 236]
MMY_763787.jpg,[232 232 233 ... 184 181 182]
MMY_76467.jpg,[173 173 177 ... 208 220 229]
MMY_765624.jpg,[192 193 193 ... 160 154 158]
MMY_765938.jpg,[220 213 203 ... 230 234 238]
MMY_767790.jpg,[159 157 159 ... 235 235 235]
MMY_767879.jpg,[230 231 232 ... 196 196 194]
MMY_768755.jpg,[230 231 233 ... 199 203 214]
MMY_769142.jpg,[159 183 210 ... 210 221 235]
MMY_771196.jpg,[181 181 180 ... 234 234 234]
MMY_771253.jpg,[229 228 228 ... 206 187 181]
MMY_771502.jpg,[230 232 227 ...  49  32  66]
MMY_772687.jpg,[231 221 223 ... 231 230 229]
MMY_77389.jpg,[185 158 137 ... 124 218 231]
MMY_773939.jpg,[148 184 152 ... 233 236 237]
MMY_775343.jpg,[234 234 234 ... 232 219 220]
MMY_777961.jpg,[235 235 235 ... 234 234 234]
MMY_779035.jpg,[165 170 160 ... 233 233 233]
MMY_779101.jpg,[224 240 229 ... 228 238 236]
MMY_779565.jpg,[237 235 233 ... 223 225 235]
MMY_782649.jpg,[168 170 174 ... 111 129  69]
MMY_782857.jpg,[232 233 234 ... 176 175 175]
MMY_782989.jpg,[167 139 135 ... 143 155 164]
MMY_785007.jpg,[231 231 231 ... 233 232 230]
MMY_787176.jpg,[231 232 233 ... 178 177 177]
MMY_787613.jpg,[204 166 162 ... 233 225 232]
MMY_787978.jpg,[235 235 235 ... 165 165 169]
MMY_788701.jpg,[234 234 234 ... 171 172 173]
MMY_789243.jpg,[175 179 181 ... 231 232 234]
MMY_790179.jpg,[223 159  95 ... 225 233 229]
MMY_790406.jpg,[200 212 226 ... 233 233 234]
MMY_790480.jpg,[189 204 224 ... 236 233 231]
MMY_791618.jpg,[188 203 223 ... 230 230 226]
MMY_793007.jpg,[234 234 234 ... 233 234 236]
MMY_794921.jpg,[236 234 227 ... 223 214 201]
MMY_796348.jpg,[235 235 234 ... 233 233 234]
MMY_797020.jpg,[236 230 230 ... 234 231 228]
MMY_797425.jpg,[184 186 186 ... 178 198 219]
MMY_797468.jpg,[185 183 185 ... 234 233 231]
MMY_798322.jpg,[186 168 147 ... 234 233 228]
MMY_798688.jpg,[233 233 233 ... 233 233 233]
MMY_80002.jpg,[217 198 189 ... 173 174 173]
MMY_800672.jpg,[240 236 228 ... 169 168 171]
MMY_801832.jpg,[233 233 233 ... 240 227 205]
MMY_803454.jpg,[184 186 187 ... 232 230 225]
MMY_803720.jpg,[231 232 234 ... 229 218 206]
MMY_803821.jpg,[183 181 182 ... 133 189 215]
MMY_805463.jpg,[237 233 232 ... 228 232 239]
MMY_806369.jpg,[234 234 234 ... 165 190 200]
MMY_806431.jpg,[235 234 233 ... 106 107 131]
MMY_80740.jpg,[176 177 178 ... 209 220 196]
MMY_807618.jpg,[139 141 144 ... 108 106 145]
MMY_808166.jpg,[191 200 192 ... 208 223 232]
MMY_810345.jpg,[177 184 200 ... 160 161 148]
MMY_81114.jpg,[165 164 162 ... 232 233 231]
MMY_811293.jpg,[229 231 233 ... 232 230 230]
MMY_812169.jpg,[179 181 182 ... 234 234 234]
MMY_813028.jpg,[231 230 229 ... 232 232 232]
MMY_813477.jpg,[233 233 233 ... 230 199 180]
MMY_814012.jpg,[226 234 238 ... 167 169 178]
MMY_814740.jpg,[165 167 169 ... 238 240 230]
MMY_815808.jpg,[235 233 234 ... 232 238 233]
MMY_815977.jpg,[222 234 227 ... 238 236 234]
MMY_816738.jpg,[233 232 232 ... 176 179 185]
MMY_81744.jpg,[208 226 239 ... 232 231 227]
MMY_81901.jpg,[232 233 232 ... 234 234 234]
MMY_821120.jpg,[234 235 231 ... 170 172 170]
MMY_821218.jpg,[237 233 230 ... 173 189 201]
MMY_821672.jpg,[236 236 236 ... 231 231 231]
MMY_821915.jpg,[233 233 233 ... 194 191 189]
MMY_822688.jpg,[163 165 167 ... 163 159 152]
MMY_823721.jpg,[232 232 233 ... 230 232 233]
MMY_824749.jpg,[232 227 227 ... 232 232 232]
MMY_824785.jpg,[234 234 234 ... 174 176 177]
MMY_824858.jpg,[161 162 162 ... 173 173 172]
MMY_825811.jpg,[232 232 232 ...  87  81  72]
MMY_826421.jpg,[191 195 200 ... 193 239 228]
MMY_826617.jpg,[234 234 234 ... 192 211 229]
MMY_826679.jpg,[235 231 228 ... 232 233 230]
MMY_828326.jpg,[198 224 233 ... 184 180 177]
MMY_828384.jpg,[215 220 206 ... 115 109 144]
MMY_829523.jpg,[229 233 234 ... 225 218 203]
MMY_829920.jpg,[232 231 236 ... 165 162 161]
MMY_830457.jpg,[237 234 231 ... 234 234 234]
MMY_83088.jpg,[232 232 232 ... 231 231 231]
MMY_831347.jpg,[157 154 160 ... 234 234 234]
MMY_833392.jpg,[230 230 230 ... 170 176 182]
MMY_834449.jpg,[232 232 232 ... 231 231 231]
MMY_834867.jpg,[174 182 188 ... 232 232 232]
MMY_838664.jpg,[234 234 234 ... 232 229 227]
MMY_841275.jpg,[232 232 232 ... 233 232 231]
MMY_846459.jpg,[224 233 236 ... 180 227 221]
MMY_848835.jpg,[231 231 231 ... 233 232 231]
MMY_848868.jpg,[201 202 203 ... 232 232 232]
MMY_849191.jpg,[228 228 229 ... 122 222 230]
MMY_849324.jpg,[228 229 230 ... 233 233 233]
MMY_851013.jpg,[236 232 231 ... 229 231 235]
MMY_851886.jpg,[168 175 168 ... 227 233 234]
MMY_852331.jpg,[190 181 168 ... 188 189 189]
MMY_852541.jpg,[241 225 240 ... 145 147 152]
MMY_85292.jpg,[172 159 154 ... 238 235 229]
MMY_854618.jpg,[194 193 191 ... 234 236 232]
MMY_855485.jpg,[176 178 180 ...  90  78 121]
MMY_856218.jpg,[167 168 169 ... 234 240 234]
MMY_856710.jpg,[237 236 234 ... 236 235 236]
MMY_857453.jpg,[234 232 225 ... 232 235 241]
MMY_858503.jpg,[183 185 185 ... 155 148 147]
MMY_859004.jpg,[228 235 236 ... 226 227 228]
MMY_860532.jpg,[236 237 234 ... 134 136 139]
MMY_860828.jpg,[237 236 236 ... 235 235 235]
MMY_860919.jpg,[227 235 229 ... 218 244 221]
MMY_861946.jpg,[233 233 233 ... 173 169 166]
MMY_862804.jpg,[143 152 156 ... 233 233 233]
MMY_863598.jpg,[160 164 170 ... 233 233 233]
MMY_86501.jpg,[225 226 217 ... 221 220 220]
MMY_866214.jpg,[223 230 227 ... 230 233 237]
MMY_866464.jpg,[231 235 230 ... 231 231 223]
MMY_868024.jpg,[235 235 235 ... 235 233 231]
MMY_869524.jpg,[169 169 193 ... 176 173 171]
MMY_870377.jpg,[234 236 237 ... 239 237 231]
MMY_871312.jpg,[229 231 233 ... 230 228 227]
MMY_871983.jpg,[237 235 232 ... 171 169 166]
MMY_872306.jpg,[225 230 231 ... 232 232 232]
MMY_872545.jpg,[222 231 237 ... 167 166 165]
MMY_873409.jpg,[232 232 232 ... 204 176 155]
MMY_873744.jpg,[231 230 230 ... 183 182 181]
MMY_87407.jpg,[134 130 130 ... 230 234 235]
MMY_875868.jpg,[232 232 232 ... 231 231 230]
MMY_875897.jpg,[235 235 232 ... 184 167 158]
MMY_876904.jpg,[238 233 224 ... 226 249 229]
MMY_87809.jpg,[233 233 233 ... 177 180 183]
MMY_879255.jpg,[233 233 233 ... 232 242 229]
MMY_879615.jpg,[231 234 242 ... 235 235 235]
MMY_884566.jpg,[168 208 233 ... 233 233 233]
MMY_885038.jpg,[233 233 233 ... 231 232 236]
MMY_886656.jpg,[237 230 238 ... 166 160 156]
MMY_887092.jpg,[233 233 233 ... 240 239 228]
MMY_887303.jpg,[237 244 238 ... 170 182 185]
MMY_887819.jpg,[233 232 232 ... 198 198 198]
MMY_88826.jpg,[232 231 231 ...  72 136 210]
MMY_888371.jpg,[240 232 232 ... 151 154 156]
MMY_888377.jpg,[231 231 231 ... 233 234 235]
MMY_888389.jpg,[239 232 232 ... 217 219 209]
MMY_890575.jpg,[238 220 157 ... 216 224 239]
MMY_891309.jpg,[156 157 156 ... 223 224 225]
MMY_891630.jpg,[234 234 234 ... 201 216 211]
MMY_891988.jpg,[232 233 235 ... 158 158 158]
MMY_892911.jpg,[235 234 234 ... 231 230 229]
MMY_89515.jpg,[232 232 232 ... 174 179 183]
MMY_895440.jpg,[232 232 232 ... 189 208 201]
MMY_896503.jpg,[231 224 211 ... 184 211 232]
MMY_897369.jpg,[235 234 233 ... 229 234 236]
MMY_897835.jpg,[232 233 233 ... 233 233 233]
MMY_898617.jpg,[235 208 175 ... 146 151 147]
MMY_9004.jpg,[237 234 232 ... 231 230 229]
MMY_900690.jpg,[234 233 233 ... 231 231 231]
MMY_901031.jpg,[233 233 233 ... 229 226 224]
MMY_901454.jpg,[230 231 233 ... 146 156 177]
MMY_90174.jpg,[234 235 234 ... 236 233 232]
MMY_901894.jpg,[234 234 234 ... 234 234 234]
MMY_902262.jpg,[231 231 231 ... 232 232 232]
MMY_902637.jpg,[202 177 165 ... 165 166 167]
MMY_903097.jpg,[213 194 178 ... 232 237 228]
MMY_903620.jpg,[181 135 103 ... 227 227 229]
MMY_905983.jpg,[231 231 231 ... 164 155 150]
MMY_907900.jpg,[234 234 234 ... 229 233 236]
MMY_908774.jpg,[190 185 180 ... 111  98  89]
MMY_909453.jpg,[233 233 233 ... 182 183 188]
MMY_911187.jpg,[235 235 235 ... 173 173 173]
MMY_911484.jpg,[231 231 231 ... 135 133 136]
MMY_912108.jpg,[232 232 231 ... 198 196 199]
MMY_91250.jpg,[232 232 232 ... 228 228 228]
MMY_913911.jpg,[233 233 233 ... 221 231 229]
MMY_913992.jpg,[166 151 159 ... 183 178 188]
MMY_917920.jpg,[171 172 172 ... 234 225 217]
MMY_917973.jpg,[233 231 229 ...  65 124 205]
MMY_9183.jpg,[232 232 232 ... 229 224 219]
MMY_924027.jpg,[148 146 157 ... 234 234 235]
MMY_924108.jpg,[166 176 178 ... 138 117 156]
MMY_92430.jpg,[209 218 230 ... 233 226 221]
MMY_925344.jpg,[239 236 236 ... 237 234 230]
MMY_925416.jpg,[234 234 235 ... 161 161 160]
MMY_925956.jpg,[222 223 226 ... 134 223 228]
MMY_926571.jpg,[234 227 239 ... 237 236 230]
MMY_927242.jpg,[234 236 234 ... 179 172 171]
MMY_927974.jpg,[232 232 232 ... 233 231 229]
MMY_928004.jpg,[227 235 241 ... 148 148 145]
MMY_928795.jpg,[178 207 229 ...  73 119 134]
MMY_928813.jpg,[237 235 230 ... 229 230 230]
MMY_929109.jpg,[184 187 188 ... 232 232 230]
MMY_929178.jpg,[197 195 189 ... 127 133 138]
MMY_930116.jpg,[234 234 234 ... 167 168 167]
MMY_931130.jpg,[232 232 232 ... 176 175 177]
MMY_933828.jpg,[221 232 235 ... 239 233 225]
MMY_937339.jpg,[235 235 235 ... 237 243 230]
MMY_938408.jpg,[ 94  65  36 ... 236 243 222]
MMY_939449.jpg,[234 234 234 ... 236 218 196]
MMY_942518.jpg,[239 224 219 ... 105 133 167]
MMY_94277.jpg,[233 231 229 ... 233 233 230]
MMY_943233.jpg,[233 233 233 ... 162 161 160]
MMY_944482.jpg,[179 181 188 ... 232 234 238]
MMY_945633.jpg,[237 236 235 ... 152 152 153]
MMY_945725.jpg,[233 233 233 ... 173 172 171]
MMY_945875.jpg,[235 234 232 ... 233 233 233]
MMY_948773.jpg,[232 230 229 ... 186 178 182]
MMY_951949.jpg,[139 146 154 ... 183 186 190]
MMY_952825.jpg,[198 214 228 ... 233 235 236]
MMY_952919.jpg,[233 229 231 ... 168 162 158]
MMY_953045.jpg,[186 182 181 ... 238 236 235]
MMY_954583.jpg,[181 195 213 ... 189 190 192]
MMY_955333.jpg,[184 186 188 ... 230 231 232]
MMY_957261.jpg,[234 234 234 ... 233 233 233]
MMY_958575.jpg,[244 237 232 ... 232 231 242]
MMY_959094.jpg,[233 233 233 ... 229 231 230]
MMY_961606.jpg,[231 233 235 ... 233 232 231]
MMY_964504.jpg,[234 233 231 ... 196 198 184]
MMY_9660.jpg,[232 234 236 ... 233 225 220]
MMY_96735.jpg,[235 219 236 ... 233 232 234]
MMY_967908.jpg,[231 232 233 ... 230 233 240]
MMY_96795.jpg,[233 233 233 ... 236 233 236]
MMY_969735.jpg,[232 221 213 ... 156 148 148]
MMY_970412.jpg,[230 241 231 ... 212 209 199]
MMY_971359.jpg,[232 232 232 ... 132 142 136]
MMY_971601.jpg,[232 232 232 ... 224 217 216]
MMY_97190.jpg,[235 217 202 ... 207 223 222]
MMY_973184.jpg,[240 224 220 ... 227 239 243]
MMY_9735.jpg,[165 169 186 ... 161 163 175]
MMY_975100.jpg,[226 234 239 ... 168 168 168]
MMY_975584.jpg,[229 208 202 ... 233 233 227]
MMY_975800.jpg,[238 238 235 ... 234 236 234]
MMY_976917.jpg,[205 200 191 ... 167 169 189]
MMY_977169.jpg,[229 207 186 ... 209 225 234]
MMY_97856.jpg,[188 192 191 ... 238 235 230]
MMY_978810.jpg,[236 240 233 ... 242 236 227]
MMY_978925.jpg,[238 238 236 ... 234 234 234]
MMY_979126.jpg,[228 232 233 ... 176 176 177]
MMY_979454.jpg,[142 172 194 ... 226 235 226]
MMY_979899.jpg,[178 180 179 ... 233 233 233]
MMY_98056.jpg,[233 233 232 ... 158 157 159]
MMY_981851.jpg,[176 177 188 ... 216 219 225]
MMY_983043.jpg,[234 232 231 ... 177 179 182]
MMY_985408.jpg,[141 141 141 ... 175 179 182]
MMY_986095.jpg,[232 232 232 ... 159 160 163]
MMY_987195.jpg,[231 235 238 ... 176 157 166]
MMY_987213.jpg,[237 231 229 ... 135 147 167]
MMY_988718.jpg,[235 234 233 ... 172 170 168]
MMY_989500.jpg,[226 226 226 ... 209 173 163]
MMY_989985.jpg,[233 234 234 ... 160 163 170]
MMY_990391.jpg,[235 232 227 ... 183 206 214]
MMY_992233.jpg,[237 234 232 ... 211 224 226]
MMY_993230.jpg,[237 237 230 ... 237 232 239]
MMY_994983.jpg,[176 172 167 ... 233 233 233]
MMY_995264.jpg,[232 232 232 ... 232 232 232]
MMY_996776.jpg,[232 235 235 ... 171 166 165]
MMY_997977.jpg,[240 232 228 ... 238 238 230]
MMY_998145.jpg,[151 165 160 ... 230 229 242]
MMY_998970.jpg,[233 233 233 ... 190 188 186]
MMY_999309.jpg,[236 232 230 ... 234 232 239]
MY_100038.jpg,[232 233 235 ... 190 186 186]
MY_100463.jpg,[233 233 232 ... 157 155 157]
MY_100945.jpg,[234 231 233 ... 193 194 183]
MY_101046.jpg,[232 233 233 ... 125 150 160]
MY_102008.jpg,[233 233 233 ... 164 164 164]
MY_102281.jpg,[234 234 234 ... 238 239 234]
MY_102304.jpg,[239 234 224 ... 194 186 178]
MY_102822.jpg,[241 241 222 ... 221 228 227]
MY_102887.jpg,[232 232 232 ... 227 209 188]
MY_103619.jpg,[230 232 233 ... 153 158 160]
MY_105216.jpg,[135 140 140 ... 193 194 199]
MY_105400.jpg,[183 181 180 ... 175 182 186]
MY_10845.jpg,[233 233 232 ... 198 190 184]
MY_110292.jpg,[171 181 203 ... 179 181 183]
MY_111930.jpg,[233 233 232 ... 205 214 219]
MY_113644.jpg,[172 173 175 ... 195 210 222]
MY_115981.jpg,[183 210 232 ... 230 234 240]
MY_11615.jpg,[232 233 233 ... 232 236 227]
MY_116737.jpg,[234 234 234 ... 232 224 214]
MY_119173.jpg,[203 202 200 ... 232 228 234]
MY_119619.jpg,[ 37  40  52 ... 117 123 183]
MY_119999.jpg,[233 233 233 ... 233 223 225]
MY_120338.jpg,[234 234 234 ... 150 152 162]
MY_121051.jpg,[232 232 232 ... 236 231 221]
MY_121208.jpg,[227 234 234 ... 235 233 231]
MY_121211.jpg,[ 65  42  42 ... 204 225 229]
MY_122208.jpg,[238 234 233 ... 236 236 237]
MY_12301.jpg,[136 136 135 ... 228 227 227]
MY_124515.jpg,[233 233 233 ... 233 233 233]
MY_125978.jpg,[232 232 232 ... 232 231 231]
MY_126278.jpg,[229 229 230 ... 142 144 147]
MY_126435.jpg,[163 164 167 ... 191 170 163]
MY_129353.jpg,[173 169 169 ... 232 233 233]
MY_129949.jpg,[158 146 145 ... 162 161 160]
MY_12999.jpg,[230 233 235 ... 160 151 160]
MY_130749.jpg,[232 236 236 ... 220 219 225]
MY_13222.jpg,[233 233 233 ... 158 156 152]
MY_132265.jpg,[226 244 229 ... 183 185 192]
MY_133660.jpg,[233 230 229 ... 233 234 234]
MY_13396.jpg,[232 232 232 ... 226 201 177]
MY_134565.jpg,[154 119 138 ... 232 232 233]
MY_13579.jpg,[234 233 230 ... 230 228 227]
MY_136754.jpg,[201 180 165 ... 164 163 139]
MY_137100.jpg,[235 235 235 ... 176 176 180]
MY_137874.jpg,[235 235 235 ... 172 166 162]
MY_138902.jpg,[235 231 229 ... 161 158 153]
MY_139124.jpg,[231 234 235 ... 135 175 168]
MY_139492.jpg,[234 234 234 ... 237 224 222]
MY_139496.jpg,[234 234 234 ... 226 229 233]
MY_141437.jpg,[232 232 232 ... 148 179 189]
MY_141610.jpg,[239 236 234 ... 234 231 230]
MY_141919.jpg,[229 229 227 ... 222 232 236]
MY_142994.jpg,[233 233 232 ... 154 158 165]
MY_143171.jpg,[234 234 234 ... 194 197 198]
MY_143806.jpg,[233 233 233 ... 202 198 195]
MY_14468.jpg,[231 231 232 ... 237 231 225]
MY_147920.jpg,[155 153 151 ... 146 176 219]
MY_151810.jpg,[228 230 232 ... 235 232 236]
MY_152520.jpg,[233 233 233 ... 203 182 191]
MY_154518.jpg,[238 237 235 ... 161 158 166]
MY_155817.jpg,[233 233 233 ... 129 140 150]
MY_157291.jpg,[209 199 185 ... 235 235 232]
MY_157828.jpg,[178 179 192 ... 197 193 192]
MY_157915.jpg,[233 233 233 ... 233 234 231]
MY_15896.jpg,[236 234 233 ... 234 237 237]
MY_161.jpg,[170 168 167 ... 238 235 228]
MY_161790.jpg,[233 233 231 ... 222 226 246]
MY_162415.jpg,[228 230 232 ... 142 143 143]
MY_163137.jpg,[178 169 161 ... 169 170 173]
MY_163444.jpg,[172 173 176 ... 235 235 236]
MY_164404.jpg,[234 234 234 ... 224 205 186]
MY_164630.jpg,[232 232 232 ... 205 212 216]
MY_165850.jpg,[236 236 236 ... 242 229 233]
MY_16620.jpg,[173 150 115 ... 144 151 156]
MY_166340.jpg,[160 129 109 ... 173 154 155]
MY_167589.jpg,[221 230 235 ... 230 231 232]
MY_168501.jpg,[231 232 233 ... 210 198 191]
MY_169043.jpg,[234 234 234 ... 232 232 232]
MY_16924.jpg,[223 242 233 ... 228 221 241]
MY_169425.jpg,[231 230 230 ... 149 146 145]
MY_169658.jpg,[230 236 237 ... 185 162 156]
MY_171293.jpg,[235 237 234 ...  57  95 128]
MY_172164.jpg,[239 236 233 ... 162 166 169]
MY_175369.jpg,[234 233 232 ... 230 234 232]
MY_175725.jpg,[236 234 232 ... 230 231 231]
MY_177168.jpg,[160 183 211 ... 177 185 193]
MY_177233.jpg,[233 233 233 ... 235 235 235]
MY_177249.jpg,[233 233 233 ... 191 228 235]
MY_178548.jpg,[169 186 201 ... 242 229 230]
MY_179886.jpg,[238 234 232 ... 179 175 164]
MY_18.jpg,[235 229 218 ... 212 213 199]
MY_180161.jpg,[164 169 185 ... 229 245 229]
MY_180887.jpg,[231 231 233 ... 193 182 175]
MY_181122.jpg,[237 232 237 ... 235 237 234]
MY_181379.jpg,[175 177 174 ... 169 171 173]
MY_181485.jpg,[173 132 115 ... 141 182 178]
MY_181873.jpg,[226 229 232 ... 168 170 173]
MY_182553.jpg,[181 178 156 ... 153 156 162]
MY_182600.jpg,[213 216 222 ... 233 233 233]
MY_182811.jpg,[234 234 232 ... 235 233 232]
MY_184763.jpg,[229 228 235 ... 198 205 214]
MY_184990.jpg,[238 234 234 ... 167 209 245]
MY_1855.jpg,[228 231 235 ...  96 142 230]
MY_18670.jpg,[232 231 233 ... 173 174 177]
MY_186930.jpg,[234 234 232 ... 232 231 226]
MY_18763.jpg,[234 233 234 ... 232 219 235]
MY_188460.jpg,[235 235 235 ... 170 171 174]
MY_188945.jpg,[232 234 236 ... 229 229 228]
MY_189641.jpg,[164 160 161 ... 171 173 178]
MY_19011.jpg,[239 230 226 ... 234 232 235]
MY_191132.jpg,[185 186 187 ... 232 232 232]
MY_191876.jpg,[232 236 239 ... 237 235 230]
MY_192056.jpg,[184 196 191 ... 229 234 226]
MY_19278.jpg,[160 175 203 ... 234 234 234]
MY_194705.jpg,[178 185 196 ... 230 228 238]
MY_195529.jpg,[155 161 161 ... 142 192 230]
MY_195677.jpg,[128 128 130 ... 237 238 228]
MY_196925.jpg,[193 187 140 ... 222 224 224]
MY_197088.jpg,[171 173 174 ... 189 175 171]
MY_198565.jpg,[233 233 233 ... 232 230 229]
MY_198785.jpg,[166 165 166 ... 235 235 235]
MY_203983.jpg,[224 226 214 ...  82  85 160]
MY_204082.jpg,[134 138 140 ... 158 156 156]
MY_204645.jpg,[234 234 234 ... 166 173 182]
MY_204968.jpg,[233 233 233 ... 226 233 242]
MY_205043.jpg,[232 232 232 ... 151 151 150]
MY_205210.jpg,[236 236 235 ... 161 158 179]
MY_205837.jpg,[232 243 244 ... 163 161 162]
MY_206657.jpg,[229 229 229 ... 231 231 231]
MY_206724.jpg,[218 224 231 ... 219 195 169]
MY_207774.jpg,[235 235 235 ... 229 214 195]
MY_210359.jpg,[234 232 236 ... 164 168 171]
MY_210437.jpg,[229 239 212 ... 180 164 171]
MY_210999.jpg,[193 197 207 ... 188 196 204]
MY_211325.jpg,[144 146 147 ... 231 233 233]
MY_212165.jpg,[230 245 236 ...  56  52  51]
MY_212992.jpg,[233 232 231 ... 232 232 232]
MY_213171.jpg,[230 236 238 ... 233 233 230]
MY_21389.jpg,[148 129 138 ... 123 162 158]
MY_214806.jpg,[170 170 172 ... 174 185 188]
MY_215223.jpg,[222 234 240 ... 233 233 232]
MY_215493.jpg,[223 240 190 ...  88  78  92]
MY_215494.jpg,[167 166 166 ... 233 233 233]
MY_218573.jpg,[231 233 240 ... 232 230 232]
MY_218947.jpg,[236 237 238 ... 234 228 239]
MY_219555.jpg,[230 234 235 ...  79  47  86]
MY_219641.jpg,[237 234 233 ... 231 231 236]
MY_22017.jpg,[235 235 234 ... 232 234 237]
MY_220331.jpg,[ 85 145 209 ... 231 216 195]
MY_221285.jpg,[194 199 221 ... 229 234 233]
MY_221607.jpg,[203 223 232 ... 158 173 164]
MY_221685.jpg,[228 233 236 ... 238 232 221]
MY_22182.jpg,[228 229 231 ... 235 234 232]
MY_222884.jpg,[233 232 232 ... 160 161 160]
MY_222988.jpg,[189 185 181 ... 152 153 153]
MY_223749.jpg,[228 229 229 ... 227 227 224]
MY_225007.jpg,[236 232 231 ... 171 177 182]
MY_22578.jpg,[234 234 234 ... 232 233 234]
MY_225980.jpg,[231 239 232 ... 226 233 238]
MY_226006.jpg,[229 237 240 ... 234 234 233]
MY_226775.jpg,[235 235 235 ... 157 155 155]
MY_227269.jpg,[233 233 233 ... 169 178 184]
MY_229351.jpg,[175 169 167 ... 135 133 132]
MY_232933.jpg,[235 230 236 ... 153 153 154]
MY_234070.jpg,[158 164 168 ... 234 233 233]
MY_23614905.jpg,[229 229 230 ... 232 232 232]
MY_236401.jpg,[153 156 161 ... 229 230 236]
MY_236757.jpg,[222 222 222 ... 191 184 186]
MY_238306.jpg,[234 234 234 ... 184 186 189]
MY_238375.jpg,[ 90  89  80 ... 234 236 229]
MY_239299.jpg,[232 232 232 ... 150 154 174]
MY_240796.jpg,[236 236 236 ... 234 236 236]
MY_24200.jpg,[232 232 232 ... 236 210 183]
MY_242857.jpg,[230 233 234 ... 179 184 188]
MY_245827.jpg,[169 166 174 ... 117  45  46]
MY_246767.jpg,[233 233 233 ...  46  41  77]
MY_246938.jpg,[230 230 230 ... 231 231 232]
MY_247442.jpg,[222 217 213 ... 166 176 174]
MY_247717.jpg,[181 181 183 ... 198 197 203]
MY_248301.jpg,[177 176 175 ... 235 234 234]
MY_249139.jpg,[ 86  95  95 ... 178 183 187]
MY_249346.jpg,[233 234 235 ... 109 129 183]
MY_251361.jpg,[232 232 232 ... 169 168 165]
MY_252718.jpg,[145 160 156 ... 142 154 153]
MY_253087.jpg,[184 182 153 ... 239 230 225]
MY_254967.jpg,[174 144 106 ... 151 155 169]
MY_256477.jpg,[228 232 236 ... 170 171 174]
MY_258962.jpg,[229 232 232 ... 169 169 165]
MY_260774.jpg,[232 235 236 ... 237 235 234]
MY_261349.jpg,[233 235 236 ... 224 231 227]
MY_261543.jpg,[136  95 129 ... 130 171 191]
MY_262313.jpg,[222 236 236 ... 241 236 237]
MY_26643.jpg,[233 233 233 ... 160 159 158]
MY_26663.jpg,[161 165 169 ... 227 233 234]
MY_267711.jpg,[233 233 233 ... 186 188 189]
MY_269757.jpg,[236 229 226 ... 219 233 243]
MY_272559.jpg,[234 230 231 ... 235 238 235]
MY_272659.jpg,[235 237 240 ... 231 235 199]
MY_272861.jpg,[233 234 234 ... 156 156 159]
MY_273036.jpg,[194 189 185 ... 234 234 234]
MY_277351.jpg,[220 237 235 ... 222 235 234]
MY_278236.jpg,[236 235 234 ... 172 173 174]
MY_278832.jpg,[236 239 244 ... 242 244 236]
MY_279543.jpg,[158 171 173 ... 153 152 158]
MY_279665.jpg,[234 233 231 ... 186 218 228]
MY_280980.jpg,[234 225 237 ... 230 235 236]
MY_281051.jpg,[156 157 156 ... 188 194 198]
MY_281089.jpg,[234 234 235 ... 173 167 168]
MY_281673.jpg,[173 167 193 ... 174 176 177]
MY_281819.jpg,[147 157 162 ... 170 171 170]
MY_282919.jpg,[160 162 166 ... 187 193 181]
MY_284581.jpg,[213 230 231 ... 174 187 196]
MY_284921.jpg,[234 236 236 ... 235 236 232]
MY_285737.jpg,[235 235 235 ... 166 164 170]
MY_286014.jpg,[162 167 172 ... 180 172 164]
MY_286474.jpg,[148 146 145 ... 164 164 164]
MY_286698.jpg,[121 120 120 ... 129 140 148]
MY_286730.jpg,[236 238 216 ...  40  60 119]
MY_288231.jpg,[232 232 232 ... 237 237 235]
MY_28857.jpg,[233 233 233 ... 237 233 227]
MY_288699.jpg,[234 234 234 ... 166 166 153]
MY_289202.jpg,[232 232 232 ... 190 181 178]
MY_291389.jpg,[152 151 150 ... 232 232 232]
MY_293829.jpg,[211 226 235 ... 234 234 234]
MY_294860.jpg,[232 233 235 ... 197 196 196]
MY_295696.jpg,[233 237 237 ... 184 230 242]
MY_296143.jpg,[238 231 231 ... 228 229 233]
MY_29646.jpg,[237 234 231 ... 155 156 157]
MY_296522.jpg,[232 232 232 ... 189 192 198]
MY_296620.jpg,[235 229 232 ... 159 158 158]
MY_297345.jpg,[143 150 152 ... 157 153 153]
MY_299417.jpg,[234 234 234 ... 229 227 244]
MY_30015.jpg,[164 152 151 ... 231 229 228]
MY_300502.jpg,[226 233 233 ... 232 242 229]
MY_300933.jpg,[228 232 228 ... 231 234 237]
MY_301141.jpg,[233 233 233 ... 238 234 229]
MY_301540.jpg,[219 224 227 ... 218 234 241]
MY_301678.jpg,[198 195 189 ... 201 232 229]
MY_302235.jpg,[233 235 243 ... 230 231 236]
MY_302593.jpg,[234 235 235 ... 228 233 239]
MY_302781.jpg,[234 238 228 ... 233 229 235]
MY_303539.jpg,[233 233 233 ... 232 232 232]
MY_303940.jpg,[228 234 234 ... 168 169 170]
MY_304105.jpg,[233 233 233 ... 234 234 234]
MY_305490.jpg,[ 40  69 119 ...  74  97  80]
MY_306303.jpg,[135 157 178 ... 184 178 169]
MY_308116.jpg,[233 233 233 ... 226 229 229]
MY_309193.jpg,[230 231 217 ... 237 231 237]
MY_30958.jpg,[236 230 232 ... 167 161 161]
MY_309631.jpg,[231 231 231 ...  89  63  47]
MY_312431.jpg,[233 237 237 ... 149 150 153]
MY_312659.jpg,[236 221 240 ... 162 166 168]
MY_313667.jpg,[154 160 165 ...  97 105 115]
MY_31504.jpg,[224 241 232 ... 218 229 243]
MY_316040.jpg,[237 242 225 ... 228 235 236]
MY_316357.jpg,[236 234 233 ... 234 234 234]
MY_316445.jpg,[234 234 234 ... 161 200 214]
MY_317113.jpg,[232 233 234 ... 235 233 230]
MY_317306.jpg,[232 235 233 ... 231 235 235]
MY_317446.jpg,[230 231 232 ... 232 229 231]
MY_317678.jpg,[235 235 235 ... 234 235 239]
MY_318075.jpg,[233 226 227 ... 192 192 193]
MY_318125.jpg,[233 231 231 ... 233 233 233]
MY_319599.jpg,[230 238 238 ...  76  96 145]
MY_320467.jpg,[232 234 237 ... 235 231 223]
MY_320705.jpg,[111 113 124 ... 143 107  58]
MY_320981.jpg,[229 225 227 ... 232 232 233]
MY_321048.jpg,[229 228 225 ... 164 153 142]
MY_32121.jpg,[109 106 118 ... 141 137 174]
MY_321696.jpg,[237 233 231 ... 233 233 232]
MY_324087.jpg,[233 233 232 ... 179 179 180]
MY_324260.jpg,[230 231 232 ... 230 231 233]
MY_32518.jpg,[232 232 232 ... 227 223 229]
MY_325489.jpg,[232 232 232 ... 183 157 154]
MY_326196.jpg,[236 236 232 ... 233 241 238]
MY_32784.jpg,[198 200 203 ... 168 164 162]
MY_328953.jpg,[153 146 154 ... 134 101 117]
MY_329365.jpg,[226 235 231 ... 233 240 222]
MY_329554.jpg,[232 232 232 ... 232 232 232]
MY_330390.jpg,[235 235 235 ... 194 182 175]
MY_330735.jpg,[195 155 119 ... 156 160 164]
MY_332451.jpg,[231 231 231 ... 230 232 234]
MY_332914.jpg,[233 233 233 ... 186 178 176]
MY_333798.jpg,[209 223 232 ... 232 232 232]
MY_334793.jpg,[213 182 150 ... 185 193 221]
MY_335063.jpg,[164 177 176 ... 170 169 182]
MY_336558.jpg,[207 209 225 ... 164 170 163]
MY_337168.jpg,[202 219 231 ... 229 229 230]
MY_337572.jpg,[156 174 202 ... 233 230 239]
MY_337697.jpg,[234 234 234 ... 238 235 239]
MY_340209.jpg,[219 220 223 ... 229 230 230]
MY_341417.jpg,[233 235 234 ... 217 205 195]
MY_341785.jpg,[235 233 227 ... 178 181 186]
MY_342473.jpg,[229 228 237 ... 226 224 221]
MY_344234.jpg,[234 234 234 ... 238 233 235]
MY_347254.jpg,[232 232 232 ... 226 228 238]
MY_347599.jpg,[234 234 234 ... 234 234 234]
MY_348102.jpg,[144 135 141 ... 228 228 232]
MY_348237.jpg,[196 192 193 ... 212 199 188]
MY_34839.jpg,[233 233 232 ... 236 236 245]
MY_34902.jpg,[230 233 236 ... 228 231 233]
MY_349045.jpg,[235 233 230 ... 228 230 232]
MY_35139.jpg,[230 232 231 ... 224 248 221]
MY_351627.jpg,[232 234 233 ... 229 230 231]
MY_352151.jpg,[198 207 223 ... 235 235 232]
MY_354736.jpg,[167 171 174 ... 233 238 232]
MY_355269.jpg,[230 233 233 ... 237 227 214]
MY_356970.jpg,[231 231 231 ... 183 175 169]
MY_357096.jpg,[188 189 189 ... 215 202 194]
MY_357655.jpg,[240 239 237 ... 235 235 237]
MY_35929.jpg,[180 178 171 ... 229 230 231]
MY_360170.jpg,[141 148 155 ... 159 152 161]
MY_36108.jpg,[158 145 144 ... 234 235 236]
MY_361524.jpg,[232 233 233 ... 236 234 205]
MY_36253.jpg,[181 184 188 ... 169 173 177]
MY_36263.jpg,[236 235 234 ... 233 229 236]
MY_364905.jpg,[229 229 229 ... 150 152 143]
MY_365260.jpg,[211 245 231 ... 194 206 217]
MY_365367.jpg,[234 234 234 ... 234 234 234]
MY_365478.jpg,[237 232 229 ... 230 231 231]
MY_365894.jpg,[242 225 172 ... 123 108 145]
MY_366074.jpg,[233 229 228 ... 191 218 233]
MY_366198.jpg,[235 236 236 ... 231 231 231]
MY_366660.jpg,[234 234 234 ... 178 176 176]
MY_366760.jpg,[150 152 151 ... 169 170 173]
MY_367960.jpg,[230 243 224 ... 204 211 214]
MY_368726.jpg,[130 147 168 ... 161 154 161]
MY_36939.jpg,[230 238 233 ... 238 238 221]
MY_370244.jpg,[160 158 164 ... 232 234 234]
MY_370716.jpg,[229 233 234 ... 236 240 232]
MY_37089.jpg,[178 186 187 ... 227 238 238]
MY_373768.jpg,[233 236 238 ... 119 161 165]
MY_374353.jpg,[234 232 230 ... 236 238 234]
MY_375825.jpg,[188 188 189 ... 234 230 229]
MY_37729.jpg,[166 162 163 ... 148 174 194]
MY_377665.jpg,[239 235 231 ... 247 229 232]
MY_378165.jpg,[235 235 235 ... 211 208 206]
MY_378388.jpg,[233 233 233 ... 232 232 232]
MY_378707.jpg,[202 222 225 ... 173 218 232]
MY_379326.jpg,[235 233 232 ... 151 161 154]
MY_380050.jpg,[214 196 163 ... 193 192 185]
MY_380564.jpg,[175 190 210 ... 229 232 237]
MY_380682.jpg,[140 144 150 ...  39  46  44]
MY_382427.jpg,[230 235 228 ... 109 134 133]
MY_382714.jpg,[172 165 159 ... 233 233 233]
MY_382855.jpg,[236 236 236 ... 170 177 182]
MY_382967.jpg,[162 161 163 ... 176 193 225]
MY_383620.jpg,[178 183 182 ... 116 115 115]
MY_384587.jpg,[236 235 233 ... 142 139 147]
MY_384910.jpg,[235 231 230 ... 233 232 232]
MY_384984.jpg,[170 169 180 ... 243 227 227]
MY_386684.jpg,[232 234 236 ... 212 198 189]
MY_38787.jpg,[232 232 232 ... 155 139 123]
MY_391121.jpg,[223 222 221 ... 224 226 228]
MY_391175.jpg,[231 232 225 ... 151 148 148]
MY_395179.jpg,[179 176 172 ... 208 235 231]
MY_395492.jpg,[227 219 207 ... 236 235 238]
MY_396014.jpg,[187 181 174 ... 142 141 140]
MY_396433.jpg,[221 219 218 ... 233 234 237]
MY_397206.jpg,[163 116  94 ...  47 105 185]
MY_397449.jpg,[157 160 166 ... 232 227 224]
MY_397699.jpg,[178 139 131 ... 125 131 117]
MY_39791.jpg,[125  87  61 ... 117 157 169]
MY_398878.jpg,[235 233 232 ... 169 182 202]
MY_399205.jpg,[230 234 233 ... 232 233 235]
MY_400712.jpg,[236 236 236 ... 154 157 167]
MY_401595.jpg,[237 234 233 ... 234 235 238]
MY_402499.jpg,[226 226 224 ... 233 229 236]
MY_403116.jpg,[229 231 232 ... 231 231 231]
MY_403208.jpg,[202 216 228 ... 235 235 235]
MY_403450.jpg,[228 230 231 ... 232 232 232]
MY_403991.jpg,[229 231 233 ... 233 227 232]
MY_405059.jpg,[162 183 182 ... 227 229 232]
MY_405189.jpg,[233 233 233 ... 227 229 230]
MY_405493.jpg,[235 237 236 ... 186 182 191]
MY_406153.jpg,[153 152 151 ... 230 242 233]
MY_406693.jpg,[232 232 234 ... 232 232 232]
MY_407015.jpg,[231 236 238 ... 198 181 185]
MY_407951.jpg,[172 172 173 ... 233 228 233]
MY_408149.jpg,[231 232 234 ... 197 188 190]
MY_408830.jpg,[ 72  66 119 ... 186 178 184]
MY_409798.jpg,[235 235 235 ... 234 234 234]
MY_411258.jpg,[235 235 235 ... 166 173 181]
MY_41163.jpg,[224 233 238 ... 180 180 181]
MY_412950.jpg,[238 236 235 ... 162 166 171]
MY_413709.jpg,[232 232 232 ... 232 233 231]
MY_41429.jpg,[235 234 232 ... 161 162 163]
MY_415231.jpg,[161 171 167 ...  61  71 106]
MY_415539.jpg,[231 239 234 ... 236 226 239]
MY_418673.jpg,[235 233 231 ... 240 235 232]
MY_419294.jpg,[235 235 234 ... 149 167 211]
MY_420074.jpg,[233 236 227 ... 185 182 176]
MY_420171.jpg,[234 234 234 ... 237 237 232]
MY_420638.jpg,[162 158 153 ... 149 155 161]
MY_420714.jpg,[222 231 238 ... 170 188 215]
MY_421128.jpg,[233 232 231 ... 167 168 170]
MY_422387.jpg,[238 225 229 ... 236 234 227]
MY_42264.jpg,[163 171 176 ... 229 230 228]
MY_423491.jpg,[ 57  73 111 ... 107 113 116]
MY_423502.jpg,[170 164 116 ... 126 145 150]
MY_423958.jpg,[234 234 234 ... 241 229 219]
MY_424239.jpg,[234 234 234 ... 230 245 232]
MY_426001.jpg,[167 173 183 ... 231 227 220]
MY_42829.jpg,[220 225 231 ... 161 161 164]
MY_428595.jpg,[230 228 230 ... 230 228 221]
MY_429336.jpg,[234 235 237 ... 182 191 200]
MY_430911.jpg,[218 145  54 ...  43  98 137]
MY_431915.jpg,[195 191 163 ...  92 116 187]
MY_432444.jpg,[234 234 234 ...  98 132 112]
MY_433031.jpg,[228 230 232 ... 179 171 174]
MY_433445.jpg,[175 174 174 ... 236 243 230]
MY_434851.jpg,[230 237 234 ... 181 184 185]
MY_435058.jpg,[228 229 229 ... 171 179 185]
MY_436403.jpg,[234 231 234 ... 237 228 239]
MY_436928.jpg,[135 145 154 ...  86  97 122]
MY_436981.jpg,[168 168 170 ... 186 179 172]
MY_437099.jpg,[227 233 236 ... 233 233 233]
MY_437694.jpg,[234 233 231 ... 160 161 162]
MY_438326.jpg,[230 236 239 ... 235 235 235]
MY_438704.jpg,[236 232 231 ... 231 231 233]
MY_439142.jpg,[232 230 229 ... 232 234 226]
MY_441275.jpg,[231 232 233 ... 234 234 234]
MY_44187.jpg,[189 187 190 ... 237 232 221]
MY_442608.jpg,[230 230 230 ...  49  80 105]
MY_443706.jpg,[236 236 236 ... 192 198 206]
MY_444422.jpg,[185 187 191 ... 229 232 234]
MY_444564.jpg,[233 213 185 ...  50  55  97]
MY_447830.jpg,[233 235 234 ... 202 218 241]
MY_448011.jpg,[233 233 233 ... 231 231 233]
MY_449150.jpg,[183 183 183 ... 232 234 242]
MY_44959.jpg,[194 187 178 ... 137 152 146]
MY_449858.jpg,[233 232 232 ... 227 229 235]
MY_451389.jpg,[233 228 233 ... 127 122 124]
MY_454723.jpg,[235 235 235 ... 240 241 239]
MY_455915.jpg,[233 233 233 ... 162 150 150]
MY_45860.jpg,[223 234 220 ... 159 152 137]
MY_45895.jpg,[233 233 233 ... 233 233 235]
MY_460940.jpg,[ 91  93  88 ... 128 134 149]
MY_461295.jpg,[206 208 202 ... 120 133 130]
MY_46138.jpg,[102  95  90 ... 114 140 182]
MY_462446.jpg,[236 237 227 ... 220 224 224]
MY_463215.jpg,[237 227 232 ... 194 199 204]
MY_46606.jpg,[184 175 184 ... 232 229 230]
MY_466230.jpg,[236 233 231 ... 159 161 179]
MY_466965.jpg,[234 234 234 ... 233 232 231]
MY_4691.jpg,[154 146 147 ... 231 231 231]
MY_469252.jpg,[194 242 234 ... 205 219 221]
MY_470101.jpg,[130 152 165 ... 176 191 154]
MY_470228.jpg,[234 233 233 ... 225 226 226]
MY_470356.jpg,[236 234 233 ... 234 225 233]
MY_471394.jpg,[219 213 204 ... 176 175 171]
MY_471812.jpg,[179 182 193 ... 214 200 192]
MY_472410.jpg,[234 233 232 ... 102  76  87]
MY_47265.jpg,[228 237 238 ... 182 178 172]
MY_473712.jpg,[227 235 234 ... 230 227 237]
MY_475970.jpg,[234 238 237 ... 233 233 234]
MY_476208.jpg,[208 232 240 ... 194 188 183]
MY_476921.jpg,[129  94  89 ... 158 158 160]
MY_47749.jpg,[231 232 234 ... 227 234 224]
MY_478123.jpg,[207 174 172 ... 156 141 122]
MY_479047.jpg,[236 235 233 ... 236 234 230]
MY_479364.jpg,[234 234 234 ... 183 181 179]
MY_480081.jpg,[233 233 233 ... 229 231 232]
MY_481076.jpg,[232 234 232 ... 231 234 240]
MY_481411.jpg,[239 231 236 ... 173 165 173]
MY_481948.jpg,[227 233 231 ... 236 232 237]
MY_482158.jpg,[176 174 171 ... 116 118  89]
MY_482727.jpg,[234 235 235 ... 236 227 225]
MY_482967.jpg,[172 189 210 ... 194 172 156]
MY_485534.jpg,[237 235 232 ... 230 231 233]
MY_486264.jpg,[237 237 237 ... 234 234 234]
MY_486536.jpg,[185 184 180 ... 238 238 237]
MY_489538.jpg,[232 233 233 ... 168 170 173]
MY_489753.jpg,[232 232 232 ... 236 239 234]
MY_492576.jpg,[229 234 236 ... 195 182 182]
MY_493670.jpg,[200 201 201 ... 213 215 215]
MY_493717.jpg,[234 230 239 ... 239 228 234]
MY_494276.jpg,[181 181 181 ... 173 222 227]
MY_494502.jpg,[237 231 229 ... 233 228 232]
MY_495898.jpg,[177 175 183 ... 233 231 231]
MY_497800.jpg,[205 206 214 ... 158 158 158]
MY_498198.jpg,[234 234 234 ... 175 195 173]
MY_498640.jpg,[226 209 200 ... 113 111  81]
MY_498997.jpg,[234 234 234 ... 239 236 235]
MY_499027.jpg,[236 229 227 ... 169 183 198]
MY_499127.jpg,[230 234 236 ... 209 182 178]
MY_500259.jpg,[232 231 230 ... 186 197 176]
MY_500315.jpg,[231 240 217 ... 230 232 228]
MY_501416.jpg,[177 179 180 ... 174 174 173]
MY_501558.jpg,[234 234 233 ... 233 234 236]
MY_50402.jpg,[173 165 167 ... 229 224 237]
MY_504047.jpg,[171 164 161 ...  47  80 131]
MY_50428.jpg,[162 161 159 ... 232 232 232]
MY_5047.jpg,[234 233 233 ... 233 233 233]
MY_505011.jpg,[141 129 154 ... 165 169 171]
MY_505118.jpg,[233 233 232 ... 181 186 188]
MY_505449.jpg,[158 169 170 ... 120 111 127]
MY_50604.jpg,[238 234 230 ... 241 242 233]
MY_506594.jpg,[233 238 238 ... 209 195 182]
MY_507166.jpg,[155 154 152 ... 169 194 212]
MY_507649.jpg,[227 231 233 ... 213 232 236]
MY_508074.jpg,[230 237 238 ... 220 199 182]
MY_509611.jpg,[131 136 136 ... 229 223 216]
MY_509726.jpg,[232 233 233 ... 170 157 156]
MY_511064.jpg,[ 89 148 132 ... 164 161 156]
MY_513069.jpg,[211 210 209 ... 198 218 226]
MY_513277.jpg,[209 163 115 ... 112 123 121]
MY_513453.jpg,[138 126 147 ... 178 202 229]
MY_514023.jpg,[137 137 135 ... 179 194 195]
MY_514784.jpg,[170 168 158 ... 233 232 230]
MY_51557.jpg,[159 166 184 ... 105 117 122]
MY_517512.jpg,[ 82 118 106 ... 173 183 176]
MY_517725.jpg,[233 234 235 ... 163 154 177]
MY_518131.jpg,[232 232 232 ... 235 231 227]
MY_519627.jpg,[231 231 231 ... 232 232 232]
MY_520249.jpg,[234 233 232 ... 208 201 191]
MY_521568.jpg,[137 140 143 ... 236 204 171]
MY_52259.jpg,[234 234 235 ... 173 176 176]
MY_522821.jpg,[234 234 234 ... 235 235 236]
MY_523971.jpg,[232 239 239 ... 243 224 236]
MY_524046.jpg,[188 186 182 ... 223 209 196]
MY_525452.jpg,[168 165 164 ... 233 233 233]
MY_526681.jpg,[233 233 233 ... 153 157 163]
MY_529063.jpg,[230 230 230 ... 228 229 235]
MY_529239.jpg,[171 167 174 ... 188 189 190]
MY_529286.jpg,[231 233 231 ... 232 230 232]
MY_529769.jpg,[238 237 236 ... 112 123 138]
MY_530170.jpg,[233 233 233 ... 234 230 236]
MY_530679.jpg,[226 221 208 ... 223 231 236]
MY_531884.jpg,[227 205 169 ... 170 172 174]
MY_532469.jpg,[164 167 170 ... 144 142 144]
MY_5328.jpg,[231 238 235 ... 169 168 166]
MY_534370.jpg,[138 144 149 ... 216 217 217]
MY_535689.jpg,[229 229 230 ... 222 224 231]
MY_535827.jpg,[120 132 140 ... 171 181 172]
MY_539884.jpg,[234 235 235 ... 181 185 189]
MY_54042.jpg,[233 228 233 ... 220 222 226]
MY_541282.jpg,[230 239 233 ... 232 232 237]
MY_542181.jpg,[233 233 233 ... 145 138 140]
MY_542261.jpg,[231 231 231 ... 229 227 227]
MY_542593.jpg,[235 229 231 ... 236 235 231]
MY_546300.jpg,[232 233 233 ... 236 234 224]
MY_546397.jpg,[140 123 120 ... 190 167 166]
MY_547780.jpg,[180 186 190 ... 234 230 237]
MY_549789.jpg,[158 172 175 ... 183 181 173]
MY_549986.jpg,[234 233 233 ... 207 193 185]
MY_553245.jpg,[233 233 233 ... 175 166 167]
MY_553439.jpg,[236 230 231 ... 206 196 209]
MY_556385.jpg,[177 173 174 ... 227 233 238]
MY_556846.jpg,[228 225 211 ... 224 225 225]
MY_557369.jpg,[168 167 164 ... 178 158 156]
MY_559258.jpg,[183 186 189 ... 183 185 181]
MY_559324.jpg,[184 181 156 ... 149 167 157]
MY_559991.jpg,[231 231 231 ... 192 186 185]
MY_561113.jpg,[194 217 237 ... 231 232 235]
MY_561242.jpg,[232 232 232 ... 233 233 233]
MY_56170.jpg,[232 232 232 ... 229 229 229]
MY_56207.jpg,[159 121  97 ... 169 206 222]
MY_562076.jpg,[232 236 237 ... 236 235 230]
MY_56227.jpg,[233 233 233 ... 229 231 238]
MY_562532.jpg,[238 236 234 ... 143 135 145]
MY_563352.jpg,[234 234 234 ... 232 234 235]
MY_564217.jpg,[233 232 231 ... 229 233 241]
MY_564694.jpg,[206 219 230 ... 200 216 214]
MY_564946.jpg,[179 177 170 ... 221 201 179]
MY_564953.jpg,[193 184 188 ... 162 178 192]
MY_565015.jpg,[177 184 191 ... 158 156 160]
MY_565781.jpg,[237 235 232 ... 126 126 123]
MY_566128.jpg,[226 238 238 ... 235 233 233]
MY_566397.jpg,[234 234 234 ... 234 234 234]
MY_567025.jpg,[235 235 235 ... 194 180 169]
MY_56759.jpg,[146 165 174 ... 147 142 135]
MY_568798.jpg,[234 234 234 ... 236 234 233]
MY_569869.jpg,[182 202 206 ... 233 231 231]
MY_570138.jpg,[234 235 235 ... 186 193 166]
MY_57143.jpg,[233 232 231 ... 232 233 233]
MY_57167.jpg,[166 169 164 ... 154 150 167]
MY_571743.jpg,[236 230 231 ... 228 236 237]
MY_572834.jpg,[184 173 164 ... 159 158 156]
MY_572995.jpg,[234 234 234 ... 231 242 233]
MY_573045.jpg,[236 236 236 ... 162 163 167]
MY_573669.jpg,[234 233 233 ... 230 230 230]
MY_574998.jpg,[207 226 239 ... 191 190 189]
MY_575058.jpg,[232 227 228 ... 234 233 231]
MY_575074.jpg,[188 191 198 ... 198 196 196]
MY_577473.jpg,[236 234 231 ... 178 173 164]
MY_579000.jpg,[234 232 232 ... 239 235 224]
MY_579170.jpg,[234 234 234 ... 141 125 121]
MY_579937.jpg,[228 230 232 ... 228 231 239]
MY_580200.jpg,[192 191 189 ... 232 232 232]
MY_581132.jpg,[133 134 134 ... 235 235 235]
MY_582611.jpg,[230 232 238 ... 233 232 233]
MY_582963.jpg,[233 233 233 ... 139 150 155]
MY_583276.jpg,[236 233 231 ... 211 207 212]
MY_583764.jpg,[192 192 194 ... 236 236 229]
MY_584716.jpg,[183 218 187 ... 181 183 181]
MY_585307.jpg,[233 233 233 ... 232 232 232]
MY_585586.jpg,[185 190 199 ... 234 233 225]
MY_585797.jpg,[233 232 232 ... 231 231 230]
MY_587356.jpg,[191 187 181 ... 182 174 161]
MY_588430.jpg,[207 198 196 ... 175 197 220]
MY_589087.jpg,[232 232 232 ... 231 230 228]
MY_589414.jpg,[139 150 153 ... 212 223 235]
MY_5897.jpg,[169 169 169 ... 190 201 209]
MY_590739.jpg,[237 234 236 ... 194 180 194]
MY_593385.jpg,[233 234 234 ...  28  79 182]
MY_593588.jpg,[232 234 234 ... 165 144 121]
MY_593612.jpg,[135 146 144 ... 138 134 115]
MY_594626.jpg,[144 156 160 ... 111 160 183]
MY_594667.jpg,[233 233 234 ... 187 189 191]
MY_594928.jpg,[233 233 233 ... 133 133 133]
MY_595505.jpg,[234 234 234 ... 149 150 156]
MY_595737.jpg,[237 236 238 ... 236 243 229]
MY_595819.jpg,[233 230 234 ... 232 236 235]
MY_597124.jpg,[231 229 215 ... 228 243 232]
MY_598411.jpg,[231 231 231 ... 210 217 211]
MY_598453.jpg,[229 244 237 ... 144 142 135]
MY_598679.jpg,[221 185 183 ... 185 176 146]
MY_59925.jpg,[241 234 230 ... 215 198 185]
MY_60036.jpg,[172 169 170 ... 232 227 233]
MY_600402.jpg,[234 234 234 ... 201 221 214]
MY_601125.jpg,[231 234 246 ... 239 223 231]
MY_601213.jpg,[151 152 152 ... 213 207 204]
MY_601690.jpg,[138 152 160 ... 230 230 232]
MY_602375.jpg,[234 235 236 ... 132 140 155]
MY_604411.jpg,[220 215 207 ... 238 234 235]
MY_607254.jpg,[233 233 233 ...  70  45 119]
MY_607317.jpg,[234 234 234 ... 236 225 211]
MY_607445.jpg,[233 230 227 ... 164 174 183]
MY_608101.jpg,[228 230 231 ... 172 173 171]
MY_609024.jpg,[196 196 165 ... 193 215 222]
MY_609553.jpg,[234 233 234 ... 217 221 211]
MY_609980.jpg,[233 233 233 ... 237 237 236]
MY_610612.jpg,[234 232 231 ... 158 155 150]
MY_610744.jpg,[168 166 167 ... 131 128 116]
MY_611218.jpg,[178 179 180 ... 239 247 228]
MY_61193.jpg,[232 236 236 ... 228 215 211]
MY_612346.jpg,[235 233 232 ... 234 234 234]
MY_612971.jpg,[239 232 225 ... 233 232 230]
MY_613546.jpg,[235 236 236 ... 234 236 239]
MY_613909.jpg,[145 145 145 ... 231 232 235]
MY_614124.jpg,[235 235 235 ... 234 230 200]
MY_615550.jpg,[236 237 237 ... 233 233 233]
MY_615808.jpg,[232 232 232 ... 234 234 235]
MY_616290.jpg,[234 228 230 ... 229 229 232]
MY_616981.jpg,[233 233 233 ... 231 234 238]
MY_617135.jpg,[229 232 236 ... 232 245 224]
MY_620464.jpg,[178 196 186 ...  92 146 196]
MY_621539.jpg,[237 237 235 ... 233 233 232]
MY_622554.jpg,[237 233 231 ... 232 246 228]
MY_623936.jpg,[144 143 142 ... 148 145 138]
MY_62569.jpg,[233 233 233 ... 147 149 151]
MY_625902.jpg,[147 148 147 ... 236 239 231]
MY_626044.jpg,[229 230 230 ... 172 163 175]
MY_627853.jpg,[232 239 239 ... 163 174 160]
MY_628830.jpg,[234 224 228 ...  62  99 155]
MY_629479.jpg,[137 140 141 ... 232 232 232]
MY_630162.jpg,[232 240 235 ... 163 164 154]
MY_63158.jpg,[233 231 233 ... 237 235 229]
MY_633064.jpg,[233 232 233 ... 233 234 233]
MY_634070.jpg,[157 160 195 ... 232 234 238]
MY_635777.jpg,[105 100 116 ... 179 182 173]
MY_637046.jpg,[234 234 234 ... 232 232 232]
MY_637556.jpg,[235 235 235 ... 234 217 188]
MY_638475.jpg,[234 236 236 ... 243 227 227]
MY_638678.jpg,[165 165 165 ... 235 235 231]
MY_64107.jpg,[231 232 234 ... 125 135 159]
MY_641617.jpg,[234 229 230 ... 232 234 232]
MY_641983.jpg,[232 233 230 ... 233 234 232]
MY_642267.jpg,[150 151 145 ... 231 231 228]
MY_642400.jpg,[227 233 235 ... 173 181 171]
MY_643752.jpg,[234 234 234 ... 235 232 230]
MY_645083.jpg,[231 241 238 ... 143 143 142]
MY_646156.jpg,[230 233 235 ... 231 240 228]
MY_647074.jpg,[235 234 234 ... 213 214 215]
MY_647815.jpg,[233 231 237 ... 235 237 232]
MY_648524.jpg,[231 236 236 ... 231 230 229]
MY_649409.jpg,[234 234 234 ... 234 234 234]
MY_652448.jpg,[230 238 230 ... 168 174 178]
MY_653168.jpg,[229 231 232 ... 231 232 233]
MY_654868.jpg,[168 172 175 ... 233 236 230]
MY_654991.jpg,[188 182 170 ... 170 166 171]
MY_655365.jpg,[157 164 169 ... 175 174 177]
MY_658269.jpg,[188 207 226 ... 209 212 213]
MY_660162.jpg,[163 163 167 ... 234 229 228]
MY_660337.jpg,[142 141 148 ... 230 231 231]
MY_661357.jpg,[235 235 235 ... 234 234 234]
MY_664578.jpg,[ 45  57  68 ... 106 107 116]
MY_664626.jpg,[228 235 225 ... 107 112 153]
MY_666003.jpg,[234 232 233 ... 242 243 232]
MY_666010.jpg,[135 138 141 ... 230 244 225]
MY_666516.jpg,[168 175 180 ... 242 233 237]
MY_667981.jpg,[233 233 233 ... 232 237 234]
MY_669622.jpg,[177 175 175 ... 232 233 236]
MY_67060.jpg,[179 181 184 ... 168 173 199]
MY_670617.jpg,[234 233 232 ... 234 234 234]
MY_67066.jpg,[170 169 181 ... 178 178 180]
MY_670948.jpg,[234 231 230 ... 236 228 232]
MY_671303.jpg,[219 225 227 ... 215 218 224]
MY_671490.jpg,[235 235 235 ... 190 198 204]
MY_672270.jpg,[158 174 181 ... 232 234 234]
MY_674036.jpg,[232 232 232 ... 232 232 232]
MY_67602.jpg,[151 151 153 ...  43  57 120]
MY_676267.jpg,[236 236 236 ... 234 234 234]
MY_676552.jpg,[232 234 236 ... 181 172 182]
MY_677034.jpg,[233 237 239 ... 229 230 231]
MY_677420.jpg,[234 234 234 ... 238 238 236]
MY_677647.jpg,[230 229 231 ... 242 225 224]
MY_677756.jpg,[229 239 237 ... 231 221 207]
MY_677881.jpg,[236 239 238 ... 237 229 234]
MY_677968.jpg,[231 232 234 ... 231 230 240]
MY_678133.jpg,[236 236 236 ... 231 219 214]
MY_679149.jpg,[233 233 233 ... 184 183 173]
MY_679678.jpg,[233 233 233 ... 147 156 134]
MY_680396.jpg,[232 235 235 ... 176 179 195]
MY_680568.jpg,[232 235 235 ... 236 242 232]
MY_685300.jpg,[159 165 163 ... 232 235 231]
MY_685963.jpg,[235 235 235 ... 172 171 170]
MY_686678.jpg,[176 200 202 ... 233 233 231]
MY_687493.jpg,[234 233 231 ... 233 231 231]
MY_689109.jpg,[231 232 233 ... 237 236 236]
MY_689234.jpg,[175 182 190 ... 231 229 227]
MY_69139.jpg,[209 229 237 ... 170 169 174]
MY_692239.jpg,[197 215 232 ... 231 232 233]
MY_692306.jpg,[226 212 198 ... 239 230 248]
MY_692958.jpg,[234 234 235 ... 170 193 179]
MY_693166.jpg,[235 239 232 ... 240 236 230]
MY_693350.jpg,[164 166 169 ... 232 232 232]
MY_693703.jpg,[227 234 233 ... 166 166 172]
MY_694640.jpg,[233 234 234 ... 169 158 153]
MY_694883.jpg,[236 235 234 ...  99 109  75]
MY_69589.jpg,[139 139 148 ... 234 232 244]
MY_696999.jpg,[187 197 221 ... 235 236 238]
MY_697953.jpg,[226 239 238 ... 242 234 228]
MY_698085.jpg,[178 203 228 ... 176 155 143]
MY_699288.jpg,[235 235 235 ... 174 172 169]
MY_69937.jpg,[235 231 231 ... 163 167 151]
MY_70054.jpg,[238 232 231 ... 234 231 225]
MY_701786.jpg,[191 168 139 ... 141 152 181]
MY_703437.jpg,[162 170 173 ... 125 131 138]
MY_704053.jpg,[236 236 236 ... 234 234 234]
MY_704264.jpg,[172 183 205 ... 236 238 234]
MY_707991.jpg,[ 81  90  90 ... 133 104  53]
MY_708150.jpg,[230 232 229 ... 183 166 166]
MY_708831.jpg,[171 178 185 ...  94 118  77]
MY_70888.jpg,[190 192 188 ... 197 197 200]
MY_709336.jpg,[232 223 232 ...  51  52  40]
MY_709733.jpg,[234 234 234 ... 191 193 197]
MY_710459.jpg,[199 190 184 ... 234 234 235]
MY_713569.jpg,[238 234 238 ... 230 237 240]
MY_713891.jpg,[230 233 235 ... 232 232 232]
MY_714151.jpg,[235 223 229 ... 186 190 178]
MY_716224.jpg,[233 236 234 ... 189 195 199]
MY_716779.jpg,[235 233 230 ... 223 228 237]
MY_717957.jpg,[123 128 131 ... 160 213 227]
MY_718440.jpg,[240 239 234 ... 171 166 169]
MY_719326.jpg,[161 158 159 ... 232 232 232]
MY_719593.jpg,[194 192 191 ... 184 183 178]
MY_720346.jpg,[232 232 232 ... 226 233 237]
MY_721808.jpg,[231 231 231 ... 165 164 161]
MY_721912.jpg,[137 132 106 ... 233 237 232]
MY_722584.jpg,[161 165 166 ... 230 236 235]
MY_722731.jpg,[236 237 237 ... 237 234 233]
MY_723155.jpg,[234 234 232 ... 233 231 232]
MY_723622.jpg,[231 231 231 ... 168 158 170]
MY_723825.jpg,[232 232 232 ... 188 204 216]
MY_726037.jpg,[232 232 232 ... 196 200 205]
MY_726064.jpg,[153 169 165 ... 166 163 156]
MY_726438.jpg,[184 177 190 ... 235 233 230]
MY_728294.jpg,[234 234 234 ... 170 166 161]
MY_729364.jpg,[164 175 176 ... 151 154 163]
MY_731116.jpg,[ 38  81  70 ... 239 227 237]
MY_732154.jpg,[210 218 227 ... 186 180 175]
MY_732739.jpg,[234 234 234 ... 143 102 102]
MY_733028.jpg,[159 107  59 ... 119 130 109]
MY_73334.jpg,[176 199 223 ... 236 231 226]
MY_733557.jpg,[228 228 228 ... 235 233 226]
MY_73498.jpg,[234 234 234 ... 233 233 234]
MY_737751.jpg,[172 169 175 ... 228 237 239]
MY_738483.jpg,[226 229 231 ... 228 235 233]
MY_738913.jpg,[232 231 231 ... 152 141 146]
MY_739359.jpg,[233 233 233 ... 228 217 204]
MY_740991.jpg,[232 235 235 ... 180 173 161]
MY_741400.jpg,[226 230 235 ... 232 230 234]
MY_741666.jpg,[160 173 196 ... 232 229 228]
MY_741987.jpg,[226 222 219 ... 142 150 153]
MY_74286.jpg,[225 231 205 ... 236 249 221]
MY_743097.jpg,[163 124  58 ... 170 174 176]
MY_743431.jpg,[220 210 196 ... 183 217 238]
MY_744972.jpg,[170 181 179 ... 233 233 232]
MY_745927.jpg,[140 148 152 ... 235 223 234]
MY_747988.jpg,[235 234 234 ... 233 234 235]
MY_748937.jpg,[106 101 124 ... 123 118  69]
MY_74907.jpg,[232 232 234 ... 233 233 233]
MY_749831.jpg,[148 142 151 ... 155 159 164]
MY_750143.jpg,[233 226 234 ... 155 158 166]
MY_752994.jpg,[231 236 238 ... 230 232 235]
MY_753425.jpg,[230 230 229 ... 240 227 242]
MY_753921.jpg,[234 237 242 ... 225 238 236]
MY_754507.jpg,[223 214 203 ... 202 186 199]
MY_755804.jpg,[237 235 233 ... 175 172 172]
MY_756843.jpg,[188 205 148 ... 172 176 179]
MY_756897.jpg,[191 192 195 ... 217 224 227]
MY_75732.jpg,[229 233 234 ... 238 227 237]
MY_757669.jpg,[234 227 230 ... 226 231 234]
MY_758099.jpg,[234 234 234 ... 143 148 158]
MY_758473.jpg,[232 230 231 ... 235 234 232]
MY_758826.jpg,[239 235 225 ... 177 183 189]
MY_760140.jpg,[236 232 231 ... 230 229 237]
MY_762283.jpg,[233 233 233 ... 165 164 164]
MY_763974.jpg,[230 233 233 ... 231 235 235]
MY_76478.jpg,[181 192 189 ... 239 233 230]
MY_765356.jpg,[219 236 243 ... 188 184 180]
MY_766577.jpg,[183 185 187 ... 238 234 228]
MY_767938.jpg,[166 168 171 ... 181 176 171]
MY_770472.jpg,[172 179 196 ... 173 168 163]
MY_770508.jpg,[222 233 238 ... 224 239 238]
MY_771149.jpg,[162 157 155 ... 231 231 231]
MY_772454.jpg,[219 232 239 ... 227 228 228]
MY_772642.jpg,[174 172 143 ... 234 236 238]
MY_773503.jpg,[178 185 195 ...  74 126 156]
MY_773562.jpg,[229 239 242 ... 240 230 238]
MY_773612.jpg,[232 236 234 ... 174 172 173]
MY_774006.jpg,[234 234 234 ...  32  36 149]
MY_774220.jpg,[175 174 172 ... 166 163 163]
MY_774681.jpg,[184 190 203 ... 235 232 229]
MY_775034.jpg,[143 143 144 ... 113 108 135]
MY_779737.jpg,[203 181 169 ... 190 190 188]
MY_779781.jpg,[220 181 136 ... 237 240 234]
MY_779896.jpg,[231 231 231 ... 145 153 151]
MY_780285.jpg,[234 234 234 ... 230 232 232]
MY_781298.jpg,[232 232 232 ... 228 224 240]
MY_781469.jpg,[234 234 230 ... 234 231 224]
MY_781874.jpg,[161 161 160 ... 235 235 234]
MY_782060.jpg,[233 229 226 ... 230 228 220]
MY_782369.jpg,[236 235 234 ... 184 172 159]
MY_782773.jpg,[234 234 234 ... 129 145 146]
MY_784697.jpg,[233 233 233 ... 232 232 234]
MY_784951.jpg,[194 192 189 ... 191 187 186]
MY_785566.jpg,[234 234 234 ... 238 236 234]
MY_785676.jpg,[163 173 165 ... 174 178 179]
MY_787392.jpg,[232 228 212 ... 168 166 177]
MY_787888.jpg,[231 232 234 ... 231 234 238]
MY_788016.jpg,[235 230 227 ... 232 232 232]
MY_789668.jpg,[215 221 224 ... 228 230 235]
MY_789690.jpg,[157 154 153 ... 233 233 233]
MY_790752.jpg,[187 202 218 ... 176 176 167]
MY_792804.jpg,[239 232 237 ... 232 233 236]
MY_793661.jpg,[231 231 231 ... 220 233 226]
MY_793805.jpg,[233 233 233 ... 219 243 231]
MY_79413.jpg,[209 215 222 ... 233 233 234]
MY_794526.jpg,[213 232 231 ... 127 128 131]
MY_796199.jpg,[232 224 229 ... 231 232 233]
MY_796308.jpg,[235 232 229 ... 173 176 158]
MY_797564.jpg,[236 236 236 ... 237 232 234]
MY_797938.jpg,[164 160 155 ...  55  57  45]
MY_798336.jpg,[170 157 150 ... 177 194 221]
MY_798360.jpg,[212 217 225 ... 176 180 178]
MY_798373.jpg,[236 236 237 ... 141  36  46]
MY_798952.jpg,[164 174 168 ... 226 233 238]
MY_799196.jpg,[230 233 233 ... 148 147 147]
MY_799640.jpg,[230 237 234 ... 231 203 174]
MY_80051.jpg,[235 235 235 ... 180 180 180]
MY_801222.jpg,[237 236 233 ... 232 232 232]
MY_801549.jpg,[236 234 231 ... 172 167 160]
MY_804387.jpg,[211 200 212 ... 226 228 238]
MY_805262.jpg,[163 151 152 ...  74 104  85]
MY_806164.jpg,[180 196 198 ... 157 170 167]
MY_80627.jpg,[232 232 231 ...  92  69  69]
MY_808387.jpg,[231 234 236 ... 235 236 237]
MY_808407.jpg,[239 238 237 ... 239 231 231]
MY_809979.jpg,[237 237 237 ... 195 238 228]
MY_810266.jpg,[233 233 234 ... 234 233 232]
MY_810589.jpg,[186 214 237 ... 230 233 238]
MY_810709.jpg,[233 234 232 ... 221 221 223]
MY_811267.jpg,[235 235 235 ... 221 201 185]
MY_812561.jpg,[155 153 151 ... 190 172 182]
MY_812838.jpg,[227 228 235 ... 219 231 204]
MY_815428.jpg,[235 235 232 ... 156 108  78]
MY_815522.jpg,[168 159 160 ... 235 229 232]
MY_81654.jpg,[192 158 132 ... 232 229 231]
MY_81662.jpg,[234 231 239 ... 224 217 211]
MY_817819.jpg,[234 237 241 ... 187 183 183]
MY_818396.jpg,[175 196 214 ... 234 238 229]
MY_819326.jpg,[146 148 151 ... 177 179 180]
MY_820029.jpg,[178 173 180 ... 234 234 234]
MY_820826.jpg,[187 184 183 ... 232 236 240]
MY_821039.jpg,[170 170 168 ... 139 157 177]
MY_822104.jpg,[232 233 233 ... 234 234 234]
MY_822146.jpg,[163 162 161 ... 179 175 158]
MY_822364.jpg,[217 224 228 ... 236 235 229]
MY_823095.jpg,[233 232 236 ... 228 211 196]
MY_823559.jpg,[232 230 230 ... 235 234 234]
MY_824930.jpg,[235 227 228 ... 227 238 232]
MY_825047.jpg,[230 231 233 ... 221 206 191]
MY_82522.jpg,[235 235 235 ... 231 231 232]
MY_825485.jpg,[163 169 175 ... 233 233 233]
MY_826696.jpg,[212 213 214 ... 182 187 195]
MY_827509.jpg,[233 233 233 ... 232 232 232]
MY_828248.jpg,[239 236 233 ... 234 233 234]
MY_828364.jpg,[238 238 234 ... 225 239 226]
MY_829182.jpg,[167 160 160 ... 175 165 147]
MY_829718.jpg,[182 185 187 ... 200 196 180]
MY_830433.jpg,[234 234 234 ... 224 228 233]
MY_830505.jpg,[233 233 232 ... 110 175 222]
MY_830761.jpg,[150 158 153 ... 232 240 236]
MY_83217.jpg,[231 233 236 ... 226 214 189]
MY_832292.jpg,[162 137 137 ... 174 169 161]
MY_832343.jpg,[239 237 231 ... 153 153 152]
MY_832454.jpg,[162 127 114 ... 122 107 100]
MY_832790.jpg,[232 232 232 ... 153 148 143]
MY_833517.jpg,[229 237 229 ... 233 232 231]
MY_833828.jpg,[240 230 229 ... 233 234 237]
MY_833930.jpg,[168 172 179 ... 230 233 231]
MY_834121.jpg,[214 209 201 ... 233 233 233]
MY_834819.jpg,[183 184 147 ... 193 198 201]
MY_836622.jpg,[209 223 230 ... 160 163 176]
MY_837370.jpg,[235 235 235 ... 153 161 164]
MY_837644.jpg,[137 144 149 ... 173 165 159]
MY_838500.jpg,[232 231 231 ... 232 234 233]
MY_838622.jpg,[234 234 234 ... 234 231 234]
MY_839496.jpg,[232 231 233 ... 237 237 231]
MY_839682.jpg,[233 228 229 ... 191 182 176]
MY_839774.jpg,[234 233 233 ... 158 157 161]
MY_840673.jpg,[157 145 146 ... 135 143 161]
MY_841903.jpg,[214 207 197 ... 236 235 236]
MY_842106.jpg,[235 234 232 ... 162 166 172]
MY_842784.jpg,[234 234 234 ... 233 233 233]
MY_843424.jpg,[234 234 234 ... 234 233 233]
MY_845081.jpg,[177 177 177 ... 232 231 231]
MY_845740.jpg,[231 231 231 ... 233 233 233]
MY_845983.jpg,[181 182 184 ... 231 226 244]
MY_847980.jpg,[234 234 234 ... 244 232 236]
MY_848654.jpg,[233 234 234 ... 234 234 234]
MY_848664.jpg,[233 233 233 ... 156 160 165]
MY_848818.jpg,[159 159 159 ...  62 113 194]
MY_84960.jpg,[234 234 234 ... 174 175 178]
MY_853928.jpg,[230 235 233 ... 105 109 141]
MY_855875.jpg,[230 239 233 ... 231 231 232]
MY_856015.jpg,[221 223 225 ... 238 250 233]
MY_85613.jpg,[206 229 241 ... 228 232 239]
MY_85661.jpg,[233 233 233 ... 159 157 161]
MY_859291.jpg,[234 234 234 ... 163 165 165]
MY_860065.jpg,[221 228 231 ... 232 226 236]
MY_861148.jpg,[186 199 213 ... 153 152 159]
MY_861617.jpg,[230 231 232 ... 233 229 235]
MY_862442.jpg,[230 239 230 ... 147 150 152]
MY_862763.jpg,[236 236 236 ... 234 234 234]
MY_862860.jpg,[235 235 235 ... 219 233 230]
MY_863985.jpg,[195 177 172 ... 186 191 200]
MY_865709.jpg,[ 76  89 104 ... 158 159 162]
MY_865956.jpg,[157 163 167 ... 232 234 236]
MY_866747.jpg,[231 231 231 ... 237 227 238]
MY_867235.jpg,[199 221 236 ... 171 169 155]
MY_867672.jpg,[233 232 232 ... 147 148 155]
MY_86775.jpg,[231 230 229 ... 235 234 232]
MY_868123.jpg,[168 159 163 ...  89  82  83]
MY_868449.jpg,[244 217 231 ... 165 166 169]
MY_868479.jpg,[234 234 234 ... 237 236 234]
MY_868491.jpg,[238 229 237 ... 235 238 235]
MY_870693.jpg,[231 234 235 ...  93 106 109]
MY_871007.jpg,[235 239 232 ... 218 234 237]
MY_872257.jpg,[230 230 230 ... 208 207 206]
MY_872481.jpg,[149 151 152 ... 237 237 239]
MY_874860.jpg,[237 228 232 ... 168 165 166]
MY_874894.jpg,[233 232 232 ... 153 145 144]
MY_874900.jpg,[231 231 231 ... 234 233 233]
MY_875104.jpg,[211 220 230 ... 190 196 200]
MY_87616.jpg,[234 231 232 ... 234 234 240]
MY_876188.jpg,[230 230 232 ... 168 166 169]
MY_877378.jpg,[239 236 233 ... 162 163 162]
MY_878079.jpg,[162 166 169 ... 190 190 194]
MY_879353.jpg,[236 235 234 ... 229 232 235]
MY_879734.jpg,[166 165 163 ... 233 234 236]
MY_88007.jpg,[236 235 235 ... 172 169 164]
MY_880628.jpg,[234 231 229 ... 221 208 198]
MY_881176.jpg,[132 143 153 ... 160 160 181]
MY_882029.jpg,[235 237 239 ... 225 185 169]
MY_884142.jpg,[203 226 236 ... 233 233 233]
MY_884404.jpg,[233 237 239 ... 194 196 188]
MY_884717.jpg,[182 195 189 ... 169 176 196]
MY_88697.jpg,[232 233 233 ... 231 234 233]
MY_886979.jpg,[180 178 181 ... 230 231 232]
MY_88847.jpg,[122 117 120 ... 227 229 235]
MY_888813.jpg,[235 235 235 ... 240 229 207]
MY_889147.jpg,[234 233 234 ... 235 235 236]
MY_890229.jpg,[235 232 237 ... 233 233 233]
MY_890247.jpg,[223 232 239 ... 235 226 237]
MY_891285.jpg,[234 234 234 ... 232 232 232]
MY_891555.jpg,[234 234 231 ... 231 233 234]
MY_89202.jpg,[232 232 232 ... 232 229 237]
MY_892293.jpg,[231 233 234 ... 205 189 176]
MY_893025.jpg,[158 176 206 ... 232 229 240]
MY_893307.jpg,[234 234 233 ... 163 163 166]
MY_893731.jpg,[158 171 179 ... 158 145 156]
MY_894949.jpg,[234 234 234 ... 189 194 198]
MY_895269.jpg,[238 232 231 ... 185 182 188]
MY_89581.jpg,[129 133  91 ... 114  81 132]
MY_8959.jpg,[235 235 235 ... 170 170 173]
MY_897327.jpg,[234 241 226 ... 236 235 230]
MY_897580.jpg,[197 193 187 ... 124 226 230]
MY_899717.jpg,[235 235 235 ... 180 175 173]
MY_900062.jpg,[235 235 235 ... 233 233 233]
MY_9015.jpg,[182 181 178 ... 200 198 197]
MY_902407.jpg,[233 234 235 ... 212 191 199]
MY_902633.jpg,[228 238 242 ... 171 176 175]
MY_902931.jpg,[233 228 231 ... 235 235 236]
MY_903251.jpg,[183 177 184 ... 106  86  53]
MY_904011.jpg,[236 240 239 ... 187 199 211]
MY_90421.jpg,[229 237 239 ... 210 200 196]
MY_904809.jpg,[229 233 232 ... 167 168 166]
MY_905199.jpg,[232 232 232 ... 151 152 152]
MY_906055.jpg,[231 239 242 ... 217 199 183]
MY_90677.jpg,[183 183 183 ... 232 229 235]
MY_90777.jpg,[174 185 188 ... 172 172 171]
MY_909046.jpg,[195 206 201 ...  53  82 119]
MY_909234.jpg,[160 164 162 ... 233 239 223]
MY_909454.jpg,[233 232 232 ... 191 184 180]
MY_909861.jpg,[233 233 233 ... 234 229 227]
MY_909930.jpg,[175 175 176 ... 208 200 196]
MY_910155.jpg,[235 234 234 ... 238 234 228]
MY_910258.jpg,[169 172 174 ... 232 234 236]
MY_911546.jpg,[237 234 232 ...  90  53  49]
MY_911917.jpg,[234 233 232 ... 232 232 232]
MY_912700.jpg,[232 235 240 ... 175 176 177]
MY_912866.jpg,[233 233 233 ... 168 174 180]
MY_913448.jpg,[233 233 233 ... 232 232 233]
MY_91439.jpg,[180 176 169 ... 237 239 235]
MY_914558.jpg,[236 235 234 ... 191 222 226]
MY_914810.jpg,[158 158 157 ... 235 235 235]
MY_916672.jpg,[235 238 235 ... 225 222 217]
MY_916802.jpg,[233 234 234 ... 230 229 234]
MY_918544.jpg,[189 203 222 ... 186 191 183]
MY_920140.jpg,[178 186 206 ... 233 216 194]
MY_920196.jpg,[149 154 149 ... 216 193 180]
MY_921195.jpg,[235 235 234 ... 219 221 240]
MY_922099.jpg,[230 230 230 ... 230 230 234]
MY_922229.jpg,[185 188 200 ... 233 233 233]
MY_923643.jpg,[183 191 199 ... 182 191 203]
MY_924222.jpg,[233 233 233 ... 229 229 234]
MY_925992.jpg,[230 241 237 ... 187 177 180]
MY_927060.jpg,[231 231 231 ... 232 234 231]
MY_927181.jpg,[236 229 228 ... 233 233 233]
MY_927188.jpg,[230 230 230 ... 233 234 234]
MY_927318.jpg,[170 161 160 ...  47  87 144]
MY_928403.jpg,[216 223 227 ...  54  80 118]
MY_93048.jpg,[227 231 233 ... 169 167 160]
MY_93079.jpg,[204 206 210 ... 231 231 241]
MY_931043.jpg,[235 235 236 ... 233 234 234]
MY_931864.jpg,[235 236 236 ... 239 233 224]
MY_934819.jpg,[240 238 224 ... 239 236 234]
MY_935981.jpg,[173 169 166 ... 231 231 232]
MY_938984.jpg,[234 234 234 ... 234 234 234]
MY_94074.jpg,[188 190 201 ... 188 173 174]
MY_943048.jpg,[237 238 238 ... 206 205 203]
MY_94358.jpg,[234 231 230 ... 235 232 232]
MY_944589.jpg,[227 233 232 ...  58  49  73]
MY_944864.jpg,[220 239 235 ... 232 227 234]
MY_944972.jpg,[236 233 231 ... 171 172 165]
MY_945551.jpg,[204 205 204 ... 230 232 234]
MY_947056.jpg,[230 234 236 ... 168 174 193]
MY_947904.jpg,[234 231 230 ... 234 233 230]
MY_949069.jpg,[236 232 228 ... 175 194 212]
MY_949365.jpg,[233 233 233 ... 194 214 217]
MY_949579.jpg,[238 232 227 ... 228 223 240]
MY_950557.jpg,[230 243 230 ... 208 221 220]
MY_950610.jpg,[164 164 169 ... 230 229 229]
MY_951641.jpg,[236 234 232 ... 222 208 197]
MY_951663.jpg,[176 165 156 ... 167 167 176]
MY_951985.jpg,[233 233 233 ... 231 232 232]
MY_952273.jpg,[161 160 158 ... 232 233 234]
MY_952338.jpg,[227 244 228 ... 164 165 167]
MY_952584.jpg,[236 236 236 ... 131 129 132]
MY_953069.jpg,[235 235 235 ... 229 230 236]
MY_953614.jpg,[157 150 164 ... 231 232 234]
MY_95413.jpg,[230 232 234 ... 230 223 246]
MY_95550.jpg,[230 241 230 ... 237 238 231]
MY_955833.jpg,[243 227 226 ... 171 185 204]
MY_95592.jpg,[233 233 235 ... 228 245 229]
MY_956653.jpg,[228 226 224 ... 233 235 231]
MY_957199.jpg,[229 229 231 ... 239 218 201]
MY_957573.jpg,[170 172 173 ... 227 226 228]
MY_958699.jpg,[231 229 230 ... 234 229 240]
MY_959308.jpg,[231 223 205 ... 229 230 234]
MY_959333.jpg,[178 186 195 ...  76  80  83]
MY_960979.jpg,[240 232 233 ... 225 206 188]
MY_961717.jpg,[239 235 232 ... 233 241 227]
MY_963573.jpg,[232 232 232 ... 183 184 182]
MY_964723.jpg,[234 234 234 ... 197 182 177]
MY_965752.jpg,[223 235 234 ... 233 230 234]
MY_965849.jpg,[230 231 234 ... 214 193 188]
MY_966562.jpg,[172 174 174 ... 234 234 232]
MY_967725.jpg,[177 178 179 ... 191 178 178]
MY_968216.jpg,[232 232 232 ... 234 237 236]
MY_968271.jpg,[227 213 203 ... 234 234 234]
MY_96878.jpg,[181 176 101 ... 170 165 169]
MY_968942.jpg,[233 232 222 ... 202 191 192]
MY_969898.jpg,[197 172 167 ... 235 223 206]
MY_970151.jpg,[233 234 233 ... 198 203 201]
MY_970936.jpg,[237 196 136 ... 181 178 187]
MY_971057.jpg,[230 239 229 ... 150 149 152]
MY_9721.jpg,[233 234 235 ... 231 231 231]
MY_972220.jpg,[177 175 171 ...  92 147 176]
MY_973096.jpg,[233 233 233 ... 156 161 169]
MY_974284.jpg,[188 209 229 ... 233 240 231]
MY_975062.jpg,[240 236 228 ... 234 234 234]
MY_975173.jpg,[232 203 145 ... 236 233 238]
MY_976402.jpg,[185 183 182 ... 170 180 165]
MY_977373.jpg,[217 227 235 ... 189 190 176]
MY_977907.jpg,[145 125 101 ... 189 224 228]
MY_977916.jpg,[231 231 231 ... 108 111 161]
MY_978739.jpg,[179 180 179 ... 235 241 228]
MY_979054.jpg,[234 234 234 ... 169 167 166]
MY_979367.jpg,[231 231 232 ... 237 238 238]
MY_979886.jpg,[235 235 234 ... 232 232 232]
MY_980885.jpg,[226 229 233 ... 165 165 163]
MY_981761.jpg,[237 229 231 ... 180 175 162]
MY_982223.jpg,[208 199 148 ... 229 234 231]
MY_98273.jpg,[223 224 226 ... 233 234 230]
MY_98435.jpg,[230 231 235 ... 234 236 234]
MY_984771.jpg,[240 233 231 ... 228 227 229]
MY_984786.jpg,[184 203 229 ...  90  90 117]
MY_985400.jpg,[237 229 233 ... 231 233 232]
MY_986225.jpg,[233 233 233 ... 150 158 160]
MY_98644.jpg,[115 112 114 ... 166 156 157]
MY_987909.jpg,[158 160 165 ... 224 222 222]
MY_988893.jpg,[223 237 244 ... 174 168 177]
MY_99005.jpg,[235 233 231 ... 233 231 229]
MY_991121.jpg,[140 141 137 ... 233 234 234]
MY_991653.jpg,[225 235 235 ... 230 233 236]
MY_991796.jpg,[233 239 240 ... 232 234 236]
MY_992073.jpg,[234 233 232 ... 235 236 225]
MY_992706.jpg,[235 233 231 ... 171 165 163]
MY_993237.jpg,[199 197 195 ... 171 169 167]
MY_997138.jpg,[162 176 180 ... 197 203 211]
MY_998168.jpg,[235 235 235 ... 218 215 214]
MY_998617.jpg,[173 180 190 ... 232 232 232]
PMY_103033.jpg,[237 231 233 ... 182 173 175]
PMY_10323.jpg,[183 187 204 ... 216 232 231]
PMY_10344.jpg,[ 98  57  79 ... 184 174 177]
PMY_104042.jpg,[229 203 176 ... 119  89 138]
PMY_106315.jpg,[193 225 239 ...  69  99 123]
PMY_106697.jpg,[ 51  53  40 ... 237 235 236]
PMY_113305.jpg,[237 232 234 ... 231 227 230]
PMY_113802.jpg,[232 232 232 ... 196 216 239]
PMY_115329.jpg,[173 172 166 ... 145 146 151]
PMY_118227.jpg,[235 235 235 ... 234 234 234]
PMY_118711.jpg,[240 208 182 ... 226 230 237]
PMY_119101.jpg,[234 234 234 ... 239 228 229]
PMY_121356.jpg,[ 54  57  70 ... 236 223 225]
PMY_12240.jpg,[233 232 231 ...  68 100 112]
PMY_124143.jpg,[236 229 232 ... 210 202 214]
PMY_130948.jpg,[187 148 146 ... 189 185 192]
PMY_131738.jpg,[230 225 224 ... 227 238 229]
PMY_132518.jpg,[184 175 113 ... 111 134 113]
PMY_134761.jpg,[164 163 163 ... 111 114  75]
PMY_13512.jpg,[232 231 231 ... 240 231 231]
PMY_141931.jpg,[112 138 164 ... 231 243 241]
PMY_145729.jpg,[237 234 231 ...  61  86 143]
PMY_147025.jpg,[240 241 241 ... 234 229 233]
PMY_147801.jpg,[231 236 238 ... 192 190 199]
PMY_148623.jpg,[ 43  66  63 ...  86 101  93]
PMY_151048.jpg,[ 70  73  77 ...  67 107 129]
PMY_151530.jpg,[222 232 234 ... 227 224 229]
PMY_153317.jpg,[237 252 213 ... 229 232 229]
PMY_158728.jpg,[232 224 231 ... 237 233 236]
PMY_160646.jpg,[234 234 234 ... 243 241 230]
PMY_162735.jpg,[234 234 234 ...  85 127 134]
PMY_164004.jpg,[234 233 232 ... 196 202 205]
PMY_164848.jpg,[235 234 223 ... 242 232 233]
PMY_166261.jpg,[233 236 235 ... 236 226 235]
PMY_16683.jpg,[234 234 234 ...  95 103 123]
PMY_167144.jpg,[228 233 238 ...  94  55  81]
PMY_168585.jpg,[125 123 101 ... 181 123  82]
PMY_169782.jpg,[235 226 237 ... 236 229 231]
PMY_171652.jpg,[161 166 167 ... 145 114  51]
PMY_174003.jpg,[232 237 235 ... 237 235 225]
PMY_176074.jpg,[232 233 233 ... 222 233 227]
PMY_17683.jpg,[190 188 184 ... 231 231 231]
PMY_177097.jpg,[63 74 91 ... 89 70 69]
PMY_177316.jpg,[156 148 161 ... 103  62  56]
PMY_178357.jpg,[235 235 234 ...  36  48  39]
PMY_178755.jpg,[231 232 235 ... 196 209 216]
PMY_181052.jpg,[158  95 112 ... 119 194 226]
PMY_182944.jpg,[177 179 174 ...  84 110 115]
PMY_185437.jpg,[ 88  78  69 ...  85  79 123]
PMY_187173.jpg,[180 178 176 ... 237 230 232]
PMY_189441.jpg,[229 238 239 ... 235 237 233]
PMY_191347.jpg,[233 232 232 ... 244 220 234]
PMY_191869.jpg,[200 192 177 ... 215 205 197]
PMY_193459.jpg,[131 154 175 ... 155 176 183]
PMY_193829.jpg,[ 35  57 126 ...  71  85  97]
PMY_195359.jpg,[233 233 233 ... 239 231 235]
PMY_195681.jpg,[196 160 142 ... 233 228 233]
PMY_196190.jpg,[124 118 139 ... 232 232 233]
PMY_196965.jpg,[228 244 230 ... 235 236 229]
PMY_197892.jpg,[131  97  68 ...  89  99 122]
PMY_200129.jpg,[168 175 183 ... 176 177 182]
PMY_205879.jpg,[239 229 163 ...  71  87 150]
PMY_206001.jpg,[235 232 232 ... 195 178 178]
PMY_207044.jpg,[179 123 104 ...  79  64  47]
PMY_20723.jpg,[232 232 232 ... 231 231 231]
PMY_20725.jpg,[210 208 216 ...  45  64 162]
PMY_208227.jpg,[235 230 230 ... 226 178 179]
PMY_218425.jpg,[233 233 233 ...  88  96  42]
PMY_219022.jpg,[136 102  48 ...  91  59  61]
PMY_220816.jpg,[227 236 242 ... 236 238 236]
PMY_221441.jpg,[195 168 163 ... 118 152 155]
PMY_225787.jpg,[180 178 176 ... 237 230 232]
PMY_227142.jpg,[179 176 191 ... 232 222 235]
PMY_228031.jpg,[230 229 229 ... 174 161 162]
PMY_230129.jpg,[150 101 102 ... 145 148 144]
PMY_230860.jpg,[233 234 235 ... 132 157 147]
PMY_232995.jpg,[234 237 236 ... 165 165 165]
PMY_233788.jpg,[242 228 232 ... 227 229 239]
PMY_234773.jpg,[201 172 162 ... 227 237 229]
PMY_236607.jpg,[136 141 135 ... 120 130  94]
PMY_238333.jpg,[230 230 232 ... 198 205 221]
PMY_238727.jpg,[204 149 133 ...  81 111 127]
PMY_239956.jpg,[236 225 220 ...  76  75 135]
PMY_24026.jpg,[234 233 233 ... 130 164 144]
PMY_241.jpg,[222 240 239 ... 236 221 237]
PMY_242801.jpg,[226 238 230 ...  53  43  43]
PMY_242949.jpg,[234 231 235 ... 245 241 225]
PMY_247968.jpg,[149 140 113 ... 109  72  74]
PMY_249820.jpg,[37 34 58 ... 59 61 60]
PMY_2508.jpg,[173 164 172 ... 160 204 244]
PMY_254816.jpg,[174 182 169 ... 181 177 191]
PMY_257315.jpg,[229 235 241 ... 235 231 232]
PMY_257815.jpg,[147 119 116 ... 189 169 164]
PMY_258136.jpg,[238 230 233 ... 235 237 237]
PMY_259087.jpg,[163 147 150 ... 225 227 228]
PMY_259339.jpg,[134 126 133 ... 184 182 179]
PMY_265295.jpg,[235 231 231 ... 227 197 171]
PMY_265809.jpg,[128 137 146 ... 194 213 228]
PMY_266054.jpg,[227 242 227 ... 244 237 228]
PMY_270625.jpg,[168 173 176 ... 134 129 128]
PMY_270676.jpg,[238 231 236 ... 240 236 228]
PMY_276708.jpg,[236 234 234 ... 151 136 123]
PMY_27733.jpg,[213 215 211 ... 235 230 214]
PMY_277490.jpg,[183 180 174 ... 173 155 143]
PMY_279807.jpg,[ 61 138 147 ... 219 241 214]
PMY_279953.jpg,[230 233 233 ... 237 235 238]
PMY_280154.jpg,[240 231 227 ... 228 222 240]
PMY_285430.jpg,[181 182 184 ... 144 159 178]
PMY_286382.jpg,[231 229 229 ... 168 170 170]
PMY_287140.jpg,[164 167 178 ... 206 214 231]
PMY_28761.jpg,[225 235 232 ... 221 232 228]
PMY_28818.jpg,[153 161 133 ...  88 146 169]
PMY_288954.jpg,[234 240 231 ... 245 223 243]
PMY_289958.jpg,[226 205 183 ... 175 173 173]
PMY_293093.jpg,[224 224 228 ... 120 165 197]
PMY_296792.jpg,[ 49  57  56 ... 102  96 107]
PMY_297519.jpg,[136 101  64 ... 147 178 213]
PMY_298362.jpg,[234 226 235 ... 236 242 224]
PMY_298535.jpg,[232 217 197 ...  84 117 102]
PMY_298648.jpg,[229 232 234 ... 189 191 194]
PMY_298976.jpg,[106  99 119 ... 125 182 227]
PMY_298992.jpg,[236 229 230 ... 235 237 232]
PMY_299755.jpg,[129  88  98 ...  62  87  83]
PMY_300680.jpg,[172 172 189 ...  62  45  77]
PMY_302333.jpg,[237 232 235 ... 235 235 235]
PMY_302339.jpg,[235 221 230 ...  60  90  52]
PMY_303945.jpg,[ 93 119 127 ...  95  94  88]
PMY_303964.jpg,[234 231 234 ... 221 235 243]
PMY_304022.jpg,[235 231 231 ... 243 233 233]
PMY_304303.jpg,[148 140 152 ... 176 159 166]
PMY_305520.jpg,[229 237 238 ... 236 235 235]
PMY_305823.jpg,[231 216 214 ...  57  50  91]
PMY_308006.jpg,[ 85  90 100 ... 239 232 235]
PMY_314855.jpg,[233 225 234 ... 225 230 226]
PMY_316470.jpg,[238 233 231 ... 233 234 236]
PMY_316676.jpg,[204 147  85 ... 231 243 228]
PMY_318563.jpg,[237 233 230 ... 165 166 145]
PMY_320028.jpg,[ 93 114 140 ... 160 173 171]
PMY_324335.jpg,[244 228 234 ... 241 234 233]
PMY_326172.jpg,[225 233 198 ... 163 168 217]
PMY_327563.jpg,[184 180 176 ... 240 235 232]
PMY_327730.jpg,[210 137 113 ... 130 186 236]
PMY_327868.jpg,[231 219 154 ... 126 181 177]
PMY_328769.jpg,[234 234 234 ...  79  66  60]
PMY_330168.jpg,[228 244 238 ... 101  94 124]
PMY_330366.jpg,[187 180 174 ...  80  39  55]
PMY_3305.jpg,[228 226 228 ... 231 234 221]
PMY_334182.jpg,[237 235 232 ... 235 226 243]
PMY_335114.jpg,[116 170 189 ...  46  43  40]
PMY_335570.jpg,[236 235 233 ... 205 221 197]
PMY_337188.jpg,[215 223 167 ... 160 103 111]
PMY_341875.jpg,[232 234 242 ... 232 234 237]
PMY_346353.jpg,[234 233 233 ... 173 170 167]
PMY_346853.jpg,[233 233 233 ... 234 230 233]
PMY_348531.jpg,[217 201 185 ... 228 237 244]
PMY_348691.jpg,[235 235 235 ... 237 236 230]
PMY_350364.jpg,[235 213 132 ... 153 105  64]
PMY_35260.jpg,[238 241 226 ... 228 248 230]
PMY_353239.jpg,[200 214 218 ... 161 165 183]
PMY_353345.jpg,[161 164 166 ... 235 229 232]
PMY_354908.jpg,[228 237 236 ...  59  90 147]
PMY_355365.jpg,[212 223 230 ... 237 230 230]
PMY_356332.jpg,[185 210 224 ... 232 232 234]
PMY_357893.jpg,[234 235 237 ... 175 169 167]
PMY_359716.jpg,[231 241 234 ... 234 234 228]
PMY_362457.jpg,[108  63  55 ...  85 114  99]
PMY_363487.jpg,[232 232 240 ... 148 216 233]
PMY_363863.jpg,[132 142 164 ... 163 167 149]
PMY_365821.jpg,[178 178 177 ... 119 136 131]
PMY_36647.jpg,[203 199 195 ... 233 234 235]
PMY_367112.jpg,[110 139 151 ... 229 235 238]
PMY_3689.jpg,[228 236 240 ... 194 191 163]
PMY_369382.jpg,[66 46 42 ... 63 53 41]
PMY_36939.jpg,[115  74 117 ... 127 120 146]
PMY_370573.jpg,[122 159 171 ... 185 186 183]
PMY_372408.jpg,[ 50  52  73 ... 128 152 149]
PMY_374709.jpg,[233 233 233 ... 232 232 232]
PMY_377034.jpg,[228 236 239 ... 189 192 175]
PMY_378116.jpg,[232 240 235 ... 220 198 210]
PMY_379145.jpg,[ 94  95  97 ... 153 120 141]
PMY_382441.jpg,[207 224 237 ... 197 183 181]
PMY_383172.jpg,[234 234 234 ...  55 108 109]
PMY_38386.jpg,[228 239 226 ...  84 123  89]
PMY_386197.jpg,[230 233 235 ... 179 165 170]
PMY_389735.jpg,[233 233 233 ...  40  61  58]
PMY_39029.jpg,[244 222 239 ... 153 152 149]
PMY_392162.jpg,[227 209 182 ... 233 233 231]
PMY_396397.jpg,[200 206 197 ... 156 145 124]
PMY_396530.jpg,[192 202 219 ... 232 216 192]
PMY_396632.jpg,[ 71  58  42 ... 161 171 188]
PMY_397291.jpg,[169 169 166 ... 174 185 178]
PMY_398261.jpg,[233 233 233 ... 216 197 183]
PMY_399334.jpg,[228 234 236 ... 216 219 225]
PMY_399740.jpg,[236 235 234 ... 169 169 169]
PMY_402880.jpg,[ 91  74  71 ... 154 156 159]
PMY_411234.jpg,[235 240 227 ... 232 237 232]
PMY_415338.jpg,[167 172 197 ... 235 235 235]
PMY_416143.jpg,[235 227 240 ... 231 246 232]
PMY_416383.jpg,[231 236 237 ... 239 236 235]
PMY_422360.jpg,[239 237 234 ... 163 167 172]
PMY_426617.jpg,[228 234 235 ... 227 233 231]
PMY_426871.jpg,[211 211 203 ...  64  64  53]
PMY_427846.jpg,[232 241 227 ... 232 241 229]
PMY_428070.jpg,[138  92 112 ... 138 183 227]
PMY_430427.jpg,[ 79  46  56 ... 150 171 140]
PMY_434173.jpg,[232 230 239 ... 242 223 240]
PMY_436848.jpg,[240 223 238 ... 234 237 230]
PMY_437969.jpg,[231 231 234 ... 151 152 153]
PMY_438657.jpg,[242 241 230 ... 229 230 236]
PMY_44436.jpg,[ 92  86  76 ... 107  90 107]
PMY_44483.jpg,[230 241 192 ... 210 231 241]
PMY_445168.jpg,[164 166 168 ... 234 235 237]
PMY_445946.jpg,[230 237 233 ... 153 176 196]
PMY_446733.jpg,[234 234 234 ...  54  39  54]
PMY_447067.jpg,[135  64  50 ...  79 157 199]
PMY_449223.jpg,[234 234 234 ...  47  83 165]
PMY_455408.jpg,[143  84  57 ... 232 238 231]
PMY_456936.jpg,[235 234 232 ... 237 238 240]
PMY_458246.jpg,[233 233 233 ... 232 232 232]
PMY_458308.jpg,[238 231 232 ...  86  95  88]
PMY_459458.jpg,[118 136 154 ... 231 236 235]
PMY_459875.jpg,[233 234 234 ... 162 164 166]
PMY_461666.jpg,[232 232 232 ... 232 239 228]
PMY_463652.jpg,[232 217 220 ... 235 235 236]
PMY_465350.jpg,[145 144 144 ...  38  46  60]
PMY_465567.jpg,[200 161 154 ... 113 147 177]
PMY_466513.jpg,[243 226 241 ... 235 231 232]
PMY_467358.jpg,[235 235 235 ... 231 239 233]
PMY_467629.jpg,[193 195 214 ... 191 190 203]
PMY_468793.jpg,[100  86  90 ...  45  98  66]
PMY_470589.jpg,[233 233 233 ... 227 206 187]
PMY_470764.jpg,[236 231 198 ... 236 237 235]
PMY_470988.jpg,[236 233 231 ... 109  89 127]
PMY_471011.jpg,[172 161 199 ... 124 109 100]
PMY_471296.jpg,[233 233 233 ... 236 228 238]
PMY_474022.jpg,[234 234 234 ... 104 103 118]
PMY_474062.jpg,[205 201 119 ...  50  37  46]
PMY_474846.jpg,[230 197 167 ... 214 193 178]
PMY_47613.jpg,[226 240 210 ... 225 233 236]
PMY_476540.jpg,[210 213 211 ... 238 218 233]
PMY_477497.jpg,[233 224 241 ... 235 244 228]
PMY_479096.jpg,[221 243 232 ... 226 234 228]
PMY_479817.jpg,[240 222 224 ... 233 243 221]
PMY_48028.jpg,[178 172 149 ... 148 124 181]
PMY_484819.jpg,[236 228 230 ... 158 155 180]
PMY_485600.jpg,[102 134 111 ...  53  55  41]
PMY_488127.jpg,[ 77 119 145 ... 144 162 187]
PMY_488304.jpg,[162 153  73 ... 112  71 127]
PMY_489113.jpg,[224 239 234 ... 230 221 239]
PMY_490425.jpg,[ 99 144 180 ... 142 131 133]
PMY_491002.jpg,[243 231 225 ... 234 237 228]
PMY_493320.jpg,[233 232 232 ... 175 168 165]
PMY_496278.jpg,[161 164 180 ... 148 147 149]
PMY_497112.jpg,[210 219 223 ... 124 167 141]
PMY_497134.jpg,[230 233 233 ... 233 228 231]
PMY_498211.jpg,[104 140 124 ... 109  94 135]
PMY_498552.jpg,[234 230 229 ... 179 179 182]
PMY_499724.jpg,[233 233 228 ... 224 228 231]
PMY_500094.jpg,[232 227 215 ...  96  83  39]
PMY_500571.jpg,[212 177  94 ... 174 159 177]
PMY_500790.jpg,[236 227 230 ... 238 236 232]
PMY_5010.jpg,[231 233 234 ... 154 185 222]
PMY_502190.jpg,[235 235 234 ... 162 165 158]
PMY_502322.jpg,[127 145  98 ...  99  25  88]
PMY_503737.jpg,[228 242 236 ...  97 164 222]
PMY_507507.jpg,[233 233 233 ... 147  90  97]
PMY_508271.jpg,[226 151  80 ... 166 188 227]
PMY_510358.jpg,[146  93  94 ... 153 174 154]
PMY_513321.jpg,[230 231 233 ... 239 232 225]
PMY_514626.jpg,[130  99  61 ... 153 151 150]
PMY_514938.jpg,[221 236 234 ... 182 168 174]
PMY_515679.jpg,[236 234 238 ... 148 126  52]
PMY_515807.jpg,[ 38  84  87 ...  60 132  92]
PMY_516388.jpg,[228 245 238 ... 236 233 231]
PMY_517640.jpg,[231 235 235 ... 230 237 231]
PMY_517806.jpg,[230 240 218 ... 128 177 223]
PMY_518582.jpg,[222 230 204 ... 234 228 230]
PMY_518988.jpg,[210 248 237 ... 237 240 236]
PMY_519130.jpg,[191 152 107 ... 239 231 238]
PMY_51963.jpg,[233 227 233 ... 183 115  63]
PMY_519748.jpg,[239 229 230 ... 167 173 193]
PMY_520542.jpg,[157 158 158 ... 166 167 173]
PMY_521964.jpg,[234 236 237 ... 188 198 192]
PMY_525476.jpg,[105 145 129 ...  83  95  65]
PMY_525765.jpg,[196 178 158 ... 162 166 156]
PMY_527986.jpg,[230 240 223 ... 237 231 239]
PMY_529867.jpg,[243 236 228 ... 233 225 233]
PMY_530728.jpg,[69 80 52 ... 65 51 75]
PMY_531626.jpg,[137 123 140 ... 139 189 184]
PMY_53329.jpg,[234 232 233 ... 236 231 232]
PMY_537229.jpg,[ 70  58  92 ... 230 230 230]
PMY_538541.jpg,[170 168 168 ... 133 109 120]
PMY_54217.jpg,[243 233 235 ... 234 229 240]
PMY_542512.jpg,[181 175 171 ...  47  45 122]
PMY_542744.jpg,[230 231 226 ... 238 238 228]
PMY_546734.jpg,[147 135 155 ... 142 168 138]
PMY_547637.jpg,[233 235 236 ... 229 222 247]
PMY_548200.jpg,[186 203 194 ... 234 232 235]
PMY_549687.jpg,[236 235 234 ... 232 231 242]
PMY_550469.jpg,[232 220 148 ... 160 172 219]
PMY_552383.jpg,[235 234 225 ... 229 229 233]
PMY_554039.jpg,[229 235 244 ... 227 232 240]
PMY_555125.jpg,[234 235 233 ... 155 154 170]
PMY_555715.jpg,[186 140 155 ...  55  45  66]
PMY_557419.jpg,[180 125 103 ... 198 190 200]
PMY_558961.jpg,[233 229 237 ... 233 235 240]
PMY_560445.jpg,[233 233 233 ... 114 155  90]
PMY_562186.jpg,[216 150 144 ... 129 140 156]
PMY_564053.jpg,[232 232 232 ... 237 230 230]
PMY_564545.jpg,[234 231 237 ... 231 231 234]
PMY_569298.jpg,[234 234 234 ... 122 125 154]
PMY_571915.jpg,[149 121 131 ... 116 114 114]
PMY_572196.jpg,[234 234 233 ...  78 101  75]
PMY_573522.jpg,[235 226 195 ... 105 155 171]
PMY_574657.jpg,[237 234 232 ... 160 156 157]
PMY_577498.jpg,[234 234 234 ... 234 236 238]
PMY_578872.jpg,[237 239 222 ... 171 129  74]
PMY_581406.jpg,[227 232 234 ... 202 206 215]
PMY_5828.jpg,[234 235 235 ... 177 192 201]
PMY_582919.jpg,[226 236 239 ... 195 197 199]
PMY_586364.jpg,[230 233 233 ... 233 228 231]
PMY_586671.jpg,[234 234 234 ... 165 156 119]
PMY_587376.jpg,[190 195 185 ... 122 124 105]
PMY_587719.jpg,[ 92  97  56 ... 135 127 160]
PMY_589542.jpg,[226 203 163 ... 199 198 189]
PMY_589579.jpg,[135 142 156 ... 231 223 236]
PMY_589689.jpg,[230 233 232 ... 243 233 228]
PMY_590837.jpg,[232 234 232 ...  47  48  45]
PMY_591322.jpg,[229 233 238 ... 193 186 184]
PMY_593160.jpg,[241 221 220 ... 236 236 232]
PMY_598371.jpg,[203 147 163 ... 221 235 234]
PMY_60060.jpg,[211 182 148 ... 225 238 221]
PMY_601121.jpg,[180 179 180 ... 226 223 202]
PMY_60338.jpg,[178 189 201 ... 127 169 152]
PMY_604227.jpg,[180 193 197 ... 177 182 196]
PMY_605064.jpg,[173 167 162 ... 172 156  89]
PMY_605393.jpg,[107  70  72 ... 233 235 237]
PMY_609517.jpg,[178 172 168 ... 196 200 203]
PMY_609818.jpg,[203 205 203 ... 162 170 156]
PMY_610548.jpg,[229 244 236 ... 233 233 233]
PMY_614413.jpg,[228 232 236 ... 222 231 246]
PMY_614431.jpg,[152 152 152 ... 196 191 183]
PMY_616509.jpg,[233 234 235 ... 236 235 232]
PMY_616649.jpg,[240 227 217 ...  63 128 198]
PMY_623403.jpg,[223 234 219 ... 228 252 235]
PMY_625340.jpg,[125 123 129 ... 157 164 191]
PMY_62790.jpg,[233 240 231 ... 229 235 232]
PMY_630110.jpg,[230 226 238 ... 159 160 143]
PMY_630541.jpg,[234 234 234 ... 231 237 222]
PMY_632509.jpg,[236 235 235 ... 192 223 227]
PMY_632895.jpg,[228 235 238 ... 171 172 173]
PMY_634329.jpg,[161 162 167 ... 155 149 161]
PMY_635523.jpg,[234 235 235 ...  45 101 189]
PMY_636418.jpg,[239 227 229 ... 228 233 234]
PMY_637323.jpg,[ 74  58 104 ...  39  74  54]
PMY_638556.jpg,[233 233 236 ... 231 226 232]
PMY_639333.jpg,[139  94  98 ... 101 108  62]
PMY_641217.jpg,[234 229 233 ...  63  58 103]
PMY_641327.jpg,[217 237 223 ... 155 162 165]
PMY_641546.jpg,[242 228 227 ... 238 236 232]
PMY_642848.jpg,[208 212 218 ... 230 232 236]
PMY_644531.jpg,[234 234 234 ... 230 234 232]
PMY_646668.jpg,[231 239 232 ... 233 229 236]
PMY_647620.jpg,[226 241 232 ... 223 229 241]
PMY_648773.jpg,[232 233 221 ... 202 222 244]
PMY_649381.jpg,[236 229 236 ... 186 178 179]
PMY_649492.jpg,[243 236 230 ...  54  51  49]
PMY_652170.jpg,[235 227 226 ... 232 233 234]
PMY_652178.jpg,[184 179 179 ... 234 219 241]
PMY_653316.jpg,[186 182 193 ... 235 234 234]
PMY_654777.jpg,[106 152  97 ... 160 127 108]
PMY_655809.jpg,[227 234 236 ... 229 230 236]
PMY_656779.jpg,[219 215 197 ... 166 209 233]
PMY_663938.jpg,[229 230 233 ... 227 221 216]
PMY_665046.jpg,[235 235 235 ...  48  39  75]
PMY_66740.jpg,[238 242 232 ... 226 230 235]
PMY_668342.jpg,[125 104  77 ...  97 105 143]
PMY_668839.jpg,[230 233 234 ... 215 229 231]
PMY_672319.jpg,[124 134 139 ... 155  69  90]
PMY_677926.jpg,[208 161  94 ...  94 155 160]
PMY_679958.jpg,[235 235 235 ... 178 144 133]
PMY_683093.jpg,[231 237 244 ... 228 232 234]
PMY_685743.jpg,[232 228 236 ... 186 189 194]
PMY_68804.jpg,[235 234 236 ... 164 161 184]
PMY_688254.jpg,[132 144 162 ... 101 136 123]
PMY_68894.jpg,[176 183 187 ... 230 251 218]
PMY_689503.jpg,[102  43  46 ... 223 221 223]
PMY_689948.jpg,[237 232 233 ... 230 242 228]
PMY_690924.jpg,[ 55  44  99 ... 165 167 171]
PMY_691379.jpg,[167 130  78 ... 158 153 190]
PMY_692844.jpg,[188 173 175 ... 225 237 230]
PMY_694050.jpg,[236 230 229 ... 203 221 233]
PMY_694391.jpg,[228 235 239 ... 219 216 221]
PMY_695850.jpg,[170 169 168 ... 151 228 222]
PMY_699159.jpg,[211 203 189 ...  83  46  75]
PMY_702550.jpg,[143 119 110 ... 165 172 164]
PMY_703530.jpg,[111 160 184 ... 237 233 234]
PMY_705579.jpg,[65 69 57 ... 52 46 93]
PMY_70574.jpg,[235 238 227 ... 234 239 227]
PMY_706568.jpg,[114  92  57 ... 228 243 226]
PMY_713436.jpg,[140 107  96 ...  91 105 201]
PMY_715143.jpg,[251 226 169 ...  95 189 220]
PMY_721400.jpg,[126 150  72 ... 236 234 231]
PMY_722296.jpg,[227 246 229 ... 234 235 229]
PMY_722414.jpg,[228 239 227 ... 230 230 247]
PMY_722562.jpg,[224 232 233 ... 232 228 238]
PMY_724189.jpg,[229 228 240 ...  30  48  58]
PMY_724701.jpg,[229 228 226 ... 188 185 169]
PMY_725335.jpg,[231 229 228 ...  68 109 140]
PMY_727894.jpg,[223 233 236 ...  93  85  82]
PMY_73148.jpg,[234 219 182 ... 241 228 226]
PMY_736213.jpg,[232 232 232 ... 188 230 242]
PMY_737751.jpg,[196 189 191 ...  40  78 120]
PMY_739658.jpg,[178 180 191 ... 217 234 239]
PMY_740259.jpg,[136 148 147 ...  69 110 138]
PMY_745394.jpg,[159 158 157 ... 232 237 236]
PMY_746838.jpg,[212 197 179 ... 223 226 229]
PMY_747397.jpg,[234 234 234 ... 235 237 239]
PMY_748511.jpg,[235 232 233 ... 154 170 185]
PMY_748700.jpg,[234 235 206 ... 177 214 232]
PMY_748779.jpg,[233 230 236 ... 170 165 164]
PMY_751256.jpg,[124 130 147 ... 155 159 159]
PMY_752749.jpg,[234 234 234 ... 236 238 233]
PMY_753076.jpg,[170 168 168 ... 133 109 120]
PMY_753662.jpg,[235 234 241 ... 230 243 238]
PMY_75482.jpg,[234 234 233 ... 231 223 234]
PMY_755032.jpg,[233 232 231 ... 180 182 183]
PMY_755784.jpg,[234 230 234 ... 234 227 235]
PMY_756364.jpg,[230 235 235 ... 116 211 229]
PMY_756613.jpg,[231 232 232 ... 234 223 220]
PMY_757137.jpg,[201 201 201 ... 227 234 224]
PMY_759622.jpg,[172 183 187 ... 139 102  78]
PMY_762566.jpg,[ 56  51  45 ... 165 164 162]
PMY_764313.jpg,[233 233 233 ... 234 230 237]
PMY_766548.jpg,[235 241 205 ... 240 223 233]
PMY_7675.jpg,[238 237 236 ...  77 150 191]
PMY_770245.jpg,[236 223 227 ... 167 177 212]
PMY_772363.jpg,[157 159 174 ... 235 238 231]
PMY_772483.jpg,[246 225 215 ... 236 233 227]
PMY_7728.jpg,[ 88  98  98 ... 151 150 164]
PMY_772833.jpg,[233 234 240 ... 167 157 161]
PMY_776715.jpg,[233 235 238 ... 240 231 231]
PMY_779527.jpg,[239 230 224 ... 234 233 223]
PMY_782838.jpg,[ 92 105  94 ...  67  88  81]
PMY_783521.jpg,[199  96  59 ... 107 129 185]
PMY_784012.jpg,[235 235 235 ... 165 201 227]
PMY_7841.jpg,[238 234 230 ... 232 232 232]
PMY_784221.jpg,[175 181 188 ... 237 230 243]
PMY_784590.jpg,[241 233 230 ... 205 199 200]
PMY_786400.jpg,[163 163 164 ... 123 124  63]
PMY_787838.jpg,[170 161 166 ... 228 231 235]
PMY_788715.jpg,[239 241 235 ... 238 232 239]
PMY_792058.jpg,[230 235 235 ... 240 220 243]
PMY_794253.jpg,[234 235 235 ... 155 162 167]
PMY_796085.jpg,[208 231 239 ... 197 191 192]
PMY_797107.jpg,[ 52  28  40 ... 110 135 155]
PMY_798208.jpg,[ 80 104 155 ...  91 137  97]
PMY_798700.jpg,[190 186 184 ... 234 233 232]
PMY_800629.jpg,[232 234 236 ... 167 160 160]
PMY_802468.jpg,[227 235 229 ... 203 225 234]
PMY_804177.jpg,[235 234 233 ... 185 202 197]
PMY_804781.jpg,[128  53  64 ... 168 166 177]
PMY_805423.jpg,[232 231 236 ... 228 230 230]
PMY_806069.jpg,[138 107  95 ... 104 108  57]
PMY_80773.jpg,[238 235 238 ... 229 236 234]
PMY_80820.jpg,[232 232 232 ... 232 219 236]
PMY_809845.jpg,[169 174 194 ...  83 122 111]
PMY_811405.jpg,[235 233 234 ... 234 234 235]
PMY_811544.jpg,[178 199 212 ... 218 239 230]
PMY_811666.jpg,[ 45  52 117 ...  77 130 151]
PMY_816425.jpg,[234 229 237 ... 238 228 226]
PMY_81713.jpg,[235 237 236 ... 127 103  65]
PMY_817838.jpg,[227 239 238 ... 223 222 239]
PMY_819354.jpg,[231 231 232 ... 130 114 125]
PMY_819359.jpg,[147 138 141 ... 114 124  87]
PMY_819443.jpg,[129 130 132 ...  69  95 125]
PMY_819459.jpg,[232 230 231 ... 169 178 171]
PMY_821428.jpg,[183 224 184 ... 122 117  60]
PMY_822968.jpg,[176 182 191 ... 176 168 173]
PMY_82751.jpg,[139 104 110 ... 235 226 239]
PMY_827546.jpg,[157 135 132 ... 146 149 172]
PMY_829200.jpg,[ 56 104 160 ... 165 196 217]
PMY_830582.jpg,[230 236 239 ... 236 235 232]
PMY_830790.jpg,[ 75 123 103 ... 162 128  76]
PMY_832361.jpg,[239 233 227 ... 239 234 224]
PMY_832492.jpg,[233 233 233 ... 185 235 230]
PMY_832615.jpg,[193 200 177 ... 140 177 220]
PMY_832916.jpg,[222 229 230 ... 235 228 229]
PMY_835553.jpg,[228 180 123 ...  45  65 117]
PMY_838423.jpg,[222 237 223 ... 179 180 174]
PMY_838508.jpg,[140 158 144 ... 233 233 233]
PMY_840428.jpg,[ 68  52  71 ...  64 107 179]
PMY_841428.jpg,[232 230 235 ... 233 238 244]
PMY_844933.jpg,[172 164 182 ...  92  96 122]
PMY_845030.jpg,[172 120  36 ...  54  59 117]
PMY_84560.jpg,[233 240 234 ... 195 182 188]
PMY_845780.jpg,[236 218 155 ... 226 226 214]
PMY_847546.jpg,[231 233 236 ... 157 179 211]
PMY_848534.jpg,[227 237 238 ... 224 241 230]
PMY_848990.jpg,[181 183 190 ... 233 233 239]
PMY_849659.jpg,[221 239 239 ... 143  70  31]
PMY_849731.jpg,[212 211 211 ... 185 188 199]
PMY_85239.jpg,[232 226 225 ... 231 231 231]
PMY_853430.jpg,[234 234 234 ... 152 120  76]
PMY_858272.jpg,[223 233 235 ... 234 243 229]
PMY_858724.jpg,[203 210 209 ... 210 212 214]
PMY_859059.jpg,[228 244 239 ... 207 188 171]
PMY_860847.jpg,[156 179 169 ... 165 165 152]
PMY_863133.jpg,[229 227 229 ... 235 235 231]
PMY_864766.jpg,[232 231 233 ...  70  83 101]
PMY_865468.jpg,[237 236 239 ... 218 233 237]
PMY_867890.jpg,[187 167 138 ...  46  52  39]
PMY_872050.jpg,[ 98 117 152 ... 111  93  86]
PMY_872284.jpg,[237 231 229 ... 156 159 162]
PMY_873325.jpg,[201 159 124 ... 174 203 226]
PMY_874762.jpg,[237 237 231 ... 235 237 236]
PMY_875045.jpg,[235 223 236 ...  67 132 197]
PMY_875636.jpg,[234 242 239 ...  70  73  83]
PMY_87606.jpg,[233 234 235 ... 234 234 232]
PMY_880322.jpg,[238 230 240 ... 213 246 237]
PMY_880603.jpg,[183 111  57 ...  74  68  99]
PMY_881874.jpg,[182 155 173 ... 100  74  87]
PMY_884950.jpg,[233 233 233 ... 234 226 234]
PMY_889992.jpg,[198 199 199 ... 140 158 167]
PMY_89006.jpg,[235 233 229 ... 155 141 149]
PMY_891982.jpg,[232 236 232 ... 229 223 245]
PMY_894120.jpg,[237 236 236 ... 231 236 238]
PMY_895103.jpg,[228 235 239 ... 221 240 235]
PMY_898032.jpg,[234 234 234 ...  61  76  65]
PMY_89826.jpg,[173 166 180 ... 237 238 234]
PMY_898409.jpg,[238 232 233 ...  88  77 106]
PMY_89876.jpg,[114  55  64 ... 180 243 205]
PMY_901117.jpg,[118 119  88 ... 155  71  50]
PMY_902606.jpg,[230 238 236 ... 232 227 238]
PMY_902909.jpg,[156 159 162 ... 231 231 232]
PMY_903305.jpg,[105 106  86 ... 145 130  65]
PMY_903744.jpg,[234 234 234 ... 181 182 186]
PMY_905517.jpg,[235 235 235 ...  92  71  38]
PMY_905518.jpg,[229 232 237 ... 227 236 233]
PMY_906830.jpg,[233 233 232 ...  78 105 193]
PMY_908570.jpg,[ 57  68  80 ... 220 224 237]
PMY_910742.jpg,[43 67 84 ... 66 86 95]
PMY_910991.jpg,[174 113  49 ...  94 160 190]
PMY_911205.jpg,[ 87  69  81 ... 167 172 184]
PMY_915242.jpg,[235 231 227 ... 201 190 172]
PMY_915348.jpg,[204 213 217 ... 232 225 232]
PMY_915805.jpg,[155 156 157 ... 124  91  92]
PMY_916015.jpg,[232 233 234 ... 234 235 230]
PMY_918049.jpg,[196 146 106 ... 222 223 233]
PMY_918745.jpg,[142 150 158 ... 179 174 162]
PMY_921052.jpg,[172 176 201 ... 233 213 241]
PMY_923824.jpg,[148 141 129 ...  53 120 203]
PMY_924153.jpg,[ 45  75  39 ...  43  63 126]
PMY_924535.jpg,[235 233 236 ... 172 177 170]
PMY_927334.jpg,[120  82 117 ... 122 121  87]
PMY_930801.jpg,[ 94  88  91 ... 139 148 146]
PMY_934885.jpg,[199 188 181 ... 237 240 226]
PMY_936480.jpg,[234 243 237 ... 231 230 229]
PMY_937409.jpg,[159 162 163 ... 235 237 234]
PMY_938143.jpg,[ 60  64  60 ... 118 138 187]
PMY_938170.jpg,[220 202 191 ... 122  34  74]
PMY_938401.jpg,[229 232 231 ... 242 223 235]
PMY_940775.jpg,[160 162 165 ... 230 232 235]
PMY_941302.jpg,[230 235 216 ... 122 142 216]
PMY_946660.jpg,[150 128  93 ... 177 202 218]
PMY_949834.jpg,[236 230 230 ... 194 194 186]
PMY_951142.jpg,[237 222 246 ... 239 232 229]
PMY_951217.jpg,[231 232 233 ... 137  89  48]
PMY_95146.jpg,[236 232 239 ... 203 230 240]
PMY_955025.jpg,[232 232 232 ... 225 239 234]
PMY_956283.jpg,[171 177 180 ... 111 101 110]
PMY_956519.jpg,[243 230 231 ... 232 233 221]
PMY_958409.jpg,[231 231 231 ... 128 133 150]
PMY_958798.jpg,[233 233 233 ... 210 197 182]
PMY_962457.jpg,[233 239 231 ... 235 237 230]
PMY_965606.jpg,[232 232 232 ...  70  88  64]
PMY_972342.jpg,[234 218 215 ... 100 121 105]
PMY_973521.jpg,[145 146 122 ...  78 137 150]
PMY_974960.jpg,[ 70  82  55 ... 134 119 116]
PMY_976891.jpg,[213 247 241 ... 228 230 238]
PMY_977800.jpg,[207 164 122 ... 131 186 230]
PMY_980502.jpg,[179 176 173 ... 235 237 233]
PMY_982613.jpg,[157 160 152 ...  64  74  79]
PMY_984217.jpg,[ 54 108 159 ... 238 239 235]
PMY_985577.jpg,[235 227 225 ... 177 176 180]
PMY_985586.jpg,[226 233 235 ...  70  93 119]
PMY_986111.jpg,[167 164 166 ...  96 107 120]
PMY_988901.jpg,[ 98  98 165 ... 233 227 229]
PMY_989352.jpg,[170 201 229 ... 139 146 149]
PMY_991745.jpg,[160 148 149 ... 151 152 151]
PMY_993959.jpg,[149  99  77 ...  78  45  87]
PMY_996725.jpg,[116  56  42 ... 165 190 175]
