filename,image_data
BNE_100878.jpg,[233 233 232 ... 232 232 232]
BNE_101007.jpg,[232 231 230 ... 234 240 228]
BNE_101082.jpg,[224 226 227 ... 233 233 233]
BNE_101234.jpg,[232 231 234 ... 231 232 233]
BNE_102129.jpg,[235 235 234 ... 229 232 237]
BNE_102203.jpg,[233 233 233 ... 207 233 235]
BNE_102779.jpg,[231 227 231 ... 234 234 227]
BNE_102912.jpg,[227 232 214 ... 235 238 222]
BNE_103440.jpg,[235 229 225 ... 227 229 238]
BNE_104344.jpg,[103  92 105 ... 191 184 198]
BNE_105000.jpg,[233 233 233 ... 234 232 226]
BNE_105060.jpg,[165 158 154 ... 227 229 229]
BNE_105090.jpg,[161 175 170 ... 187 182 177]
BNE_105145.jpg,[221 223 226 ... 227 213 199]
BNE_105748.jpg,[231 231 230 ... 228 231 242]
BNE_106934.jpg,[233 233 233 ... 188 187 186]
BNE_107370.jpg,[235 222 232 ... 156 156 116]
BNE_108161.jpg,[173 181 196 ... 235 235 233]
BNE_108207.jpg,[231 233 233 ... 193 191 197]
BNE_109895.jpg,[234 232 234 ... 233 238 224]
BNE_111339.jpg,[236 232 229 ... 233 234 233]
BNE_111504.jpg,[182 183 183 ... 234 235 236]
BNE_112944.jpg,[233 233 234 ... 237 238 230]
BNE_112967.jpg,[234 233 232 ... 210 203 199]
BNE_113314.jpg,[235 228 229 ... 231 237 222]
BNE_113656.jpg,[233 233 233 ... 234 216 193]
BNE_114654.jpg,[186 154 137 ... 206 210 215]
BNE_115189.jpg,[234 236 235 ... 236 235 233]
BNE_115235.jpg,[235 232 231 ... 232 233 233]
BNE_115257.jpg,[179 189 205 ... 235 235 235]
BNE_115261.jpg,[174 166 164 ... 214 220 227]
BNE_118120.jpg,[234 234 234 ... 161 161 163]
BNE_118878.jpg,[235 234 233 ... 229 230 236]
BNE_119250.jpg,[193 185 178 ... 172 180 198]
BNE_120491.jpg,[233 233 233 ... 233 233 233]
BNE_120913.jpg,[239 231 232 ... 230 238 233]
BNE_120960.jpg,[228 232 235 ... 224 225 226]
BNE_121986.jpg,[211 227 239 ... 234 233 229]
BNE_122030.jpg,[194 193 191 ... 172 175 178]
BNE_12343.jpg,[200 221 236 ... 237 236 230]
BNE_12387.jpg,[184 188 193 ... 235 233 231]
BNE_12405.jpg,[236 224 230 ... 233 234 236]
BNE_124082.jpg,[157 156 160 ... 168 164 155]
BNE_124086.jpg,[234 236 236 ... 216 204 195]
BNE_125415.jpg,[199 208 220 ... 239 233 227]
BNE_125604.jpg,[234 233 233 ... 175 174 173]
BNE_125774.jpg,[182 183 183 ... 173 177 184]
BNE_125889.jpg,[236 230 234 ... 239 235 235]
BNE_126456.jpg,[192 186 183 ... 194 210 233]
BNE_126596.jpg,[233 233 233 ... 234 235 236]
BNE_127951.jpg,[235 235 235 ... 147 201 241]
BNE_128335.jpg,[238 236 230 ... 233 238 232]
BNE_12839.jpg,[235 233 234 ... 232 234 236]
BNE_128511.jpg,[210 218 226 ... 233 234 233]
BNE_128562.jpg,[233 233 233 ... 235 232 232]
BNE_129177.jpg,[235 233 231 ... 157 154 154]
BNE_129649.jpg,[172 170 175 ... 230 230 232]
BNE_129921.jpg,[235 234 233 ... 234 234 234]
BNE_131100.jpg,[236 235 236 ... 236 236 236]
BNE_131711.jpg,[233 230 227 ... 232 227 235]
BNE_131871.jpg,[213 232 237 ... 173 185 196]
BNE_133048.jpg,[234 234 234 ... 222 205 194]
BNE_133301.jpg,[237 238 236 ... 181 183 187]
BNE_133625.jpg,[238 237 235 ... 224 201 184]
BNE_134080.jpg,[230 231 232 ... 234 233 234]
BNE_135118.jpg,[230 235 237 ... 194 177 180]
BNE_135293.jpg,[232 231 229 ... 189 186 189]
BNE_135566.jpg,[228 215 212 ... 231 245 234]
BNE_135635.jpg,[234 236 235 ... 235 234 234]
BNE_136347.jpg,[182 185 188 ... 192 204 226]
BNE_136823.jpg,[233 233 233 ... 232 234 235]
BNE_137691.jpg,[234 230 226 ... 213 222 228]
BNE_138667.jpg,[237 236 233 ... 237 233 231]
BNE_139528.jpg,[216 225 229 ... 187 208 229]
BNE_139893.jpg,[149 155 173 ... 172 178 165]
BNE_139958.jpg,[228 237 241 ... 178 170 177]
BNE_140522.jpg,[232 233 233 ... 235 236 238]
BNE_141509.jpg,[232 232 232 ... 236 229 235]
BNE_141953.jpg,[238 237 236 ... 213 192 175]
BNE_142830.jpg,[234 234 234 ... 234 234 233]
BNE_143161.jpg,[233 233 233 ... 181 180 179]
BNE_143245.jpg,[235 235 235 ... 134 134 133]
BNE_144692.jpg,[233 233 233 ... 181 176 175]
BNE_145817.jpg,[180 182 184 ... 232 234 234]
BNE_145948.jpg,[239 231 229 ... 233 234 237]
BNE_146215.jpg,[233 233 233 ... 233 233 232]
BNE_146572.jpg,[236 236 236 ... 232 233 236]
BNE_147218.jpg,[170 173 175 ... 172 169 170]
BNE_147698.jpg,[188 186 186 ... 234 235 236]
BNE_147710.jpg,[233 235 236 ... 235 234 231]
BNE_147908.jpg,[227 226 226 ... 214 223 219]
BNE_148538.jpg,[181 182 182 ... 205 216 226]
BNE_148682.jpg,[184 183 186 ... 232 233 234]
BNE_149081.jpg,[235 218 205 ... 237 228 222]
BNE_14932.jpg,[234 233 232 ... 174 172 174]
BNE_150489.jpg,[234 234 234 ... 193 200 206]
BNE_150545.jpg,[228 228 229 ... 233 233 233]
BNE_151054.jpg,[230 235 234 ... 224 234 236]
BNE_152051.jpg,[235 231 228 ... 214 226 238]
BNE_153786.jpg,[233 232 231 ... 234 232 230]
BNE_154092.jpg,[235 236 237 ... 233 233 233]
BNE_155905.jpg,[238 236 234 ... 177 189 196]
BNE_156651.jpg,[186 185 188 ... 131 157 192]
BNE_157937.jpg,[233 234 237 ... 230 233 237]
BNE_158179.jpg,[166 161 160 ... 234 234 234]
BNE_158217.jpg,[229 235 237 ... 183 178 180]
BNE_158778.jpg,[233 233 233 ... 208 199 193]
BNE_159250.jpg,[233 233 233 ... 231 207 182]
BNE_159609.jpg,[234 234 237 ... 236 237 234]
BNE_160358.jpg,[179 181 184 ... 182 180 179]
BNE_160527.jpg,[230 231 232 ... 233 232 232]
BNE_16131.jpg,[198 195 190 ... 220 204 190]
BNE_162202.jpg,[161 162 162 ... 229 229 230]
BNE_162618.jpg,[233 231 230 ... 197 203 205]
BNE_162735.jpg,[233 232 231 ... 233 234 236]
BNE_162999.jpg,[176 188 203 ... 236 234 232]
BNE_163373.jpg,[220 226 233 ... 181 183 182]
BNE_163974.jpg,[232 232 232 ... 232 232 233]
BNE_164468.jpg,[232 232 233 ... 232 233 233]
BNE_164709.jpg,[236 234 234 ... 236 237 235]
BNE_164917.jpg,[232 235 236 ... 234 233 232]
BNE_168051.jpg,[236 233 233 ... 232 232 232]
BNE_168500.jpg,[239 238 236 ... 181 177 177]
BNE_168987.jpg,[227 234 238 ... 209 191 182]
BNE_169393.jpg,[233 233 233 ... 227 227 233]
BNE_170049.jpg,[182 194 204 ... 231 232 234]
BNE_170066.jpg,[183 187 188 ... 232 233 238]
BNE_17008.jpg,[212 209 209 ... 229 231 236]
BNE_172318.jpg,[214 210 215 ... 172 142  91]
BNE_172884.jpg,[174 174 173 ... 233 233 233]
BNE_172972.jpg,[133  93  76 ... 229 228 231]
BNE_173170.jpg,[171 173 183 ... 232 233 234]
BNE_173369.jpg,[245 234 237 ... 182 168 178]
BNE_173958.jpg,[239 234 229 ... 219 218 225]
BNE_174048.jpg,[231 231 231 ... 227 223 229]
BNE_174167.jpg,[185 183 179 ... 238 226 207]
BNE_174277.jpg,[235 234 232 ... 234 235 235]
BNE_174448.jpg,[232 232 232 ... 232 230 233]
BNE_175205.jpg,[230 230 231 ... 233 231 228]
BNE_175617.jpg,[231 234 234 ... 232 232 233]
BNE_175712.jpg,[233 233 233 ... 228 228 228]
BNE_175829.jpg,[234 234 234 ... 234 234 234]
BNE_178593.jpg,[199 212 205 ... 194 207 223]
BNE_179854.jpg,[160 173 160 ... 182 171 169]
BNE_179915.jpg,[184 185 185 ... 235 238 231]
BNE_179976.jpg,[217 220 232 ... 218 194 173]
BNE_179980.jpg,[234 232 230 ... 229 232 235]
BNE_180055.jpg,[233 233 233 ... 190 193 194]
BNE_180266.jpg,[235 231 228 ... 231 232 233]
BNE_180631.jpg,[202 195 185 ... 186 185 181]
BNE_181227.jpg,[145 152 156 ... 211 179 168]
BNE_181280.jpg,[233 234 235 ... 230 226 218]
BNE_181624.jpg,[232 233 233 ... 231 231 231]
BNE_181803.jpg,[192 195 209 ... 238 233 225]
BNE_182172.jpg,[238 233 235 ... 184 183 183]
BNE_1830.jpg,[234 236 234 ... 236 237 227]
BNE_184051.jpg,[234 234 234 ... 210 207 206]
BNE_184660.jpg,[234 238 238 ... 235 236 237]
BNE_184808.jpg,[224 229 228 ... 211 217 222]
BNE_185561.jpg,[230 230 237 ... 230 227 234]
BNE_186122.jpg,[230 230 230 ... 234 233 232]
BNE_186526.jpg,[177 176 179 ... 237 237 233]
BNE_186566.jpg,[184 187 191 ... 209 191 179]
BNE_186779.jpg,[137 144 150 ... 177 181 184]
BNE_187097.jpg,[227 228 230 ... 234 234 234]
BNE_187111.jpg,[236 233 232 ... 235 235 230]
BNE_187466.jpg,[232 232 235 ... 232 231 229]
BNE_188626.jpg,[172 176 175 ... 174 174 169]
BNE_189402.jpg,[233 232 231 ... 174 171 164]
BNE_189978.jpg,[225 223 236 ... 222 221 225]
BNE_190447.jpg,[233 237 237 ... 231 228 235]
BNE_191041.jpg,[234 234 234 ... 234 234 233]
BNE_191639.jpg,[234 235 236 ... 188 190 190]
BNE_191700.jpg,[231 234 239 ... 185 209 206]
BNE_191922.jpg,[227 233 235 ... 198 187 186]
BNE_193611.jpg,[235 237 236 ... 189 186 187]
BNE_194308.jpg,[229 226 230 ... 235 232 229]
BNE_195004.jpg,[231 234 235 ... 200 199 197]
BNE_196260.jpg,[228 227 217 ... 235 233 230]
BNE_196924.jpg,[234 234 234 ... 229 231 234]
BNE_197336.jpg,[170 172 188 ... 163 156 139]
BNE_197388.jpg,[233 230 217 ... 229 233 236]
BNE_197399.jpg,[233 233 233 ... 225 208 196]
BNE_199310.jpg,[232 232 232 ... 184 191 196]
BNE_200172.jpg,[235 233 231 ... 237 218 197]
BNE_200354.jpg,[229 234 236 ... 232 232 232]
BNE_2019.jpg,[230 236 233 ... 234 234 225]
BNE_202023.jpg,[233 234 235 ... 187 213 224]
BNE_203314.jpg,[227 244 224 ... 179 177 176]
BNE_204428.jpg,[228 224 209 ... 228 229 222]
BNE_204601.jpg,[233 233 232 ... 235 236 233]
BNE_204774.jpg,[169 175 175 ... 191 219 233]
BNE_206551.jpg,[173 181 190 ... 234 232 226]
BNE_207654.jpg,[164 161 166 ... 233 233 233]
BNE_207715.jpg,[228 233 237 ... 199 191 185]
BNE_207900.jpg,[184 186 199 ... 194 191 187]
BNE_208576.jpg,[231 231 231 ... 232 233 235]
BNE_208829.jpg,[165 187 191 ...  51  63 144]
BNE_208843.jpg,[187 187 193 ... 179 185 192]
BNE_209954.jpg,[175 191 210 ... 158 156 154]
BNE_210217.jpg,[239 236 232 ... 235 232 229]
BNE_210628.jpg,[237 221 207 ... 222 228 233]
BNE_210724.jpg,[242 227 187 ... 228 237 230]
BNE_210860.jpg,[197 215 233 ... 230 225 220]
BNE_211063.jpg,[226 227 229 ... 202 217 228]
BNE_21130.jpg,[225 223 220 ... 232 230 229]
BNE_211504.jpg,[231 234 236 ... 237 236 225]
BNE_212149.jpg,[231 233 233 ... 231 232 232]
BNE_212334.jpg,[232 236 230 ... 230 234 227]
BNE_212416.jpg,[219 227 236 ... 235 235 235]
BNE_213160.jpg,[230 236 233 ... 180 168 163]
BNE_213353.jpg,[200 209 202 ... 229 229 228]
BNE_214018.jpg,[236 232 229 ... 236 237 232]
BNE_215066.jpg,[233 234 235 ... 185 185 186]
BNE_215841.jpg,[237 232 232 ... 231 231 232]
BNE_217172.jpg,[234 233 232 ... 228 230 233]
BNE_218096.jpg,[230 230 230 ... 174 172 168]
BNE_218516.jpg,[234 234 234 ... 235 233 234]
BNE_218678.jpg,[153 162 177 ... 233 232 232]
BNE_220181.jpg,[194 210 214 ... 232 232 232]
BNE_221053.jpg,[235 234 234 ... 170 171 171]
BNE_221104.jpg,[236 230 227 ... 238 237 230]
BNE_222611.jpg,[234 235 235 ... 234 239 238]
BNE_222771.jpg,[210 210 203 ... 182 191 190]
BNE_2234.jpg,[236 235 233 ... 171 174 174]
BNE_223780.jpg,[213 224 233 ... 234 235 231]
BNE_224912.jpg,[194 197 198 ... 224 220 217]
BNE_22505.jpg,[221 221 217 ... 182 199 218]
BNE_225075.jpg,[211 211 218 ... 232 230 229]
BNE_225758.jpg,[198 199 202 ... 213 219 216]
BNE_225821.jpg,[238 234 235 ... 238 238 234]
BNE_226455.jpg,[235 235 235 ... 235 234 233]
BNE_227495.jpg,[207 218 227 ... 218 197 182]
BNE_228172.jpg,[232 233 224 ... 180 186 189]
BNE_228660.jpg,[237 233 231 ... 234 236 233]
BNE_229472.jpg,[213 204 187 ... 227 235 232]
BNE_229500.jpg,[184 199 218 ... 225 212 189]
BNE_229603.jpg,[230 234 235 ... 235 228 229]
BNE_229896.jpg,[234 221 192 ... 240 220 178]
BNE_230180.jpg,[231 233 234 ... 227 225 226]
BNE_230478.jpg,[171 172 174 ... 239 238 234]
BNE_231171.jpg,[232 232 232 ... 233 233 230]
BNE_233784.jpg,[233 234 235 ... 186 186 186]
BNE_233841.jpg,[235 234 234 ... 233 231 230]
BNE_233886.jpg,[217 207 198 ... 187 188 192]
BNE_235785.jpg,[227 230 232 ... 232 233 233]
BNE_238411.jpg,[191 187 196 ... 235 238 242]
BNE_239147.jpg,[234 232 230 ... 237 237 236]
BNE_239636.jpg,[236 234 233 ... 230 226 229]
BNE_239868.jpg,[234 234 234 ... 177 176 175]
BNE_24013.jpg,[233 233 233 ... 167 166 163]
BNE_240454.jpg,[233 232 230 ... 232 232 232]
BNE_240705.jpg,[235 235 227 ... 227 223 237]
BNE_241283.jpg,[232 232 232 ... 235 238 234]
BNE_241705.jpg,[169 173 172 ... 233 234 235]
BNE_242154.jpg,[233 234 234 ... 230 227 238]
BNE_242171.jpg,[233 233 228 ... 118 150 118]
BNE_242487.jpg,[172 172 172 ... 229 235 233]
BNE_24354.jpg,[233 234 235 ... 217 229 233]
BNE_243574.jpg,[236 233 236 ... 230 231 233]
BNE_243975.jpg,[195 189 185 ... 159 184 178]
BNE_244495.jpg,[233 233 231 ... 195 182 177]
BNE_245100.jpg,[155 153 149 ... 233 238 235]
BNE_245676.jpg,[236 231 231 ... 234 227 222]
BNE_245747.jpg,[235 233 233 ... 234 232 229]
BNE_246456.jpg,[232 233 234 ... 197 187 185]
BNE_247190.jpg,[232 231 230 ... 232 232 233]
BNE_247568.jpg,[229 231 234 ... 235 236 236]
BNE_248619.jpg,[196 190 190 ... 234 234 234]
BNE_248704.jpg,[233 234 236 ... 225 210 192]
BNE_248881.jpg,[234 234 233 ... 233 233 233]
BNE_249469.jpg,[227 229 232 ... 200 182 171]
BNE_2506.jpg,[226 230 234 ... 169 171 174]
BNE_252057.jpg,[233 231 230 ... 234 232 231]
BNE_252085.jpg,[219 218 198 ... 230 231 235]
BNE_252419.jpg,[233 235 236 ... 230 232 233]
BNE_252524.jpg,[168 170 173 ... 231 231 230]
BNE_253038.jpg,[ 40  98 123 ... 166 165 174]
BNE_253450.jpg,[236 233 237 ... 169 159 153]
BNE_253464.jpg,[236 226 236 ... 227 229 237]
BNE_254272.jpg,[233 232 232 ... 214 196 184]
BNE_256049.jpg,[233 233 232 ... 231 233 234]
BNE_256074.jpg,[233 233 233 ... 233 234 233]
BNE_256260.jpg,[233 233 233 ... 222 223 235]
BNE_256349.jpg,[193 195 199 ... 238 236 232]
BNE_25765.jpg,[211 178 164 ... 206 189 173]
BNE_259972.jpg,[228 235 241 ... 220 239 223]
BNE_260007.jpg,[230 232 232 ... 229 231 228]
BNE_260247.jpg,[165 157 137 ... 155 156 157]
BNE_26083.jpg,[234 234 234 ... 190 190 188]
BNE_261745.jpg,[232 240 241 ... 228 232 239]
BNE_263034.jpg,[231 235 233 ... 107 125 164]
BNE_263455.jpg,[168 192 216 ... 238 237 232]
BNE_264386.jpg,[229 231 233 ... 229 223 221]
BNE_265195.jpg,[165 160 156 ... 234 235 235]
BNE_266388.jpg,[230 233 233 ... 228 232 235]
BNE_267414.jpg,[237 240 240 ... 207 209 210]
BNE_267426.jpg,[235 234 234 ... 198 196 195]
BNE_268233.jpg,[234 234 233 ... 228 227 228]
BNE_269318.jpg,[233 234 234 ... 161 161 162]
BNE_269331.jpg,[232 233 219 ... 205 206 201]
BNE_269438.jpg,[234 234 234 ... 235 236 237]
BNE_269708.jpg,[212 194 202 ... 177 189 202]
BNE_269921.jpg,[230 235 232 ... 234 235 226]
BNE_270322.jpg,[234 235 235 ... 225 226 233]
BNE_270323.jpg,[209 199 191 ... 236 233 233]
BNE_270475.jpg,[231 231 232 ... 234 236 233]
BNE_271302.jpg,[231 233 234 ... 180 173 164]
BNE_271699.jpg,[164 153 160 ... 232 235 234]
BNE_271935.jpg,[234 233 233 ... 232 232 232]
BNE_272971.jpg,[238 230 233 ... 233 217 203]
BNE_273083.jpg,[230 230 231 ... 234 234 234]
BNE_273369.jpg,[233 233 233 ... 233 233 234]
BNE_273491.jpg,[215 203 205 ... 223 227 231]
BNE_273585.jpg,[238 236 234 ... 169 167 170]
BNE_275283.jpg,[231 233 233 ... 212 230 232]
BNE_275340.jpg,[177 195 217 ... 231 222 212]
BNE_275511.jpg,[227 237 236 ... 193 190 186]
BNE_276002.jpg,[179 189 205 ... 235 234 233]
BNE_276258.jpg,[235 235 235 ... 231 232 233]
BNE_276467.jpg,[192 207 224 ... 231 233 236]
BNE_276644.jpg,[215 218 222 ... 211 202 200]
BNE_277078.jpg,[237 234 232 ... 234 233 232]
BNE_277387.jpg,[235 236 234 ... 234 240 228]
BNE_277683.jpg,[172 173 173 ... 205 219 213]
BNE_277695.jpg,[189 188 190 ... 234 233 230]
BNE_277907.jpg,[234 234 234 ... 232 234 234]
BNE_277934.jpg,[233 233 233 ... 232 232 232]
BNE_277969.jpg,[180 194 213 ... 232 234 238]
BNE_278119.jpg,[235 236 242 ... 212 228 230]
BNE_278616.jpg,[192 213 231 ... 234 233 232]
BNE_27915.jpg,[234 234 234 ... 234 236 235]
BNE_279168.jpg,[232 232 228 ... 224 231 235]
BNE_279176.jpg,[236 236 235 ... 234 234 234]
BNE_279206.jpg,[235 235 235 ... 232 231 230]
BNE_279578.jpg,[200 207 209 ... 198 200 197]
BNE_280282.jpg,[230 230 232 ... 213 219 230]
BNE_280912.jpg,[197 195 192 ... 164 175 182]
BNE_2810.jpg,[206 215 227 ... 200 234 236]
BNE_281395.jpg,[233 233 233 ... 170 170 170]
BNE_282906.jpg,[220 220 241 ... 126 145 157]
BNE_283815.jpg,[234 232 231 ... 199 202 202]
BNE_284465.jpg,[234 234 234 ... 234 234 234]
BNE_28484.jpg,[210 214 220 ... 232 232 233]
BNE_285800.jpg,[229 230 231 ... 233 235 236]
BNE_286463.jpg,[234 235 234 ... 235 234 230]
BNE_286545.jpg,[148 148 148 ... 228 227 228]
BNE_286728.jpg,[220 200 186 ... 182 182 179]
BNE_287569.jpg,[236 237 237 ... 163 163 163]
BNE_287681.jpg,[238 240 229 ... 229 223 237]
BNE_287880.jpg,[171 165 164 ... 234 234 234]
BNE_288032.jpg,[236 235 235 ...  98 122 170]
BNE_288455.jpg,[200 203 192 ... 200 226 228]
BNE_288616.jpg,[234 234 234 ... 232 234 236]
BNE_289043.jpg,[225 222 224 ... 235 236 238]
BNE_289210.jpg,[227 234 237 ... 233 235 234]
BNE_289214.jpg,[229 234 238 ... 233 234 234]
BNE_289221.jpg,[232 233 233 ... 231 232 232]
BNE_289804.jpg,[179 200 218 ... 153 151 147]
BNE_289809.jpg,[236 230 228 ... 234 239 240]
BNE_290973.jpg,[237 236 234 ... 234 234 234]
BNE_291790.jpg,[233 233 233 ... 236 236 233]
BNE_29265.jpg,[228 229 232 ... 178 176 177]
BNE_294032.jpg,[233 233 233 ... 232 232 232]
BNE_295498.jpg,[227 229 231 ... 180 186 201]
BNE_295613.jpg,[202 202 192 ... 178 168 157]
BNE_295701.jpg,[235 233 233 ... 236 235 224]
BNE_295784.jpg,[201 212 226 ... 234 234 234]
BNE_296056.jpg,[168 180 198 ... 144 152 158]
BNE_29625.jpg,[229 231 233 ... 179 199 216]
BNE_296511.jpg,[210 203 198 ... 227 217 204]
BNE_296618.jpg,[234 232 231 ... 232 233 235]
BNE_296916.jpg,[234 232 231 ... 227 228 235]
BNE_297581.jpg,[231 237 240 ... 183 182 195]
BNE_297908.jpg,[184 190 195 ... 187 197 188]
BNE_29805.jpg,[234 232 229 ... 162 162 155]
BNE_300032.jpg,[240 231 229 ... 235 236 233]
BNE_300363.jpg,[237 237 237 ... 211 190 175]
BNE_30042.jpg,[238 235 233 ... 209 194 187]
BNE_301347.jpg,[231 233 232 ... 188 188 188]
BNE_30164.jpg,[232 233 233 ... 183 174 173]
BNE_301694.jpg,[234 233 234 ... 207 197 190]
BNE_302976.jpg,[241 230 227 ... 230 232 240]
BNE_303848.jpg,[236 233 231 ... 177 174 171]
BNE_305252.jpg,[227 229 231 ... 228 234 233]
BNE_305440.jpg,[233 233 233 ... 165 158 159]
BNE_305565.jpg,[169 170 171 ... 159 157 156]
BNE_305662.jpg,[211 218 229 ... 196 184 185]
BNE_306476.jpg,[233 233 233 ... 218 199 182]
BNE_307253.jpg,[233 235 235 ... 238 235 234]
BNE_307391.jpg,[230 232 228 ... 229 235 223]
BNE_307540.jpg,[207 225 236 ... 165 165 166]
BNE_307591.jpg,[228 233 239 ... 231 218 206]
BNE_30848.jpg,[234 234 234 ... 235 238 232]
BNE_309023.jpg,[173 186 202 ... 232 230 229]
BNE_309082.jpg,[176 178 176 ... 235 234 233]
BNE_309263.jpg,[233 233 234 ... 231 233 236]
BNE_309326.jpg,[230 230 230 ... 233 231 234]
BNE_309792.jpg,[170 174 176 ... 191 190 187]
BNE_30987.jpg,[234 234 233 ... 187 194 193]
BNE_310148.jpg,[198 189 201 ... 222 225 226]
BNE_310407.jpg,[175 169 167 ... 175 175 175]
BNE_31047.jpg,[233 233 233 ... 221 208 199]
BNE_31049.jpg,[234 234 234 ... 175 177 180]
BNE_311194.jpg,[173 177 176 ... 234 239 221]
BNE_311426.jpg,[185 181 177 ... 213 209 207]
BNE_312496.jpg,[231 232 233 ... 127 141 165]
BNE_313131.jpg,[189 187 186 ... 237 235 227]
BNE_314110.jpg,[243 233 230 ... 233 234 236]
BNE_314545.jpg,[240 237 231 ... 227 230 231]
BNE_315095.jpg,[232 231 233 ... 159 156 157]
BNE_315212.jpg,[227 230 235 ... 188 180 191]
BNE_315281.jpg,[234 234 234 ... 231 231 231]
BNE_315742.jpg,[232 231 231 ... 210 196 190]
BNE_315947.jpg,[232 232 232 ... 161 163 165]
BNE_316390.jpg,[201 210 215 ... 210 204 208]
BNE_316618.jpg,[235 234 233 ... 235 234 234]
BNE_316679.jpg,[177 177 176 ... 235 228 234]
BNE_316816.jpg,[218 231 239 ... 236 218 194]
BNE_31736.jpg,[233 233 233 ... 231 234 234]
BNE_317666.jpg,[182 184 187 ... 232 232 233]
BNE_318645.jpg,[230 231 231 ... 221 217 215]
BNE_319497.jpg,[193 166 186 ... 191 189 176]
BNE_320077.jpg,[236 236 236 ... 169 166 166]
BNE_320789.jpg,[231 219 205 ... 232 232 232]
BNE_321865.jpg,[235 235 235 ... 235 235 232]
BNE_322820.jpg,[227 233 236 ... 237 225 210]
BNE_32331.jpg,[180 178 179 ... 232 232 233]
BNE_323493.jpg,[168 173 177 ... 233 236 237]
BNE_323827.jpg,[236 234 232 ... 187 186 187]
BNE_324608.jpg,[233 243 226 ... 222 193 178]
BNE_326426.jpg,[231 228 224 ... 187 187 182]
BNE_326739.jpg,[235 236 236 ... 233 233 233]
BNE_328474.jpg,[234 234 234 ... 235 222 202]
BNE_328699.jpg,[184 210 231 ... 168 169 174]
BNE_329880.jpg,[235 236 235 ... 217 216 216]
BNE_330256.jpg,[236 233 233 ... 194 182 173]
BNE_330959.jpg,[234 233 232 ... 177 180 184]
BNE_331198.jpg,[237 235 236 ... 234 234 234]
BNE_331262.jpg,[229 234 238 ... 234 236 232]
BNE_331697.jpg,[238 229 229 ... 231 229 240]
BNE_331752.jpg,[234 234 234 ... 234 234 231]
BNE_332400.jpg,[194 205 219 ... 207 205 204]
BNE_332485.jpg,[233 232 232 ... 223 205 187]
BNE_33332.jpg,[228 235 237 ... 230 232 234]
BNE_333349.jpg,[228 228 229 ... 226 235 237]
BNE_333793.jpg,[234 244 226 ... 109 128 169]
BNE_334257.jpg,[234 234 234 ... 231 232 233]
BNE_335505.jpg,[235 235 235 ... 235 235 235]
BNE_335860.jpg,[234 232 231 ... 232 232 233]
BNE_336245.jpg,[233 233 233 ... 181 180 183]
BNE_337968.jpg,[226 238 241 ... 236 235 233]
BNE_338079.jpg,[233 233 233 ... 231 235 235]
BNE_338195.jpg,[232 232 232 ... 233 235 233]
BNE_338773.jpg,[195 228 229 ... 170 167 167]
BNE_338982.jpg,[235 237 237 ... 232 227 235]
BNE_340421.jpg,[239 234 233 ... 232 232 233]
BNE_34065.jpg,[228 234 236 ... 195 215 233]
BNE_340725.jpg,[235 231 236 ... 230 231 232]
BNE_340751.jpg,[233 233 233 ... 222 216 232]
BNE_341487.jpg,[223 213 200 ... 229 226 236]
BNE_341561.jpg,[175 175 174 ... 231 233 235]
BNE_341589.jpg,[219 213 222 ... 227 228 217]
BNE_341802.jpg,[147 167 152 ... 174 172 155]
BNE_342062.jpg,[227 231 232 ... 174 167 159]
BNE_342517.jpg,[237 231 233 ... 232 229 229]
BNE_342806.jpg,[169 177 170 ... 216 208 202]
BNE_342978.jpg,[232 233 233 ... 219 208 201]
BNE_34307.jpg,[232 229 231 ... 229 229 231]
BNE_343542.jpg,[236 234 232 ... 233 231 231]
BNE_343646.jpg,[234 232 230 ... 181 183 189]
BNE_343960.jpg,[237 235 233 ... 236 235 231]
BNE_344695.jpg,[233 233 235 ... 222 234 227]
BNE_344758.jpg,[235 234 234 ... 233 230 240]
BNE_344852.jpg,[234 234 234 ... 189 186 184]
BNE_345170.jpg,[234 234 234 ... 234 234 234]
BNE_345442.jpg,[235 238 236 ... 102 120 140]
BNE_345668.jpg,[236 236 236 ... 233 234 234]
BNE_345873.jpg,[230 230 230 ... 232 232 232]
BNE_346149.jpg,[236 236 236 ... 206 192 186]
BNE_347146.jpg,[236 233 231 ... 234 227 220]
BNE_347275.jpg,[236 233 230 ... 212 221 228]
BNE_34735.jpg,[233 233 233 ... 196 204 210]
BNE_347448.jpg,[233 235 237 ... 188 185 187]
BNE_347724.jpg,[191 202 219 ... 192 186 179]
BNE_347850.jpg,[228 232 232 ... 226 226 233]
BNE_348065.jpg,[208 215 224 ... 234 235 237]
BNE_34911.jpg,[232 232 233 ... 200 200 201]
BNE_349232.jpg,[234 233 233 ... 231 228 235]
BNE_349340.jpg,[183 190 200 ... 208 208 211]
BNE_350976.jpg,[208 181 166 ... 233 234 232]
BNE_351029.jpg,[170 166 165 ... 172 174 181]
BNE_351123.jpg,[206 203 194 ...  43 138 186]
BNE_352014.jpg,[233 233 233 ... 232 232 232]
BNE_352317.jpg,[232 232 232 ...  50  99 153]
BNE_353118.jpg,[169 176 177 ... 234 234 238]
BNE_354400.jpg,[237 235 231 ... 226 231 239]
BNE_355910.jpg,[233 233 233 ... 230 225 221]
BNE_356501.jpg,[235 234 233 ... 233 237 232]
BNE_357057.jpg,[232 229 231 ... 172 171 169]
BNE_357413.jpg,[185 183 184 ... 177 177 180]
BNE_357822.jpg,[240 236 234 ... 233 232 229]
BNE_357957.jpg,[232 232 233 ... 227 231 237]
BNE_358190.jpg,[237 231 226 ... 238 237 235]
BNE_358306.jpg,[235 233 232 ... 184 206 227]
BNE_35858.jpg,[228 232 236 ... 206 196 192]
BNE_358715.jpg,[232 236 235 ... 228 230 227]
BNE_358773.jpg,[235 235 235 ... 228 235 234]
BNE_359949.jpg,[234 234 234 ... 183 184 184]
BNE_360050.jpg,[232 231 231 ... 184 202 217]
BNE_360309.jpg,[230 230 229 ... 235 236 233]
BNE_360932.jpg,[231 233 235 ... 233 233 233]
BNE_362479.jpg,[234 234 234 ... 238 238 228]
BNE_362920.jpg,[234 234 234 ... 188 194 188]
BNE_363611.jpg,[235 234 234 ... 217 195 175]
BNE_363984.jpg,[234 234 234 ... 183 180 183]
BNE_364260.jpg,[184 213 235 ... 233 240 235]
BNE_365280.jpg,[200 221 235 ... 182 174 171]
BNE_365484.jpg,[236 235 234 ... 219 205 192]
BNE_366650.jpg,[233 232 234 ... 236 227 221]
BNE_366749.jpg,[188 193 195 ... 224 212 203]
BNE_366885.jpg,[222 219 226 ... 187 186 204]
BNE_367351.jpg,[232 232 232 ... 173 177 183]
BNE_367547.jpg,[202 216 227 ... 231 224 218]
BNE_368574.jpg,[230 237 236 ... 229 230 232]
BNE_369028.jpg,[203 227 222 ... 237 231 237]
BNE_369467.jpg,[231 237 233 ... 217 207 196]
BNE_369954.jpg,[160 159 158 ... 233 235 228]
BNE_370832.jpg,[168 178 178 ... 189 181 175]
BNE_371594.jpg,[240 236 233 ... 226 226 227]
BNE_371756.jpg,[234 234 234 ... 188 174 172]
BNE_371863.jpg,[235 237 237 ... 237 235 234]
BNE_372073.jpg,[166 163 171 ... 233 214 189]
BNE_372754.jpg,[236 228 223 ... 234 234 234]
BNE_372859.jpg,[233 231 231 ... 231 230 230]
BNE_373543.jpg,[232 233 233 ... 171 206 216]
BNE_373678.jpg,[231 237 237 ... 182 179 171]
BNE_374054.jpg,[174 163 177 ... 231 229 237]
BNE_37422.jpg,[232 233 236 ... 234 233 234]
BNE_374932.jpg,[172 159 153 ... 234 234 233]
BNE_375120.jpg,[232 233 234 ... 229 239 231]
BNE_37587.jpg,[236 238 237 ... 165 163 167]
BNE_376075.jpg,[234 228 226 ... 194 225 234]
BNE_376738.jpg,[233 234 236 ... 229 231 237]
BNE_37691.jpg,[234 238 230 ... 232 234 234]
BNE_377635.jpg,[234 235 237 ... 223 205 189]
BNE_377686.jpg,[229 233 234 ... 233 232 233]
BNE_377951.jpg,[231 231 229 ... 234 235 231]
BNE_378779.jpg,[237 232 235 ... 231 231 243]
BNE_378921.jpg,[230 232 232 ... 228 227 230]
BNE_379425.jpg,[228 239 237 ... 234 232 224]
BNE_379446.jpg,[234 234 234 ... 230 239 231]
BNE_380086.jpg,[213 209 212 ... 135 151 170]
BNE_380348.jpg,[185 198 211 ... 229 229 229]
BNE_380387.jpg,[233 233 233 ... 232 232 232]
BNE_380493.jpg,[164 169 174 ... 174 175 182]
BNE_380800.jpg,[237 231 230 ... 238 237 229]
BNE_38106.jpg,[153 155 160 ... 222 218 222]
BNE_381862.jpg,[233 230 230 ... 234 233 229]
BNE_382771.jpg,[233 236 236 ... 221 203 182]
BNE_38320.jpg,[232 235 235 ... 231 233 240]
BNE_384062.jpg,[229 232 235 ... 235 227 235]
BNE_384068.jpg,[193 204 206 ... 185 188 190]
BNE_384128.jpg,[234 235 236 ... 173 173 174]
BNE_384203.jpg,[236 236 236 ... 232 228 234]
BNE_384920.jpg,[229 230 231 ... 227 228 229]
BNE_385402.jpg,[208 208 211 ... 238 238 235]
BNE_385586.jpg,[234 234 235 ... 182 180 182]
BNE_386017.jpg,[236 232 228 ... 231 233 234]
BNE_387944.jpg,[233 233 234 ... 233 233 233]
BNE_387976.jpg,[234 234 234 ... 239 234 230]
BNE_388799.jpg,[188 185 188 ... 234 232 234]
BNE_388894.jpg,[171 172 179 ... 219 230 234]
BNE_388940.jpg,[236 235 235 ... 237 239 231]
BNE_38919.jpg,[226 232 236 ... 226 209 192]
BNE_389215.jpg,[229 230 231 ... 214 221 217]
BNE_389385.jpg,[158 164 169 ... 232 232 232]
BNE_389738.jpg,[232 232 232 ... 231 232 232]
BNE_389826.jpg,[182 194 215 ... 236 236 233]
BNE_390179.jpg,[231 232 234 ... 230 223 227]
BNE_390185.jpg,[238 235 232 ... 238 237 231]
BNE_390232.jpg,[163 170 176 ... 234 233 231]
BNE_390698.jpg,[188 190 191 ... 232 236 236]
BNE_39101.jpg,[233 233 233 ... 232 232 232]
BNE_391140.jpg,[231 230 229 ... 235 235 235]
BNE_392730.jpg,[234 234 234 ... 184 148 147]
BNE_393818.jpg,[159 159 169 ... 231 232 229]
BNE_393835.jpg,[233 233 233 ... 234 234 234]
BNE_394928.jpg,[221 229 223 ... 160 160 160]
BNE_395939.jpg,[234 234 234 ... 231 230 216]
BNE_396823.jpg,[231 232 233 ... 231 232 234]
BNE_396832.jpg,[162 157 162 ... 232 232 233]
BNE_396853.jpg,[234 234 234 ... 183 180 187]
BNE_397228.jpg,[235 234 232 ... 238 231 228]
BNE_39767.jpg,[184 212 236 ... 232 232 232]
BNE_398566.jpg,[231 234 234 ... 235 232 231]
BNE_39950.jpg,[231 232 233 ... 193 184 180]
BNE_399544.jpg,[234 234 234 ... 166 166 165]
BNE_399554.jpg,[231 234 234 ... 216 209 201]
BNE_400045.jpg,[185 185 190 ... 235 237 236]
BNE_400703.jpg,[234 233 233 ... 232 237 234]
BNE_401488.jpg,[169 166 160 ... 233 233 232]
BNE_402878.jpg,[210 192 173 ... 133 160 203]
BNE_403012.jpg,[234 234 234 ... 230 233 235]
BNE_404601.jpg,[238 232 231 ... 234 233 233]
BNE_404873.jpg,[206 210 216 ... 226 227 234]
BNE_408177.jpg,[234 234 234 ... 234 236 237]
BNE_408431.jpg,[235 239 238 ... 222 206 197]
BNE_40894.jpg,[236 234 232 ... 197 183 176]
BNE_409791.jpg,[232 235 236 ... 189 185 184]
BNE_409857.jpg,[232 232 235 ... 187 194 181]
BNE_411384.jpg,[234 234 234 ... 230 233 240]
BNE_411518.jpg,[207 203 196 ... 240 236 215]
BNE_412555.jpg,[234 234 234 ... 234 234 234]
BNE_412858.jpg,[190 185 182 ... 228 238 235]
BNE_414406.jpg,[233 236 238 ... 234 233 229]
BNE_415268.jpg,[237 231 230 ... 202 188 176]
BNE_415445.jpg,[224 222 219 ... 231 231 229]
BNE_415744.jpg,[228 231 235 ... 226 212 197]
BNE_416205.jpg,[226 247 236 ... 235 236 234]
BNE_417307.jpg,[195 192 201 ... 177 168 166]
BNE_417662.jpg,[167 164 161 ... 224 233 236]
BNE_417877.jpg,[212 217 223 ... 199 208 216]
BNE_41833.jpg,[232 231 232 ... 203 186 174]
BNE_41840.jpg,[181 186 198 ... 206 203 197]
BNE_418719.jpg,[231 233 235 ... 226 233 228]
BNE_419128.jpg,[238 230 229 ... 219 216 223]
BNE_420527.jpg,[234 233 231 ... 224 226 228]
BNE_420956.jpg,[233 233 233 ... 237 235 228]
BNE_422954.jpg,[231 232 234 ... 231 231 230]
BNE_423704.jpg,[233 239 235 ... 236 232 213]
BNE_423757.jpg,[233 233 233 ... 156 186 201]
BNE_423805.jpg,[233 229 224 ... 169 172 174]
BNE_423834.jpg,[165 158 155 ... 231 231 232]
BNE_424457.jpg,[234 234 234 ... 167 162 174]
BNE_424919.jpg,[216 222 230 ... 238 243 232]
BNE_425475.jpg,[186 200 215 ... 215 190 167]
BNE_426408.jpg,[239 236 233 ... 237 235 231]
BNE_426453.jpg,[233 233 233 ... 233 234 235]
BNE_426969.jpg,[226 225 225 ... 234 233 231]
BNE_427204.jpg,[234 233 233 ... 189 206 222]
BNE_427592.jpg,[179 209 234 ... 190 183 185]
BNE_42789.jpg,[179 175 169 ... 233 233 233]
BNE_428219.jpg,[184 182 189 ... 233 233 233]
BNE_430604.jpg,[234 234 234 ... 220 213 207]
BNE_431488.jpg,[234 234 234 ... 231 231 235]
BNE_432647.jpg,[228 228 228 ... 231 231 228]
BNE_433423.jpg,[171 176 182 ... 227 225 223]
BNE_434568.jpg,[233 233 233 ... 231 231 231]
BNE_435236.jpg,[235 228 234 ... 225 238 247]
BNE_436110.jpg,[193 200 212 ... 230 231 232]
BNE_436213.jpg,[231 236 238 ... 182 178 175]
BNE_436393.jpg,[217 210 208 ... 219 210 219]
BNE_436569.jpg,[238 234 236 ... 233 228 213]
BNE_436813.jpg,[231 236 238 ... 177 169 179]
BNE_436871.jpg,[172 179 186 ... 233 232 230]
BNE_437992.jpg,[230 232 231 ... 224 227 230]
BNE_438120.jpg,[237 236 236 ... 230 232 235]
BNE_438239.jpg,[174 173 172 ... 231 231 236]
BNE_438674.jpg,[234 234 234 ... 184 191 201]
BNE_438952.jpg,[234 234 234 ... 194 193 191]
BNE_439737.jpg,[234 232 230 ... 237 235 230]
BNE_441101.jpg,[239 228 234 ... 208 177 146]
BNE_44167.jpg,[191 210 226 ... 227 210 188]
BNE_442322.jpg,[232 234 236 ... 236 234 231]
BNE_44328.jpg,[239 230 228 ... 232 228 236]
BNE_443350.jpg,[178 179 192 ... 234 234 235]
BNE_443921.jpg,[229 230 243 ... 210 234 229]
BNE_444300.jpg,[234 233 231 ... 233 233 232]
BNE_445224.jpg,[232 235 235 ... 228 230 229]
BNE_446320.jpg,[233 233 235 ... 233 232 231]
BNE_446959.jpg,[233 234 234 ... 232 230 229]
BNE_447437.jpg,[234 228 226 ... 184 188 194]
BNE_447939.jpg,[233 233 233 ... 167 161 160]
BNE_448104.jpg,[234 234 234 ... 234 234 234]
BNE_44826.jpg,[184 207 231 ... 235 239 231]
BNE_448273.jpg,[228 227 224 ... 232 233 233]
BNE_44875.jpg,[232 232 232 ... 147 172 203]
BNE_448776.jpg,[234 234 234 ... 234 234 234]
BNE_449730.jpg,[232 232 232 ... 232 232 232]
BNE_449915.jpg,[187 191 194 ... 230 231 233]
BNE_450464.jpg,[186 204 223 ... 232 233 233]
BNE_451701.jpg,[235 234 233 ... 232 232 231]
BNE_451729.jpg,[178 175 172 ... 181 191 199]
BNE_453088.jpg,[237 235 233 ... 233 233 233]
BNE_454089.jpg,[209 224 237 ... 232 233 233]
BNE_454943.jpg,[165 143 134 ... 154 189 219]
BNE_455080.jpg,[231 235 235 ... 230 226 220]
BNE_4555.jpg,[237 233 233 ... 236 233 231]
BNE_455636.jpg,[232 232 233 ... 233 233 233]
BNE_45575.jpg,[200 204 216 ... 233 233 234]
BNE_456543.jpg,[237 237 236 ... 147 152 157]
BNE_45687.jpg,[234 234 234 ... 187 188 188]
BNE_45719.jpg,[195 221 237 ... 235 234 234]
BNE_45721.jpg,[230 231 230 ... 236 235 230]
BNE_458029.jpg,[203 200 197 ... 177 188 172]
BNE_459066.jpg,[237 235 232 ... 231 232 234]
BNE_459390.jpg,[232 229 231 ... 232 232 227]
BNE_460072.jpg,[235 235 235 ... 234 234 234]
BNE_46088.jpg,[219 204 189 ... 173 169 160]
BNE_461129.jpg,[236 229 232 ... 172 169 164]
BNE_461200.jpg,[219 218 231 ... 169 169 175]
BNE_461221.jpg,[236 230 229 ... 187 207 222]
BNE_462102.jpg,[194 218 235 ... 240 236 200]
BNE_46272.jpg,[172 186 215 ... 233 232 234]
BNE_462747.jpg,[233 234 235 ... 224 218 218]
BNE_462949.jpg,[203 216 228 ... 233 232 230]
BNE_464149.jpg,[234 238 234 ... 210 220 230]
BNE_464803.jpg,[176 174 183 ... 178 177 180]
BNE_464962.jpg,[208 210 223 ... 239 239 229]
BNE_464974.jpg,[228 227 228 ... 233 234 234]
BNE_46642.jpg,[230 230 232 ... 232 232 234]
BNE_466488.jpg,[194 214 234 ... 235 236 239]
BNE_466790.jpg,[174 172 169 ... 173 191 186]
BNE_467346.jpg,[237 232 232 ... 229 232 235]
BNE_468574.jpg,[239 233 229 ... 229 224 219]
BNE_468833.jpg,[227 228 228 ... 171 185 207]
BNE_470906.jpg,[233 235 235 ... 182 182 188]
BNE_471421.jpg,[235 235 235 ... 236 236 233]
BNE_471627.jpg,[219 225 234 ... 231 231 232]
BNE_472143.jpg,[232 233 234 ... 235 235 231]
BNE_472201.jpg,[226 228 229 ... 194 186 193]
BNE_473596.jpg,[233 234 234 ... 230 230 230]
BNE_473636.jpg,[232 237 233 ... 223 209 197]
BNE_47425.jpg,[235 235 235 ... 236 236 235]
BNE_475803.jpg,[170 185 207 ... 171 166 166]
BNE_476007.jpg,[205 214 225 ... 204 194 192]
BNE_47650.jpg,[232 231 232 ... 234 235 235]
BNE_477145.jpg,[234 234 233 ... 214 223 239]
BNE_477641.jpg,[232 233 235 ... 234 235 235]
BNE_480263.jpg,[234 235 235 ... 235 236 234]
BNE_480371.jpg,[224 229 236 ... 209 222 226]
BNE_480776.jpg,[198 196 201 ... 230 232 233]
BNE_480971.jpg,[194 192 190 ... 234 234 233]
BNE_481801.jpg,[176 175 177 ... 208 203 201]
BNE_481879.jpg,[236 239 237 ... 234 235 232]
BNE_482975.jpg,[236 234 232 ... 232 230 228]
BNE_48402.jpg,[233 233 233 ... 190 194 196]
BNE_484057.jpg,[241 232 230 ... 228 231 234]
BNE_485377.jpg,[233 234 235 ... 178 178 180]
BNE_487299.jpg,[235 234 234 ... 236 228 232]
BNE_489079.jpg,[232 233 234 ... 216 224 231]
BNE_489159.jpg,[198 201 203 ... 233 229 222]
BNE_489220.jpg,[180 190 208 ... 233 233 236]
BNE_489422.jpg,[232 239 238 ... 220 224 229]
BNE_489467.jpg,[240 235 232 ... 216 221 222]
BNE_489658.jpg,[236 235 234 ... 236 222 204]
BNE_489792.jpg,[235 235 235 ... 187 184 184]
BNE_490548.jpg,[236 235 232 ... 236 233 227]
BNE_491118.jpg,[234 234 234 ... 230 229 227]
BNE_491493.jpg,[231 232 233 ... 212 203 199]
BNE_493832.jpg,[150 156 159 ... 230 228 227]
BNE_494338.jpg,[217 212 208 ... 233 239 233]
BNE_494447.jpg,[234 232 230 ... 234 235 232]
BNE_494612.jpg,[207 216 227 ... 233 233 233]
BNE_494996.jpg,[233 233 233 ... 233 233 232]
BNE_495409.jpg,[203 184 198 ... 200 194 188]
BNE_495871.jpg,[228 233 236 ... 233 233 233]
BNE_495973.jpg,[233 234 234 ... 231 234 239]
BNE_496119.jpg,[130  65  32 ... 176 188 205]
BNE_496407.jpg,[235 236 235 ... 232 231 234]
BNE_496691.jpg,[236 233 231 ... 171 169 173]
BNE_498494.jpg,[230 231 231 ... 229 204 177]
BNE_49911.jpg,[235 234 233 ... 205 196 195]
BNE_499158.jpg,[234 236 236 ... 233 234 233]
BNE_499517.jpg,[231 235 236 ... 182 178 176]
BNE_499604.jpg,[233 233 233 ... 171 172 175]
BNE_500981.jpg,[227 242 226 ... 225 232 232]
BNE_501437.jpg,[234 233 233 ... 204 230 227]
BNE_50191.jpg,[209 226 232 ... 175 204 225]
BNE_502039.jpg,[234 234 234 ... 232 235 229]
BNE_502095.jpg,[186 207 195 ... 231 238 233]
BNE_502987.jpg,[215 224 225 ... 233 230 230]
BNE_503739.jpg,[170 179 200 ... 235 235 231]
BNE_504244.jpg,[233 227 229 ... 235 235 235]
BNE_506191.jpg,[174 176 180 ... 232 231 231]
BNE_506744.jpg,[234 233 233 ... 233 234 234]
BNE_508303.jpg,[235 237 239 ... 232 214 184]
BNE_509219.jpg,[187 207 228 ... 229 216 201]
BNE_509596.jpg,[231 232 231 ... 235 236 236]
BNE_509829.jpg,[236 232 232 ... 226 229 240]
BNE_510336.jpg,[185 184 181 ... 163 161 165]
BNE_51150.jpg,[233 229 226 ... 230 232 234]
BNE_51248.jpg,[178 180 191 ... 223 232 236]
BNE_512963.jpg,[234 234 234 ... 234 234 234]
BNE_513021.jpg,[232 232 232 ... 229 215 198]
BNE_514118.jpg,[234 234 234 ... 154 154 158]
BNE_514231.jpg,[232 231 231 ... 162 159 161]
BNE_515288.jpg,[235 235 235 ... 232 233 236]
BNE_515542.jpg,[234 235 237 ... 236 236 236]
BNE_516401.jpg,[239 234 238 ... 236 237 231]
BNE_517212.jpg,[233 232 237 ... 233 231 225]
BNE_517514.jpg,[197 210 223 ... 235 227 231]
BNE_518814.jpg,[233 233 233 ... 217 215 213]
BNE_519229.jpg,[181 187 202 ... 188 190 186]
BNE_519373.jpg,[209 191 190 ... 136 181 179]
BNE_51939.jpg,[234 234 233 ... 237 233 228]
BNE_519960.jpg,[237 236 234 ... 235 233 230]
BNE_519989.jpg,[232 235 235 ... 232 241 236]
BNE_520014.jpg,[176 181 191 ... 236 237 234]
BNE_520896.jpg,[233 231 229 ... 234 234 234]
BNE_522120.jpg,[233 236 234 ... 214 220 219]
BNE_522125.jpg,[193 198 194 ... 190 206 212]
BNE_522327.jpg,[163 160 156 ... 235 230 227]
BNE_523259.jpg,[220 219 204 ... 225 224 236]
BNE_524065.jpg,[237 224 234 ... 200 230 236]
BNE_524418.jpg,[229 233 230 ... 235 233 231]
BNE_524918.jpg,[232 231 230 ... 175 219 220]
BNE_524998.jpg,[233 231 230 ... 231 231 233]
BNE_525705.jpg,[159 167 169 ... 229 230 230]
BNE_525989.jpg,[232 232 232 ... 232 232 232]
BNE_526012.jpg,[181 176 174 ... 230 223 205]
BNE_528434.jpg,[235 235 235 ... 234 234 232]
BNE_5294.jpg,[235 232 230 ... 181 218 227]
BNE_529971.jpg,[234 234 234 ... 234 234 234]
BNE_5311.jpg,[234 234 234 ... 234 235 235]
BNE_531726.jpg,[234 234 234 ... 232 231 234]
BNE_532125.jpg,[170 195 223 ... 234 234 234]
BNE_532595.jpg,[235 230 233 ... 234 237 236]
BNE_533920.jpg,[223 195 182 ... 175 179 196]
BNE_53394.jpg,[234 232 235 ... 231 237 234]
BNE_53428.jpg,[235 235 234 ... 233 233 233]
BNE_536163.jpg,[235 235 234 ... 232 233 232]
BNE_536937.jpg,[164 170 176 ... 228 222 206]
BNE_538408.jpg,[232 230 229 ... 190 215 239]
BNE_53927.jpg,[191 194 199 ... 237 234 238]
BNE_53949.jpg,[237 236 234 ... 233 233 236]
BNE_54028.jpg,[231 236 237 ... 233 233 233]
BNE_540699.jpg,[232 232 233 ... 178 183 182]
BNE_540909.jpg,[160 179 207 ... 162 161 165]
BNE_542957.jpg,[179 178 191 ... 216 230 230]
BNE_543730.jpg,[164 163 163 ... 193 188 180]
BNE_544250.jpg,[158 173 204 ... 234 229 238]
BNE_54463.jpg,[234 234 234 ... 182 179 179]
BNE_544854.jpg,[170 173 175 ... 153 128 159]
BNE_545123.jpg,[233 233 233 ... 232 232 232]
BNE_545407.jpg,[233 235 230 ... 235 236 235]
BNE_546147.jpg,[179 176 172 ... 234 234 234]
BNE_546662.jpg,[201 202 193 ... 237 239 224]
BNE_546901.jpg,[233 236 234 ... 233 232 232]
BNE_547029.jpg,[161 166 169 ... 236 241 231]
BNE_548143.jpg,[174 176 175 ... 199 203 223]
BNE_548152.jpg,[234 234 233 ... 230 233 242]
BNE_549155.jpg,[232 231 230 ... 232 232 233]
BNE_550549.jpg,[234 234 234 ... 232 235 236]
BNE_553117.jpg,[234 234 234 ... 236 232 227]
BNE_554100.jpg,[232 232 230 ... 226 228 230]
BNE_554123.jpg,[233 230 244 ... 234 236 228]
BNE_554509.jpg,[173 174 175 ... 237 226 201]
BNE_554685.jpg,[205 205 202 ... 188 205 206]
BNE_555286.jpg,[233 233 233 ... 226 229 230]
BNE_556078.jpg,[233 233 233 ... 196 200 203]
BNE_556085.jpg,[242 236 228 ... 219 220 223]
BNE_55624.jpg,[190 189 187 ... 228 223 217]
BNE_556303.jpg,[235 233 232 ... 230 231 236]
BNE_556405.jpg,[162 163 165 ... 237 237 237]
BNE_556740.jpg,[239 232 229 ... 163 166 167]
BNE_557210.jpg,[234 232 223 ... 228 225 236]
BNE_558065.jpg,[235 235 235 ... 206 212 215]
BNE_558159.jpg,[232 234 235 ... 174 168 165]
BNE_558616.jpg,[220 226 229 ... 214 215 214]
BNE_55926.jpg,[235 235 236 ... 235 235 233]
BNE_559369.jpg,[234 234 233 ... 229 230 232]
BNE_560375.jpg,[235 234 232 ... 199 222 236]
BNE_560491.jpg,[234 234 234 ... 231 234 234]
BNE_560580.jpg,[233 233 233 ... 236 233 230]
BNE_561687.jpg,[229 233 234 ... 185 184 183]
BNE_562004.jpg,[234 234 234 ... 186 191 194]
BNE_562605.jpg,[244 228 233 ... 220 230 234]
BNE_56375.jpg,[189 189 189 ... 226 225 225]
BNE_564586.jpg,[234 234 234 ... 200 224 236]
BNE_564942.jpg,[184 183 172 ... 177 181 183]
BNE_565190.jpg,[229 235 231 ... 233 235 233]
BNE_565424.jpg,[234 230 232 ... 236 234 233]
BNE_566535.jpg,[177 171 165 ... 178 172 166]
BNE_56697.jpg,[230 229 229 ... 232 232 232]
BNE_567004.jpg,[234 237 240 ... 175 172 175]
BNE_567645.jpg,[232 232 232 ... 183 176 173]
BNE_568093.jpg,[229 235 229 ... 233 232 230]
BNE_568376.jpg,[234 235 235 ... 239 238 233]
BNE_568904.jpg,[232 237 238 ... 227 236 240]
BNE_569440.jpg,[168 183 198 ... 234 230 233]
BNE_570071.jpg,[234 228 226 ... 230 233 237]
BNE_570080.jpg,[233 233 233 ... 153 150 147]
BNE_570330.jpg,[236 228 237 ... 230 233 240]
BNE_570489.jpg,[234 234 234 ... 213 200 190]
BNE_571324.jpg,[233 233 232 ... 234 229 220]
BNE_572115.jpg,[185 179 173 ... 233 234 234]
BNE_572139.jpg,[185 186 187 ... 164 162 160]
BNE_573024.jpg,[233 233 233 ... 233 235 239]
BNE_573180.jpg,[175 196 221 ... 186 194 207]
BNE_573445.jpg,[184 194 193 ... 173 181 191]
BNE_573596.jpg,[234 234 233 ... 232 221 220]
BNE_575028.jpg,[232 232 233 ... 230 228 226]
BNE_575248.jpg,[140 160 166 ... 165 173 196]
BNE_576989.jpg,[233 233 233 ... 233 233 234]
BNE_57734.jpg,[231 230 234 ... 229 231 232]
BNE_577568.jpg,[231 221 214 ... 148 149 151]
BNE_578285.jpg,[234 234 234 ... 234 234 234]
BNE_57860.jpg,[233 233 233 ... 176 169 168]
BNE_578714.jpg,[233 233 233 ... 233 232 232]
BNE_579086.jpg,[171 174 177 ... 232 225 214]
BNE_579098.jpg,[236 234 233 ... 231 232 234]
BNE_580063.jpg,[231 232 233 ... 239 236 214]
BNE_580240.jpg,[233 233 233 ... 200 210 217]
BNE_580262.jpg,[235 236 233 ... 236 231 224]
BNE_580270.jpg,[235 235 235 ... 172 169 168]
BNE_580553.jpg,[232 234 236 ... 180 177 176]
BNE_580781.jpg,[234 234 234 ... 230 230 232]
BNE_581567.jpg,[183 178 178 ... 181 190 199]
BNE_581608.jpg,[233 232 231 ... 230 231 233]
BNE_581936.jpg,[233 233 233 ... 229 231 233]
BNE_582144.jpg,[230 231 232 ... 237 231 226]
BNE_582153.jpg,[236 235 235 ... 228 231 240]
BNE_582893.jpg,[159 172 202 ... 173 172 179]
BNE_58313.jpg,[218 213 208 ... 216 236 219]
BNE_583475.jpg,[234 234 234 ... 222 214 205]
BNE_58419.jpg,[200 205 214 ... 234 234 234]
BNE_585573.jpg,[182 188 189 ... 235 235 235]
BNE_585707.jpg,[226 234 236 ... 234 233 233]
BNE_586043.jpg,[237 236 236 ... 170 166 168]
BNE_586172.jpg,[235 234 233 ... 170 168 166]
BNE_586518.jpg,[234 234 234 ... 233 235 236]
BNE_587615.jpg,[187 203 203 ... 234 226 233]
BNE_587693.jpg,[237 237 235 ... 212 188 168]
BNE_588310.jpg,[234 234 235 ... 206 189 173]
BNE_589405.jpg,[235 235 237 ... 235 234 233]
BNE_589632.jpg,[229 232 233 ... 225 216 233]
BNE_59011.jpg,[234 234 234 ... 172 174 175]
BNE_590664.jpg,[232 228 232 ... 212 223 215]
BNE_591751.jpg,[233 236 236 ... 235 234 234]
BNE_592262.jpg,[235 231 228 ... 234 246 230]
BNE_592314.jpg,[170 182 202 ... 222 220 224]
BNE_592877.jpg,[213 227 238 ... 161 158 147]
BNE_592960.jpg,[211 212 220 ... 202 197 193]
BNE_593410.jpg,[227 231 232 ... 234 231 233]
BNE_594338.jpg,[159 165 178 ... 150 149 160]
BNE_594365.jpg,[235 232 225 ... 221 211 199]
BNE_595137.jpg,[234 234 234 ... 191 191 192]
BNE_595203.jpg,[234 234 234 ... 219 218 218]
BNE_596214.jpg,[236 235 235 ... 233 233 233]
BNE_596261.jpg,[230 236 236 ... 192 179 172]
BNE_596329.jpg,[236 230 228 ... 232 234 236]
BNE_596393.jpg,[172 181 197 ... 239 238 235]
BNE_59680.jpg,[233 233 233 ... 235 235 235]
BNE_59746.jpg,[237 236 234 ... 177 174 171]
BNE_59753.jpg,[237 231 229 ... 202 210 202]
BNE_598005.jpg,[167 171 175 ... 234 234 234]
BNE_598093.jpg,[148 139 141 ... 196 205 206]
BNE_598157.jpg,[167 169 170 ... 170 169 169]
BNE_598279.jpg,[214 213 212 ... 161 204 195]
BNE_598798.jpg,[179 180 180 ... 234 234 234]
BNE_599043.jpg,[203 200 195 ... 163 193 218]
BNE_599061.jpg,[235 231 230 ... 237 238 237]
BNE_600196.jpg,[173 167 163 ... 231 233 237]
BNE_600309.jpg,[235 234 234 ... 235 234 233]
BNE_60203.jpg,[193 189 188 ... 233 236 234]
BNE_602066.jpg,[173 174 178 ... 235 230 239]
BNE_602109.jpg,[226 235 237 ... 238 238 234]
BNE_602491.jpg,[234 234 234 ... 232 232 232]
BNE_603801.jpg,[233 228 236 ... 163 161 165]
BNE_604011.jpg,[235 237 232 ... 241 233 234]
BNE_604382.jpg,[182 185 187 ... 194 198 201]
BNE_604700.jpg,[155 164 171 ... 204 203 216]
BNE_604811.jpg,[236 236 233 ... 233 233 233]
BNE_605529.jpg,[202 217 233 ... 231 237 238]
BNE_605631.jpg,[234 234 234 ... 232 233 234]
BNE_6074.jpg,[167 179 173 ... 233 233 233]
BNE_608268.jpg,[235 236 237 ... 237 236 231]
BNE_608977.jpg,[239 234 230 ... 231 231 231]
BNE_609298.jpg,[234 234 234 ... 234 234 234]
BNE_611740.jpg,[241 237 236 ... 235 229 220]
BNE_612838.jpg,[232 234 234 ... 180 190 218]
BNE_613105.jpg,[230 232 234 ... 230 231 233]
BNE_613862.jpg,[237 235 233 ... 238 231 217]
BNE_614370.jpg,[218 218 217 ... 164 161 162]
BNE_615368.jpg,[233 233 233 ... 232 232 231]
BNE_615813.jpg,[234 234 235 ... 233 233 232]
BNE_616743.jpg,[234 227 225 ... 234 231 229]
BNE_617269.jpg,[235 215 202 ... 234 234 235]
BNE_617577.jpg,[232 232 232 ... 232 232 232]
BNE_618269.jpg,[192 193 192 ... 235 235 232]
BNE_618678.jpg,[229 234 232 ... 222 239 231]
BNE_619060.jpg,[235 237 240 ... 236 230 230]
BNE_620218.jpg,[185 188 190 ... 231 234 238]
BNE_620708.jpg,[177 175 178 ... 146 178 197]
BNE_620809.jpg,[235 233 230 ... 228 225 224]
BNE_622154.jpg,[235 232 233 ... 220 217 219]
BNE_623314.jpg,[227 232 233 ... 212 239 226]
BNE_623488.jpg,[238 232 231 ... 219 222 222]
BNE_623604.jpg,[232 229 233 ... 225 229 237]
BNE_62365.jpg,[219 229 236 ... 181 206 228]
BNE_624221.jpg,[231 233 235 ... 229 228 232]
BNE_624319.jpg,[232 232 233 ... 172 165 149]
BNE_62656.jpg,[235 235 234 ... 225 236 216]
BNE_627505.jpg,[238 230 233 ... 230 232 235]
BNE_627756.jpg,[237 234 235 ... 232 232 232]
BNE_62938.jpg,[234 234 233 ... 234 234 234]
BNE_629963.jpg,[233 233 233 ... 193 206 203]
BNE_630110.jpg,[187 205 221 ... 232 208 182]
BNE_630198.jpg,[198 201 206 ... 190 189 190]
BNE_630703.jpg,[226 235 242 ... 198 195 189]
BNE_630905.jpg,[236 235 235 ... 234 234 233]
BNE_631061.jpg,[235 235 235 ... 184 180 176]
BNE_631173.jpg,[231 231 231 ... 230 229 228]
BNE_631496.jpg,[233 229 232 ... 209 200 200]
BNE_63157.jpg,[235 235 235 ... 240 236 223]
BNE_633873.jpg,[118 160 161 ... 155 189 177]
BNE_634126.jpg,[233 233 233 ... 175 175 175]
BNE_63504.jpg,[232 237 237 ... 231 225 240]
BNE_635273.jpg,[190 187 183 ... 175 163 158]
BNE_636091.jpg,[164 165 163 ... 232 229 231]
BNE_636142.jpg,[228 230 231 ... 187 192 194]
BNE_636834.jpg,[169 167 166 ... 219 220 221]
BNE_637566.jpg,[206 210 221 ... 192 197 210]
BNE_637803.jpg,[232 232 233 ... 232 231 230]
BNE_638211.jpg,[236 235 234 ... 184 182 181]
BNE_640026.jpg,[235 233 232 ... 233 234 235]
BNE_640067.jpg,[234 232 232 ... 216 208 202]
BNE_640140.jpg,[233 234 236 ... 180 182 186]
BNE_640458.jpg,[232 236 238 ... 215 220 223]
BNE_640988.jpg,[231 231 231 ... 233 231 231]
BNE_641093.jpg,[202 209 220 ... 230 218 209]
BNE_641800.jpg,[162 125 128 ... 191 200 201]
BNE_642218.jpg,[191 184 178 ... 146 155 201]
BNE_642562.jpg,[169 166 161 ... 203 203 201]
BNE_643351.jpg,[234 234 234 ... 220 220 221]
BNE_643739.jpg,[190 215 236 ... 234 235 236]
BNE_64421.jpg,[233 228 230 ... 202 173 174]
BNE_644247.jpg,[213 240 235 ... 227 229 231]
BNE_644685.jpg,[230 225 219 ... 233 235 236]
BNE_645191.jpg,[161 170 173 ... 226 227 235]
BNE_645573.jpg,[236 233 230 ... 191 186 187]
BNE_646654.jpg,[233 233 234 ... 197 187 181]
BNE_647348.jpg,[233 234 235 ... 237 242 235]
BNE_647486.jpg,[181  83  51 ... 216 228 231]
BNE_649469.jpg,[222 211 202 ... 236 235 234]
BNE_650594.jpg,[236 231 230 ... 229 235 233]
BNE_651693.jpg,[233 233 233 ... 233 233 233]
BNE_653016.jpg,[214 201 193 ... 194 191 188]
BNE_653147.jpg,[235 235 233 ... 173 198 218]
BNE_654014.jpg,[181 180 177 ... 177 176 175]
BNE_654315.jpg,[191 187 185 ... 233 233 233]
BNE_655340.jpg,[234 234 233 ... 226 228 233]
BNE_656115.jpg,[232 235 235 ... 165 165 165]
BNE_656677.jpg,[233 233 233 ... 232 232 231]
BNE_657003.jpg,[211 221 219 ... 234 235 235]
BNE_657751.jpg,[239 235 232 ... 179 198 241]
BNE_658440.jpg,[214 164 144 ... 236 233 237]
BNE_658776.jpg,[222 231 233 ... 232 231 230]
BNE_659216.jpg,[233 234 236 ... 234 233 232]
BNE_659430.jpg,[226 216 211 ... 224 230 235]
BNE_659706.jpg,[232 232 231 ... 223 228 224]
BNE_660663.jpg,[191 200 204 ... 230 232 231]
BNE_660993.jpg,[236 229 235 ... 236 233 239]
BNE_661607.jpg,[234 234 234 ... 234 232 231]
BNE_661686.jpg,[233 233 234 ... 236 234 236]
BNE_66389.jpg,[179 184 187 ... 177 177 179]
BNE_664333.jpg,[231 234 232 ... 237 231 222]
BNE_664457.jpg,[234 237 229 ... 229 229 228]
BNE_665149.jpg,[179 179 177 ... 229 227 228]
BNE_666016.jpg,[235 234 234 ... 232 235 236]
BNE_666824.jpg,[188 191 198 ... 230 229 230]
BNE_667509.jpg,[233 233 232 ... 234 234 234]
BNE_667822.jpg,[177 178 179 ... 212 218 231]
BNE_668846.jpg,[230 234 236 ... 231 230 232]
BNE_669262.jpg,[231 231 231 ... 232 228 224]
BNE_669603.jpg,[229 236 238 ... 159 158 162]
BNE_671120.jpg,[180 180 183 ... 234 235 236]
BNE_671277.jpg,[231 231 228 ... 177 175 171]
BNE_67131.jpg,[232 233 233 ... 232 232 232]
BNE_671361.jpg,[224 230 235 ... 231 232 235]
BNE_671954.jpg,[233 233 233 ... 232 231 231]
BNE_672329.jpg,[237 232 228 ... 212 233 231]
BNE_672922.jpg,[229 233 235 ... 234 234 234]
BNE_673108.jpg,[239 237 238 ... 232 230 233]
BNE_67367.jpg,[233 238 237 ... 226 203 178]
BNE_674224.jpg,[178 184 197 ... 231 232 232]
BNE_674279.jpg,[231 231 231 ... 219 216 214]
BNE_6747.jpg,[229 231 229 ... 233 232 231]
BNE_676841.jpg,[167 173 191 ... 237 236 232]
BNE_676979.jpg,[232 226 225 ... 234 234 234]
BNE_677665.jpg,[237 236 234 ... 175 170 166]
BNE_678750.jpg,[168 172 171 ... 234 233 232]
BNE_679574.jpg,[232 235 235 ... 233 230 230]
BNE_679904.jpg,[231 235 237 ... 232 232 232]
BNE_680440.jpg,[171 171 177 ... 223 229 233]
BNE_680611.jpg,[150 124 132 ... 235 233 232]
BNE_680877.jpg,[230 227 229 ... 228 234 241]
BNE_681134.jpg,[172 174 173 ... 231 232 236]
BNE_681139.jpg,[204 208 210 ... 231 232 234]
BNE_68126.jpg,[208 215 224 ... 228 231 235]
BNE_681345.jpg,[230 230 232 ... 230 231 233]
BNE_682103.jpg,[230 233 236 ... 215 217 218]
BNE_682450.jpg,[230 231 231 ... 233 233 233]
BNE_683128.jpg,[234 235 236 ... 233 229 237]
BNE_683267.jpg,[238 223 228 ... 239 237 231]
BNE_68390.jpg,[234 232 230 ... 237 225 208]
BNE_685199.jpg,[233 233 233 ... 178 182 189]
BNE_685343.jpg,[234 234 234 ... 231 233 235]
BNE_686136.jpg,[149 154 165 ... 189 202 216]
BNE_686296.jpg,[233 230 231 ... 143 143 149]
BNE_688044.jpg,[234 234 234 ... 230 230 230]
BNE_688321.jpg,[171 169 167 ... 221 227 237]
BNE_689617.jpg,[236 234 232 ... 228 234 237]
BNE_690093.jpg,[219 215 214 ... 235 229 234]
BNE_69105.jpg,[143 143 143 ... 228 229 231]
BNE_692510.jpg,[197 223 234 ... 230 232 233]
BNE_693172.jpg,[229 238 235 ... 229 227 226]
BNE_695422.jpg,[221 219 214 ... 180 187 198]
BNE_695453.jpg,[217 200 197 ... 139 143 143]
BNE_69587.jpg,[238 236 232 ... 234 231 227]
BNE_695913.jpg,[234 236 234 ... 128 176 220]
BNE_697892.jpg,[206 222 235 ... 234 236 235]
BNE_698291.jpg,[214 187 147 ... 218 222 230]
BNE_698403.jpg,[230 234 234 ... 229 230 230]
BNE_698717.jpg,[230 229 218 ... 230 232 222]
BNE_699064.jpg,[233 234 235 ... 226 234 229]
BNE_700622.jpg,[230 233 239 ... 230 230 234]
BNE_700734.jpg,[182 183 184 ... 110 185 236]
BNE_700972.jpg,[233 235 231 ... 196 171 156]
BNE_704297.jpg,[229 227 230 ... 224 226 227]
BNE_705327.jpg,[235 235 234 ... 163 186 194]
BNE_705602.jpg,[235 237 234 ... 236 234 234]
BNE_706135.jpg,[233 233 233 ... 231 233 231]
BNE_706305.jpg,[162 168 174 ... 219 217 199]
BNE_707427.jpg,[197 197 195 ... 233 233 233]
BNE_707709.jpg,[227 229 230 ... 184 178 182]
BNE_707813.jpg,[232 236 230 ... 237 233 231]
BNE_709653.jpg,[234 235 236 ... 184 184 187]
BNE_709975.jpg,[227 236 239 ... 181 170 174]
BNE_710070.jpg,[199 191 174 ... 181 182 173]
BNE_710107.jpg,[173 176 178 ... 231 225 218]
BNE_711852.jpg,[231 233 236 ... 239 237 226]
BNE_7119.jpg,[233 233 233 ... 231 230 229]
BNE_713975.jpg,[233 233 233 ... 163 164 165]
BNE_715.jpg,[236 235 234 ... 235 234 234]
BNE_715693.jpg,[182 197 217 ... 209 214 210]
BNE_716525.jpg,[230 235 236 ... 235 232 230]
BNE_717710.jpg,[234 234 234 ... 188 208 239]
BNE_718921.jpg,[238 230 232 ... 169 165 165]
BNE_719511.jpg,[236 241 237 ... 202 196 201]
BNE_719678.jpg,[233 233 234 ... 219 224 220]
BNE_720143.jpg,[234 236 236 ... 233 230 228]
BNE_720265.jpg,[186 187 185 ... 228 230 236]
BNE_721486.jpg,[235 236 236 ... 167 172 180]
BNE_721607.jpg,[233 235 234 ... 231 231 231]
BNE_722116.jpg,[234 234 234 ... 238 237 234]
BNE_723261.jpg,[232 233 232 ... 202 177 177]
BNE_723408.jpg,[209 210 213 ... 223 205 188]
BNE_724027.jpg,[232 219 203 ... 229 229 232]
BNE_725331.jpg,[233 234 235 ... 240 239 230]
BNE_725869.jpg,[166 164 164 ... 234 234 234]
BNE_725999.jpg,[230 235 237 ... 237 237 233]
BNE_726027.jpg,[193 207 224 ... 233 228 221]
BNE_726259.jpg,[233 236 238 ... 231 236 235]
BNE_726666.jpg,[234 230 230 ... 242 221 198]
BNE_727973.jpg,[229 240 235 ... 234 237 240]
BNE_728297.jpg,[230 230 230 ... 229 230 238]
BNE_728500.jpg,[234 234 233 ... 232 231 230]
BNE_73023.jpg,[232 237 239 ... 190 190 190]
BNE_730904.jpg,[172 174 180 ... 144 172 181]
BNE_731008.jpg,[238 233 230 ... 184 179 171]
BNE_7323.jpg,[233 234 234 ... 232 231 228]
BNE_73288.jpg,[236 236 236 ... 233 233 233]
BNE_733085.jpg,[234 233 233 ... 200 207 221]
BNE_733616.jpg,[235 234 233 ... 230 231 230]
BNE_733916.jpg,[222 221 220 ... 180 202 221]
BNE_734001.jpg,[232 234 233 ... 229 233 229]
BNE_734743.jpg,[191 198 222 ... 195 239 214]
BNE_734804.jpg,[231 231 231 ... 231 233 234]
BNE_734929.jpg,[231 235 235 ... 176 176 180]
BNE_735513.jpg,[234 234 234 ... 236 231 230]
BNE_736774.jpg,[233 233 233 ... 196 194 194]
BNE_73716.jpg,[233 233 235 ... 222 212 206]
BNE_739399.jpg,[167 172 183 ... 162 148 134]
BNE_739805.jpg,[187 184 185 ... 192 190 183]
BNE_740551.jpg,[231 232 233 ... 233 234 234]
BNE_741019.jpg,[231 230 230 ... 235 234 232]
BNE_741104.jpg,[183 183 182 ... 215 194 178]
BNE_74120.jpg,[232 232 232 ... 229 225 241]
BNE_742189.jpg,[231 233 235 ... 233 233 233]
BNE_742479.jpg,[230 233 235 ... 234 228 228]
BNE_742515.jpg,[228 239 229 ... 169 164 163]
BNE_746471.jpg,[178 178 195 ... 175 174 178]
BNE_746634.jpg,[236 233 232 ... 233 233 234]
BNE_747210.jpg,[233 233 233 ... 233 230 228]
BNE_747852.jpg,[183 183 186 ... 175 175 176]
BNE_748204.jpg,[234 234 234 ... 234 234 234]
BNE_748706.jpg,[232 233 234 ... 197 184 176]
BNE_749180.jpg,[162 193 205 ... 186 185 192]
BNE_749441.jpg,[228 225 233 ... 191 188 211]
BNE_751844.jpg,[231 230 237 ... 227 226 227]
BNE_751887.jpg,[162 156 163 ... 232 232 232]
BNE_752441.jpg,[162 177 198 ... 232 233 234]
BNE_752984.jpg,[234 229 229 ... 235 236 232]
BNE_753173.jpg,[236 234 232 ... 221 205 187]
BNE_753732.jpg,[239 236 233 ... 234 232 231]
BNE_756237.jpg,[235 234 232 ... 189 186 183]
BNE_757613.jpg,[236 236 236 ... 231 231 231]
BNE_759017.jpg,[188 189 188 ... 232 234 238]
BNE_759715.jpg,[231 230 230 ... 196 191 179]
BNE_760262.jpg,[202 201 198 ... 156 145 134]
BNE_760668.jpg,[233 233 233 ... 233 218 198]
BNE_760830.jpg,[226 233 235 ... 229 228 229]
BNE_761275.jpg,[171 178 181 ... 222 240 234]
BNE_761456.jpg,[234 234 234 ... 223 232 228]
BNE_761523.jpg,[232 232 232 ... 231 232 234]
BNE_762064.jpg,[225 234 237 ... 230 227 236]
BNE_762145.jpg,[234 234 234 ... 194 190 190]
BNE_762565.jpg,[230 229 229 ... 229 227 230]
BNE_763253.jpg,[234 234 235 ... 236 235 231]
BNE_764108.jpg,[234 233 232 ... 175 173 171]
BNE_764437.jpg,[233 233 234 ... 217 219 220]
BNE_765092.jpg,[230 230 231 ... 226 231 228]
BNE_765760.jpg,[229 231 235 ... 230 232 232]
BNE_76582.jpg,[234 234 233 ... 235 235 235]
BNE_76588.jpg,[235 232 230 ... 233 220 208]
BNE_766669.jpg,[183 184 191 ... 153 175 195]
BNE_766773.jpg,[176 193 185 ... 143 145 147]
BNE_767862.jpg,[235 233 231 ... 231 233 235]
BNE_768718.jpg,[210 137  75 ... 208 218 231]
BNE_768872.jpg,[188 187 186 ... 195 194 194]
BNE_771331.jpg,[233 232 236 ... 235 234 232]
BNE_772616.jpg,[205 215 226 ... 235 231 239]
BNE_77263.jpg,[234 234 234 ... 201 219 218]
BNE_772825.jpg,[239 239 237 ... 156 155 155]
BNE_773284.jpg,[235 235 235 ... 236 234 233]
BNE_773314.jpg,[234 234 233 ... 208 201 199]
BNE_774908.jpg,[189 205 221 ... 173 166 161]
BNE_775595.jpg,[197 204 215 ... 239 229 235]
BNE_776860.jpg,[ 69  76  59 ... 214 198 202]
BNE_776969.jpg,[211 199 201 ... 229 231 237]
BNE_77701.jpg,[171 171 173 ... 230 233 238]
BNE_777460.jpg,[232 226 232 ... 234 234 234]
BNE_778432.jpg,[234 234 233 ... 236 234 232]
BNE_77911.jpg,[228 231 234 ... 215 200 190]
BNE_779452.jpg,[234 234 234 ... 233 233 233]
BNE_779628.jpg,[233 233 233 ... 189 191 192]
BNE_779767.jpg,[232 226 227 ... 231 232 237]
BNE_781521.jpg,[187 180 172 ... 220 198 180]
BNE_781944.jpg,[230 231 231 ... 172 169 166]
BNE_782010.jpg,[231 232 239 ... 230 231 237]
BNE_784357.jpg,[234 233 233 ... 234 234 234]
BNE_785852.jpg,[194 205 208 ... 216 230 230]
BNE_78683.jpg,[206 209 212 ... 234 234 235]
BNE_787071.jpg,[235 235 236 ... 169 171 176]
BNE_787150.jpg,[165 175 193 ... 235 233 231]
BNE_78757.jpg,[203 187 163 ... 166 164 162]
BNE_788086.jpg,[232 235 234 ... 223 227 238]
BNE_789640.jpg,[234 233 231 ... 236 235 233]
BNE_789788.jpg,[234 235 235 ... 233 235 237]
BNE_791436.jpg,[232 232 232 ... 232 232 232]
BNE_792019.jpg,[209 222 234 ... 199 203 219]
BNE_792451.jpg,[140 154 184 ... 223 220 204]
BNE_792532.jpg,[235 234 234 ... 160 158 155]
BNE_793103.jpg,[235 232 233 ... 236 235 231]
BNE_7938.jpg,[180 181 184 ... 200 193 188]
BNE_795618.jpg,[232 234 232 ... 165 177 141]
BNE_79688.jpg,[232 232 232 ... 173 175 182]
BNE_797783.jpg,[192 216 229 ... 234 233 228]
BNE_797843.jpg,[238 238 230 ... 235 234 232]
BNE_79792.jpg,[183 190 197 ... 179 180 207]
BNE_79939.jpg,[233 234 236 ... 235 228 225]
BNE_799391.jpg,[228 236 229 ... 233 233 234]
BNE_799584.jpg,[184 185 185 ... 232 236 233]
BNE_800035.jpg,[181 181 182 ... 176 183 196]
BNE_800374.jpg,[233 234 234 ... 175 177 179]
BNE_80070.jpg,[235 235 235 ... 234 234 235]
BNE_800976.jpg,[235 235 235 ... 170 170 169]
BNE_801234.jpg,[171 170 172 ... 100  64  53]
BNE_801236.jpg,[234 234 235 ... 233 235 229]
BNE_801860.jpg,[237 233 229 ... 232 232 232]
BNE_802726.jpg,[177 187 199 ... 232 231 232]
BNE_803184.jpg,[233 233 233 ... 233 232 231]
BNE_804375.jpg,[235 239 237 ... 168 164 163]
BNE_804691.jpg,[228 234 237 ... 223 226 228]
BNE_805167.jpg,[206 216 215 ... 236 236 232]
BNE_806131.jpg,[232 233 233 ... 181 178 174]
BNE_806828.jpg,[232 233 235 ... 230 231 233]
BNE_808074.jpg,[170 174 181 ... 231 232 233]
BNE_808076.jpg,[220 200 178 ... 228 232 238]
BNE_808310.jpg,[203 208 213 ... 234 218 199]
BNE_808363.jpg,[235 233 231 ... 236 234 229]
BNE_808960.jpg,[216 184 121 ... 150 164 184]
BNE_809009.jpg,[235 234 231 ... 217 230 233]
BNE_810533.jpg,[233 233 233 ... 230 230 231]
BNE_81058.jpg,[190 198 211 ... 169 169 161]
BNE_810657.jpg,[234 234 234 ... 235 234 230]
BNE_811195.jpg,[174 171 169 ... 233 233 233]
BNE_811237.jpg,[232 232 231 ... 172 173 171]
BNE_811882.jpg,[235 236 236 ... 184 184 176]
BNE_812672.jpg,[192 198 220 ... 175 176 179]
BNE_813005.jpg,[156 155 158 ... 232 227 220]
BNE_813359.jpg,[204 209 218 ... 176 173 170]
BNE_813565.jpg,[235 232 227 ... 236 234 232]
BNE_814008.jpg,[233 233 233 ... 232 232 232]
BNE_814356.jpg,[230 232 235 ... 235 234 233]
BNE_815174.jpg,[193 190 185 ... 184 180 178]
BNE_816231.jpg,[229 232 235 ... 232 232 234]
BNE_817538.jpg,[199 212 229 ... 190 191 190]
BNE_817919.jpg,[242 228 224 ... 194 182 178]
BNE_818496.jpg,[233 235 236 ... 233 239 238]
BNE_818755.jpg,[233 231 230 ... 217 225 224]
BNE_818983.jpg,[185 184 183 ... 230 230 230]
BNE_81939.jpg,[233 233 233 ... 230 235 228]
BNE_81960.jpg,[183 185 186 ... 232 232 233]
BNE_821631.jpg,[233 233 233 ... 234 232 229]
BNE_822053.jpg,[197 189 181 ... 234 233 232]
BNE_822503.jpg,[225 232 236 ... 232 229 227]
BNE_823036.jpg,[235 237 237 ... 175 174 171]
BNE_823583.jpg,[201 205 213 ... 207 202 199]
BNE_823690.jpg,[237 236 234 ... 172 167 163]
BNE_82472.jpg,[235 235 235 ... 233 233 233]
BNE_824725.jpg,[233 229 232 ... 224 228 233]
BNE_824932.jpg,[223 213 195 ... 138 170 156]
BNE_82534.jpg,[218 231 238 ... 231 234 232]
BNE_825578.jpg,[233 233 233 ... 232 234 236]
BNE_826046.jpg,[230 233 235 ... 233 235 237]
BNE_826741.jpg,[174 171 174 ... 223 230 228]
BNE_827980.jpg,[232 232 232 ... 177 171 172]
BNE_828729.jpg,[205 224 239 ... 238 236 227]
BNE_831028.jpg,[235 234 227 ... 237 236 231]
BNE_831588.jpg,[238 235 231 ... 235 233 228]
BNE_832481.jpg,[236 235 235 ... 236 235 236]
BNE_832549.jpg,[230 230 230 ... 199 192 185]
BNE_832896.jpg,[167 186 213 ... 233 233 237]
BNE_834526.jpg,[226 239 245 ... 228 236 235]
BNE_835325.jpg,[233 233 233 ... 235 234 230]
BNE_836973.jpg,[208 205 202 ... 229 232 230]
BNE_837180.jpg,[178 178 176 ... 224 235 225]
BNE_83730.jpg,[236 236 236 ... 236 236 233]
BNE_838349.jpg,[235 235 232 ... 232 231 231]
BNE_838831.jpg,[179 195 202 ... 217 212 217]
BNE_839282.jpg,[235 234 234 ... 164 160 163]
BNE_839288.jpg,[191 180 179 ... 228 230 232]
BNE_839402.jpg,[236 236 235 ... 229 232 231]
BNE_839717.jpg,[179 184 186 ... 193 198 201]
BNE_839791.jpg,[233 233 233 ... 231 233 236]
BNE_840.jpg,[238 236 234 ... 235 236 234]
BNE_840311.jpg,[237 232 232 ... 233 234 230]
BNE_840660.jpg,[233 227 226 ... 234 233 232]
BNE_840814.jpg,[234 234 234 ... 205 206 182]
BNE_841928.jpg,[229 231 232 ... 234 234 234]
BNE_842928.jpg,[234 236 239 ... 233 234 230]
BNE_843954.jpg,[236 235 235 ... 230 230 231]
BNE_844957.jpg,[236 233 231 ... 231 231 233]
BNE_845186.jpg,[193 197 193 ... 232 232 233]
BNE_845340.jpg,[233 233 233 ...  52  43  45]
BNE_846496.jpg,[210 198 186 ... 211 191 174]
BNE_846661.jpg,[227 237 239 ... 238 235 232]
BNE_847110.jpg,[161 150 159 ... 235 225 238]
BNE_847477.jpg,[188 195 201 ... 181 180 176]
BNE_848315.jpg,[232 231 231 ... 185 181 188]
BNE_848343.jpg,[237 237 235 ... 227 229 233]
BNE_848534.jpg,[237 234 231 ...  60  50  56]
BNE_850427.jpg,[203 203 202 ... 234 233 233]
BNE_850956.jpg,[234 234 234 ... 176 177 178]
BNE_852425.jpg,[234 234 234 ... 234 234 234]
BNE_853528.jpg,[233 234 235 ... 166 165 158]
BNE_853952.jpg,[234 235 235 ... 224 211 201]
BNE_854066.jpg,[236 235 237 ... 234 234 231]
BNE_854167.jpg,[234 233 233 ... 232 230 232]
BNE_854984.jpg,[224 230 234 ... 235 235 235]
BNE_856696.jpg,[233 234 235 ... 235 232 228]
BNE_856701.jpg,[229 223 230 ... 239 229 231]
BNE_857398.jpg,[234 234 234 ... 193 194 195]
BNE_857629.jpg,[214 208 200 ... 209 191 185]
BNE_859196.jpg,[230 235 237 ... 233 229 219]
BNE_859570.jpg,[158 164 166 ... 173 177 184]
BNE_859701.jpg,[232 232 232 ... 232 234 235]
BNE_859996.jpg,[234 235 237 ... 229 241 231]
BNE_860699.jpg,[160 162 166 ... 230 235 238]
BNE_860847.jpg,[204 191 169 ... 165 161 163]
BNE_862425.jpg,[234 234 234 ... 224 239 233]
BNE_862462.jpg,[202 208 203 ... 181 193 200]
BNE_862711.jpg,[235 234 232 ... 231 231 230]
BNE_862836.jpg,[229 229 228 ... 231 231 234]
BNE_863051.jpg,[231 233 235 ... 197 210 223]
BNE_863056.jpg,[232 232 232 ... 228 232 238]
BNE_863887.jpg,[235 235 235 ... 178 182 189]
BNE_864076.jpg,[235 231 229 ... 229 229 230]
BNE_864540.jpg,[232 232 232 ... 231 233 234]
BNE_864705.jpg,[190 192 195 ... 232 232 232]
BNE_864734.jpg,[229 231 233 ... 234 234 234]
BNE_864750.jpg,[219 217 216 ... 231 231 232]
BNE_865129.jpg,[181 180 187 ... 213 213 213]
BNE_866357.jpg,[211 211 212 ... 232 229 226]
BNE_866979.jpg,[234 231 229 ... 233 234 236]
BNE_866984.jpg,[231 234 237 ... 236 235 233]
BNE_867430.jpg,[187 187 186 ... 236 236 236]
BNE_868025.jpg,[232 232 232 ... 233 231 235]
BNE_870136.jpg,[191 169 175 ... 233 233 233]
BNE_870956.jpg,[223 218 212 ... 230 230 231]
BNE_871991.jpg,[233 233 233 ... 233 234 234]
BNE_872206.jpg,[238 232 229 ... 234 234 234]
BNE_873174.jpg,[134 218 231 ... 234 233 234]
BNE_873673.jpg,[231 236 236 ... 235 227 240]
BNE_8741.jpg,[241 230 233 ... 233 232 233]
BNE_874580.jpg,[235 233 231 ... 235 235 237]
BNE_874904.jpg,[235 235 235 ... 233 233 233]
BNE_875008.jpg,[234 234 234 ... 186 183 180]
BNE_875631.jpg,[236 233 231 ... 231 234 237]
BNE_876156.jpg,[190 195 199 ... 230 235 236]
BNE_87643.jpg,[236 233 233 ... 229 230 230]
BNE_877775.jpg,[234 234 234 ... 232 229 232]
BNE_878373.jpg,[226 237 218 ... 229 232 235]
BNE_878990.jpg,[239 228 216 ... 235 230 229]
BNE_879421.jpg,[232 232 232 ... 230 232 235]
BNE_881009.jpg,[216 215 212 ... 234 232 236]
BNE_882003.jpg,[235 232 231 ... 216 197 180]
BNE_882512.jpg,[230 232 235 ... 232 233 234]
BNE_883125.jpg,[197 196 195 ... 234 233 232]
BNE_883723.jpg,[233 235 234 ... 226 214 201]
BNE_884373.jpg,[197 196 193 ... 233 233 233]
BNE_88499.jpg,[231 233 235 ... 181 182 183]
BNE_885859.jpg,[207 210 201 ... 171 191 218]
BNE_88749.jpg,[229 231 232 ... 229 230 230]
BNE_88826.jpg,[233 236 235 ... 234 235 235]
BNE_889212.jpg,[235 235 235 ... 236 238 235]
BNE_889353.jpg,[194 187 184 ... 167 157 154]
BNE_889719.jpg,[234 234 234 ... 231 229 229]
BNE_889850.jpg,[181 184 198 ... 207 213 222]
BNE_889884.jpg,[234 234 234 ... 237 232 223]
BNE_890664.jpg,[205 211 219 ... 232 240 233]
BNE_890818.jpg,[213 230 240 ... 198 196 194]
BNE_891017.jpg,[234 233 233 ... 235 235 234]
BNE_891971.jpg,[234 233 232 ... 188 187 189]
BNE_894142.jpg,[234 238 238 ... 231 233 235]
BNE_89466.jpg,[220 229 238 ... 228 231 232]
BNE_895467.jpg,[233 233 233 ... 148 201 226]
BNE_895939.jpg,[166 160 161 ... 177 172 201]
BNE_896102.jpg,[235 240 237 ... 236 236 235]
BNE_896296.jpg,[194 196 205 ... 235 235 223]
BNE_896337.jpg,[228 229 231 ... 229 230 230]
BNE_897481.jpg,[239 235 232 ... 234 235 236]
BNE_898519.jpg,[233 237 232 ... 207 231 228]
BNE_898606.jpg,[240 235 232 ... 232 233 234]
BNE_899254.jpg,[232 233 233 ... 197 191 187]
BNE_899761.jpg,[232 229 228 ... 205 181 167]
BNE_900426.jpg,[231 231 231 ... 228 229 229]
BNE_900566.jpg,[238 234 230 ... 236 235 230]
BNE_900832.jpg,[229 230 232 ... 165 163 156]
BNE_901057.jpg,[157 157 165 ... 233 233 230]
BNE_901137.jpg,[232 235 238 ... 230 227 226]
BNE_901592.jpg,[236 232 229 ... 233 230 229]
BNE_903013.jpg,[234 234 234 ... 229 211 185]
BNE_903293.jpg,[238 231 228 ... 186 183 184]
BNE_903373.jpg,[185 185 177 ... 187 181 180]
BNE_903428.jpg,[229 227 225 ... 232 235 230]
BNE_903821.jpg,[233 239 227 ... 156 169 216]
BNE_903935.jpg,[234 235 235 ... 235 225 211]
BNE_905051.jpg,[236 235 234 ... 188 179 179]
BNE_905474.jpg,[233 233 233 ... 123 134  98]
BNE_905950.jpg,[234 232 230 ... 229 232 235]
BNE_906181.jpg,[224 229 234 ... 233 233 233]
BNE_906537.jpg,[183 178 180 ... 234 234 234]
BNE_9071.jpg,[209 222 230 ... 218 211 194]
BNE_907973.jpg,[233 233 233 ... 232 232 232]
BNE_909035.jpg,[237 228 243 ... 199 195 221]
BNE_909484.jpg,[197 208 220 ... 231 231 232]
BNE_910236.jpg,[233 238 239 ... 158 159 161]
BNE_910472.jpg,[192 188 186 ... 235 237 233]
BNE_910536.jpg,[231 233 234 ... 173 170 168]
BNE_910561.jpg,[233 233 233 ... 231 239 229]
BNE_911025.jpg,[235 235 234 ... 234 234 234]
BNE_911646.jpg,[233 233 233 ... 232 234 236]
BNE_912319.jpg,[236 231 230 ... 229 239 228]
BNE_913828.jpg,[229 244 236 ... 229 231 237]
BNE_915098.jpg,[233 233 233 ... 144 145 169]
BNE_915508.jpg,[234 234 234 ... 234 234 234]
BNE_91614.jpg,[234 240 235 ... 234 234 234]
BNE_916402.jpg,[167 173 181 ... 195 185 180]
BNE_91645.jpg,[234 234 234 ... 176 181 185]
BNE_917757.jpg,[232 233 234 ... 228 214 198]
BNE_918305.jpg,[232 233 237 ... 236 233 227]
BNE_918429.jpg,[233 233 233 ... 181 181 180]
BNE_918500.jpg,[158 158 162 ... 233 235 238]
BNE_918862.jpg,[208 205 185 ... 166 166 164]
BNE_918993.jpg,[240 229 232 ... 234 232 227]
BNE_920389.jpg,[232 232 232 ... 229 229 229]
BNE_921156.jpg,[234 234 233 ... 235 235 234]
BNE_921626.jpg,[226 239 242 ... 176 174 175]
BNE_921875.jpg,[167 166 169 ... 241 235 229]
BNE_92309.jpg,[234 234 234 ... 235 233 230]
BNE_923268.jpg,[233 233 233 ... 229 226 236]
BNE_923528.jpg,[234 234 233 ... 218 211 207]
BNE_924437.jpg,[175 176 177 ... 170 168 169]
BNE_926497.jpg,[181 184 186 ... 233 233 230]
BNE_926713.jpg,[180 182 189 ... 200 210 233]
BNE_927001.jpg,[232 239 238 ... 233 228 236]
BNE_928146.jpg,[200 211 223 ... 232 234 235]
BNE_928561.jpg,[231 231 231 ... 213 220 223]
BNE_928577.jpg,[234 234 234 ... 179 175 170]
BNE_929802.jpg,[233 233 230 ... 223 223 218]
BNE_929997.jpg,[237 233 230 ... 107 152 207]
BNE_930364.jpg,[231 231 231 ... 231 233 233]
BNE_930707.jpg,[233 235 236 ... 174 173 170]
BNE_933305.jpg,[234 238 237 ... 232 233 234]
BNE_934554.jpg,[226 229 230 ... 164 163 163]
BNE_935665.jpg,[237 235 233 ... 232 231 231]
BNE_935780.jpg,[180 182 183 ... 234 234 234]
BNE_936163.jpg,[234 234 234 ... 238 236 232]
BNE_936581.jpg,[234 234 234 ... 235 234 233]
BNE_937085.jpg,[183 176 166 ... 201 173 159]
BNE_937245.jpg,[191 203 193 ... 216 202 212]
BNE_9373.jpg,[233 233 233 ... 232 232 232]
BNE_93736.jpg,[234 235 236 ... 233 232 232]
BNE_937660.jpg,[193 193 194 ... 172 178 188]
BNE_938012.jpg,[234 234 234 ... 226 232 231]
BNE_939116.jpg,[234 234 234 ... 215 200 187]
BNE_939166.jpg,[170 170 176 ... 189 181 176]
BNE_939554.jpg,[234 234 234 ... 234 234 235]
BNE_93959.jpg,[234 235 234 ... 233 233 232]
BNE_939753.jpg,[230 237 239 ... 230 235 240]
BNE_940318.jpg,[217 218 214 ... 188 194 204]
BNE_941004.jpg,[234 234 234 ... 230 228 222]
BNE_94135.jpg,[235 235 234 ... 222 216 211]
BNE_942595.jpg,[236 228 197 ... 173 174 146]
BNE_943257.jpg,[234 234 234 ... 175 160 168]
BNE_943597.jpg,[230 233 237 ... 165 164 167]
BNE_94378.jpg,[235 235 235 ... 235 236 237]
BNE_944885.jpg,[234 234 234 ... 231 230 231]
BNE_945946.jpg,[234 234 234 ... 230 229 229]
BNE_946015.jpg,[232 232 233 ... 233 231 229]
BNE_946465.jpg,[233 233 230 ... 229 220 230]
BNE_947464.jpg,[235 233 232 ... 237 236 232]
BNE_948682.jpg,[235 246 233 ... 232 225 230]
BNE_948760.jpg,[167 166 166 ... 232 232 232]
BNE_949188.jpg,[232 230 231 ... 240 235 232]
BNE_949615.jpg,[226 236 238 ... 237 236 232]
BNE_949649.jpg,[147 157 163 ... 182 179 176]
BNE_951149.jpg,[188 189 193 ... 186 180 173]
BNE_951529.jpg,[144 150 158 ... 149 147 159]
BNE_951779.jpg,[211 204 199 ... 198 171 137]
BNE_951815.jpg,[233 234 234 ... 229 228 234]
BNE_952597.jpg,[234 234 234 ... 183 166 158]
BNE_95275.jpg,[233 233 233 ... 217 226 230]
BNE_953017.jpg,[236 235 234 ... 221 214 206]
BNE_954079.jpg,[193 209 223 ... 231 233 235]
BNE_954379.jpg,[193 190 190 ... 234 234 234]
BNE_954919.jpg,[228 228 228 ... 235 232 231]
BNE_955098.jpg,[234 229 229 ... 185 186 197]
BNE_955134.jpg,[233 233 240 ... 237 238 237]
BNE_95555.jpg,[235 230 228 ... 173 165 174]
BNE_955797.jpg,[230 236 238 ... 232 234 236]
BNE_955849.jpg,[178 179 180 ... 232 232 233]
BNE_956356.jpg,[167 181 197 ... 237 236 234]
BNE_956550.jpg,[234 233 233 ... 229 230 236]
BNE_956597.jpg,[233 232 234 ... 232 229 229]
BNE_957531.jpg,[230 235 237 ... 228 240 239]
BNE_958040.jpg,[227 229 233 ... 225 226 235]
BNE_958533.jpg,[234 234 234 ... 213 235 218]
BNE_958876.jpg,[226 218 213 ... 174 172 171]
BNE_959253.jpg,[174 175 176 ... 237 239 230]
BNE_959568.jpg,[154 155 156 ... 231 231 232]
BNE_960075.jpg,[236 234 229 ... 231 233 235]
BNE_960086.jpg,[235 235 235 ... 240 239 232]
BNE_960532.jpg,[237 233 229 ... 230 231 230]
BNE_960718.jpg,[236 233 231 ... 226 213 196]
BNE_961507.jpg,[233 233 233 ... 185 174 173]
BNE_961533.jpg,[191 192 192 ... 234 234 234]
BNE_961579.jpg,[234 234 234 ... 218 216 215]
BNE_962214.jpg,[237 232 231 ... 234 234 234]
BNE_962661.jpg,[231 234 234 ... 233 235 230]
BNE_96422.jpg,[233 233 233 ... 177 178 181]
BNE_96489.jpg,[230 232 234 ... 183 196 216]
BNE_965001.jpg,[234 234 234 ... 240 240 233]
BNE_966079.jpg,[191 194 202 ... 237 236 234]
BNE_966230.jpg,[164 170 171 ... 234 233 230]
BNE_967395.jpg,[180 178 179 ... 187 184 178]
BNE_96863.jpg,[226 243 240 ... 228 224 233]
BNE_968691.jpg,[224 229 237 ... 231 224 234]
BNE_969932.jpg,[232 234 232 ... 186 186 188]
BNE_970365.jpg,[227 222 219 ... 200 204 207]
BNE_971018.jpg,[234 237 238 ... 188 173 172]
BNE_971092.jpg,[226 227 229 ... 183 183 182]
BNE_971478.jpg,[212 224 233 ... 233 233 233]
BNE_972679.jpg,[228 237 240 ... 174 179 163]
BNE_973117.jpg,[229 230 230 ... 230 232 235]
BNE_973323.jpg,[171 181 187 ... 222 221 209]
BNE_974504.jpg,[235 234 232 ... 229 231 235]
BNE_975548.jpg,[186 186 196 ... 221 197 190]
BNE_975767.jpg,[230 237 236 ... 231 227 226]
BNE_9763.jpg,[234 230 230 ... 231 232 234]
BNE_976624.jpg,[233 233 233 ... 176 173 170]
BNE_976754.jpg,[234 234 234 ... 233 233 233]
BNE_976865.jpg,[237 233 233 ... 232 233 235]
BNE_977528.jpg,[236 234 233 ... 234 231 233]
BNE_977614.jpg,[234 234 234 ... 169 171 172]
BNE_977712.jpg,[235 235 236 ... 182 180 187]
BNE_977930.jpg,[234 234 234 ... 230 239 224]
BNE_979144.jpg,[231 231 232 ... 179 177 177]
BNE_980007.jpg,[220 225 217 ... 147 193 200]
BNE_98051.jpg,[233 233 234 ... 232 234 236]
BNE_980569.jpg,[234 234 233 ... 231 232 235]
BNE_981987.jpg,[183 179 182 ... 182 186 189]
BNE_982036.jpg,[232 235 235 ... 183 177 171]
BNE_983264.jpg,[235 234 232 ... 201 220 237]
BNE_983955.jpg,[232 232 232 ... 169 175 183]
BNE_985056.jpg,[228 240 240 ... 234 236 239]
BNE_985168.jpg,[234 232 230 ... 230 231 231]
BNE_985930.jpg,[234 234 234 ... 225 218 212]
BNE_985986.jpg,[179 181 183 ... 237 238 236]
BNE_986103.jpg,[235 232 232 ... 232 230 226]
BNE_986197.jpg,[234 232 232 ... 221 235 233]
BNE_986241.jpg,[234 230 235 ... 237 225 232]
BNE_986323.jpg,[233 233 234 ... 236 234 233]
BNE_98656.jpg,[175 172 169 ... 238 225 205]
BNE_98657.jpg,[229 234 236 ... 165 165 164]
BNE_987482.jpg,[228 238 241 ... 239 235 226]
BNE_987959.jpg,[233 233 232 ... 227 227 227]
BNE_989250.jpg,[230 231 232 ... 229 231 235]
BNE_989323.jpg,[235 235 235 ... 233 230 227]
BNE_989723.jpg,[185 194 200 ... 216 223 231]
BNE_989783.jpg,[234 230 234 ... 237 238 236]
BNE_98999.jpg,[231 237 226 ... 227 205 185]
BNE_990094.jpg,[229 233 234 ... 186 186 193]
BNE_991039.jpg,[231 234 234 ... 237 235 229]
BNE_991404.jpg,[232 231 230 ... 171 174 168]
BNE_991489.jpg,[231 232 232 ... 234 234 234]
BNE_991991.jpg,[237 235 234 ... 225 232 238]
BNE_992020.jpg,[187 188 189 ... 235 233 236]
BNE_992115.jpg,[233 234 235 ... 235 235 233]
BNE_992159.jpg,[180 200 213 ... 232 236 229]
BNE_992544.jpg,[229 232 234 ... 182 184 186]
BNE_993339.jpg,[231 233 235 ... 230 232 237]
BNE_994510.jpg,[183 185 182 ... 230 221 211]
BNE_995250.jpg,[233 232 231 ... 233 232 232]
BNE_995476.jpg,[234 234 234 ... 232 229 222]
BNE_996898.jpg,[217 222 225 ... 188 206 209]
BNE_999232.jpg,[236 236 236 ... 182 198 213]
NEUTROPHIL_108931.jpg,[225 225 225 ... 214 207 198]
NEUTROPHIL_150696.jpg,[183 179 178 ... 227 230 234]
NEUTROPHIL_158274.jpg,[217 217 217 ... 135 123 123]
NEUTROPHIL_183270.jpg,[230 230 230 ... 235 211 178]
NEUTROPHIL_19429.jpg,[233 232 231 ... 227 226 226]
NEUTROPHIL_205471.jpg,[222 221 220 ... 187 189 189]
NEUTROPHIL_219512.jpg,[219 220 221 ... 182 178 175]
NEUTROPHIL_236240.jpg,[181 187 194 ... 157 173 199]
NEUTROPHIL_244662.jpg,[223 224 226 ... 224 224 223]
NEUTROPHIL_253260.jpg,[219 221 225 ... 201 219 230]
NEUTROPHIL_272014.jpg,[193 214 231 ... 199 191 189]
NEUTROPHIL_283327.jpg,[211 228 230 ... 224 224 224]
NEUTROPHIL_292100.jpg,[222 216 214 ... 219 219 219]
NEUTROPHIL_322012.jpg,[225 224 224 ...  46  90 172]
NEUTROPHIL_330663.jpg,[173 178 184 ... 230 232 228]
NEUTROPHIL_35735.jpg,[227 225 224 ... 203 196 193]
NEUTROPHIL_369264.jpg,[227 228 228 ... 158 160 161]
NEUTROPHIL_373535.jpg,[190 185 183 ... 165 153 135]
NEUTROPHIL_389433.jpg,[227 227 227 ... 164 200 227]
NEUTROPHIL_408557.jpg,[199 208 220 ... 216 215 223]
NEUTROPHIL_409124.jpg,[188 183 178 ... 195 188 192]
NEUTROPHIL_427225.jpg,[230 226 218 ... 228 227 225]
NEUTROPHIL_435447.jpg,[226 228 228 ... 221 226 233]
NEUTROPHIL_438135.jpg,[225 225 225 ... 222 220 219]
NEUTROPHIL_471493.jpg,[230 230 230 ... 180 178 178]
NEUTROPHIL_473612.jpg,[222 232 231 ... 188 192 197]
NEUTROPHIL_501624.jpg,[176 167 166 ... 226 226 226]
NEUTROPHIL_507371.jpg,[231 227 226 ... 229 229 227]
NEUTROPHIL_517556.jpg,[228 228 228 ... 229 229 227]
NEUTROPHIL_539412.jpg,[218 218 218 ... 218 219 216]
NEUTROPHIL_540543.jpg,[232 232 232 ... 173 199 202]
NEUTROPHIL_590611.jpg,[230 230 230 ... 214 213 212]
NEUTROPHIL_615770.jpg,[221 222 224 ... 221 221 221]
NEUTROPHIL_620442.jpg,[175 173 173 ... 198 199 200]
NEUTROPHIL_632329.jpg,[226 226 226 ... 194 206 214]
NEUTROPHIL_664104.jpg,[230 230 230 ... 230 228 224]
NEUTROPHIL_674828.jpg,[231 231 231 ... 181 181 180]
NEUTROPHIL_680394.jpg,[226 226 226 ... 222 223 223]
NEUTROPHIL_758129.jpg,[221 221 222 ... 203 194 190]
NEUTROPHIL_782370.jpg,[229 225 231 ... 230 230 230]
NEUTROPHIL_816359.jpg,[223 219 216 ... 219 217 218]
NEUTROPHIL_909343.jpg,[179 198 218 ... 224 225 227]
NEUTROPHIL_910228.jpg,[226 226 226 ... 224 224 223]
NEUTROPHIL_933348.jpg,[206 202 197 ... 224 227 226]
NEUTROPHIL_934358.jpg,[227 230 229 ... 226 229 231]
NEUTROPHIL_941537.jpg,[229 230 231 ... 230 231 222]
NEUTROPHIL_971896.jpg,[207 209 212 ... 217 223 228]
NEUTROPHIL_982898.jpg,[228 227 225 ... 185 186 167]
NEUTROPHIL_985581.jpg,[230 230 230 ... 224 224 227]
NEUTROPHIL_993818.jpg,[224 223 223 ... 219 221 223]
SNE_101188.jpg,[172 175 177 ... 158 157 155]
SNE_102049.jpg,[232 233 232 ... 233 231 228]
SNE_102699.jpg,[233 232 233 ... 239 241 236]
SNE_103795.jpg,[221 201 173 ... 202 225 236]
SNE_10403.jpg,[186 188 197 ... 174 170 170]
SNE_10429.jpg,[186 188 188 ... 232 232 231]
SNE_104445.jpg,[235 235 232 ... 174 167 164]
SNE_10487.jpg,[234 233 233 ... 227 235 216]
SNE_105096.jpg,[172 168 184 ... 168 166 167]
SNE_10568.jpg,[219 223 224 ... 229 238 226]
SNE_105867.jpg,[141 146 150 ... 234 234 235]
SNE_106040.jpg,[181 159 160 ... 177 189 174]
SNE_106989.jpg,[169 172 171 ... 180 186 195]
SNE_107393.jpg,[231 234 228 ... 190 180 188]
SNE_107907.jpg,[207 221 229 ... 231 233 233]
SNE_108061.jpg,[237 234 228 ... 229 233 235]
SNE_108753.jpg,[234 234 234 ... 210 196 180]
SNE_10898.jpg,[193 207 226 ... 234 236 235]
SNE_109436.jpg,[233 233 233 ... 170 170 169]
SNE_110435.jpg,[239 235 232 ... 171 176 181]
SNE_110866.jpg,[227 228 228 ... 205 211 220]
SNE_111014.jpg,[174 190 214 ... 192 181 178]
SNE_111548.jpg,[237 233 229 ... 204 221 229]
SNE_111720.jpg,[234 234 234 ... 156 158 165]
SNE_112103.jpg,[233 233 233 ... 231 230 230]
SNE_112695.jpg,[166 161 159 ... 153 153 149]
SNE_112815.jpg,[232 233 234 ... 232 225 230]
SNE_112837.jpg,[217 231 238 ... 234 235 236]
SNE_113678.jpg,[209 212 217 ... 153 154 155]
SNE_113869.jpg,[187 182 194 ... 229 214 199]
SNE_114388.jpg,[231 232 232 ... 227 228 225]
SNE_114771.jpg,[222 229 229 ... 203 203 206]
SNE_115658.jpg,[234 229 228 ... 168 169 171]
SNE_115938.jpg,[233 234 233 ... 234 212 185]
SNE_116255.jpg,[233 234 236 ... 212 197 186]
SNE_117234.jpg,[237 237 238 ... 160 168 163]
SNE_117404.jpg,[234 235 233 ... 234 234 234]
SNE_118348.jpg,[195 219 236 ... 231 233 235]
SNE_118471.jpg,[220 230 235 ... 232 230 228]
SNE_119027.jpg,[202 209 218 ... 157 166 154]
SNE_119358.jpg,[225 226 221 ... 223 212 201]
SNE_119598.jpg,[232 233 238 ... 230 232 235]
SNE_119786.jpg,[209 215 223 ... 234 232 231]
SNE_120143.jpg,[231 230 229 ... 199 206 222]
SNE_12043.jpg,[233 233 233 ... 179 178 177]
SNE_120844.jpg,[231 232 231 ... 240 246 234]
SNE_122854.jpg,[207 211 214 ... 171 166 163]
SNE_122865.jpg,[231 234 237 ... 233 231 230]
SNE_122993.jpg,[233 227 213 ... 182 170 164]
SNE_123419.jpg,[229 216 201 ... 229 231 237]
SNE_124356.jpg,[140 174 188 ... 188 192 213]
SNE_125468.jpg,[228 235 237 ... 179 174 173]
SNE_125477.jpg,[231 238 232 ... 231 231 233]
SNE_125792.jpg,[230 235 237 ... 199 191 192]
SNE_126017.jpg,[230 233 234 ... 179 206 202]
SNE_126817.jpg,[233 233 233 ... 187 187 191]
SNE_126871.jpg,[196 194 193 ... 117 173 224]
SNE_12708.jpg,[228 227 223 ... 225 226 227]
SNE_128810.jpg,[239 237 233 ... 172 169 184]
SNE_129727.jpg,[202 219 232 ... 236 235 233]
SNE_130010.jpg,[232 234 236 ... 213 192 174]
SNE_130136.jpg,[149 157 164 ... 135 193 228]
SNE_130192.jpg,[177 172 139 ... 205 226 231]
SNE_130422.jpg,[234 234 234 ... 223 221 225]
SNE_131610.jpg,[236 236 236 ... 234 234 235]
SNE_131711.jpg,[229 237 236 ... 181 169 169]
SNE_131912.jpg,[191 189 187 ... 233 233 233]
SNE_133297.jpg,[214 230 230 ... 231 231 231]
SNE_133532.jpg,[231 234 223 ... 181 179 174]
SNE_133810.jpg,[234 230 237 ... 187 184 182]
SNE_13420.jpg,[234 234 234 ... 202 202 202]
SNE_134204.jpg,[225 226 231 ... 234 234 234]
SNE_13626.jpg,[195 177 165 ... 183 184 186]
SNE_137703.jpg,[160 167 171 ... 232 229 238]
SNE_138139.jpg,[232 238 217 ... 196 185 178]
SNE_13843.jpg,[191 195 199 ... 207 192 179]
SNE_138431.jpg,[235 234 232 ... 221 223 224]
SNE_139017.jpg,[235 234 230 ... 204 188 180]
SNE_139869.jpg,[161 159 162 ... 219 206 195]
SNE_13989.jpg,[235 235 235 ... 158 162 165]
SNE_14041.jpg,[232 232 232 ... 232 227 220]
SNE_140435.jpg,[205 196 179 ... 227 224 220]
SNE_140717.jpg,[231 231 231 ... 210 211 212]
SNE_140904.jpg,[184 183 180 ... 232 233 233]
SNE_141017.jpg,[173 187 191 ... 176 184 187]
SNE_141171.jpg,[186 182 181 ... 230 229 230]
SNE_142258.jpg,[235 235 235 ... 173 175 179]
SNE_142496.jpg,[198 208 206 ... 188 198 189]
SNE_142694.jpg,[233 233 233 ... 164 169 177]
SNE_143231.jpg,[169 161 159 ... 172 186 177]
SNE_143493.jpg,[225 224 202 ... 227 236 230]
SNE_144334.jpg,[220 236 231 ... 164 166 175]
SNE_144826.jpg,[210 203 192 ... 164 183 185]
SNE_145127.jpg,[233 233 233 ... 232 233 233]
SNE_145282.jpg,[187 205 224 ... 233 223 212]
SNE_145546.jpg,[229 231 240 ... 217 204 193]
SNE_145845.jpg,[215 235 238 ... 179 181 181]
SNE_146353.jpg,[234 235 234 ... 237 235 232]
SNE_147263.jpg,[234 235 234 ... 184 182 181]
SNE_147463.jpg,[172 190 214 ... 202 187 192]
SNE_14748.jpg,[185 158 147 ... 153 176 180]
SNE_148442.jpg,[180 181 182 ... 166 214 201]
SNE_148499.jpg,[151 160 166 ... 232 232 232]
SNE_148813.jpg,[241 238 233 ... 234 232 229]
SNE_149300.jpg,[185 181 183 ... 174 189 219]
SNE_151251.jpg,[162 162 162 ... 235 234 233]
SNE_151342.jpg,[236 234 232 ... 192 187 183]
SNE_151739.jpg,[236 232 233 ... 231 233 234]
SNE_152502.jpg,[238 233 228 ... 234 235 234]
SNE_153589.jpg,[233 234 233 ... 232 234 235]
SNE_153736.jpg,[231 232 234 ... 232 231 231]
SNE_153895.jpg,[233 233 233 ... 217 228 233]
SNE_155159.jpg,[233 231 229 ... 230 230 231]
SNE_156474.jpg,[233 234 233 ... 231 232 233]
SNE_156637.jpg,[169 178 181 ... 187 173 172]
SNE_157076.jpg,[171 171 178 ... 235 234 234]
SNE_157268.jpg,[235 232 233 ... 234 213 208]
SNE_157433.jpg,[233 233 234 ... 227 228 237]
SNE_157991.jpg,[232 233 233 ... 209 223 231]
SNE_158150.jpg,[173 165 167 ... 184 183 188]
SNE_158196.jpg,[230 234 237 ... 217 187 197]
SNE_158302.jpg,[233 239 237 ... 233 235 235]
SNE_158445.jpg,[225 226 227 ... 229 234 236]
SNE_159393.jpg,[135 134 133 ... 121 172 183]
SNE_159739.jpg,[216 214 212 ... 202 196 185]
SNE_159793.jpg,[235 234 233 ... 225 225 229]
SNE_15997.jpg,[234 231 232 ... 236 236 236]
SNE_160.jpg,[226 231 235 ... 235 235 232]
SNE_160181.jpg,[234 234 234 ... 190 196 187]
SNE_160550.jpg,[232 220 215 ... 230 230 230]
SNE_160733.jpg,[230 233 236 ... 230 230 231]
SNE_161756.jpg,[153 152 152 ... 151 168 167]
SNE_161813.jpg,[230 231 232 ... 195 195 173]
SNE_162596.jpg,[230 233 236 ... 232 231 234]
SNE_162958.jpg,[179 189 192 ... 233 233 232]
SNE_163138.jpg,[219 221 219 ... 179 174 175]
SNE_163823.jpg,[231 231 230 ... 168 185 178]
SNE_164455.jpg,[228 232 231 ... 180 178 177]
SNE_164897.jpg,[146 152 151 ... 235 227 236]
SNE_165041.jpg,[237 234 232 ... 188 190 192]
SNE_166616.jpg,[212 215 211 ... 209 218 226]
SNE_167929.jpg,[232 236 236 ... 176 210 228]
SNE_168952.jpg,[177 171 168 ... 230 226 242]
SNE_169776.jpg,[231 234 234 ... 229 230 231]
SNE_169881.jpg,[195 200 203 ... 234 234 234]
SNE_170589.jpg,[234 232 232 ... 195 192 195]
SNE_171033.jpg,[236 233 233 ... 228 217 191]
SNE_173457.jpg,[232 232 231 ... 234 234 233]
SNE_173730.jpg,[233 233 233 ... 159 163 162]
SNE_174050.jpg,[234 235 234 ... 232 230 218]
SNE_174973.jpg,[232 233 233 ... 233 232 230]
SNE_175362.jpg,[231 232 234 ... 233 232 232]
SNE_175767.jpg,[224 229 234 ... 232 234 234]
SNE_17629.jpg,[231 232 230 ... 190 177 177]
SNE_176357.jpg,[235 234 234 ... 235 231 234]
SNE_17636.jpg,[234 234 234 ... 238 221 234]
SNE_178886.jpg,[232 234 236 ... 169 169 167]
SNE_179309.jpg,[157 155 170 ... 167 167 164]
SNE_180156.jpg,[233 234 233 ... 234 235 235]
SNE_180966.jpg,[206 213 224 ... 223 194 185]
SNE_181343.jpg,[235 234 234 ... 236 237 237]
SNE_181877.jpg,[183 187 190 ... 234 238 240]
SNE_182040.jpg,[233 233 233 ... 185 191 180]
SNE_182145.jpg,[232 232 232 ... 231 233 234]
SNE_182229.jpg,[173 185 191 ... 233 233 233]
SNE_182336.jpg,[179 182 181 ... 232 234 233]
SNE_183003.jpg,[235 235 234 ... 238 237 234]
SNE_183125.jpg,[233 237 239 ... 199 198 198]
SNE_183410.jpg,[234 234 234 ... 234 237 240]
SNE_183790.jpg,[230 239 240 ... 174 167 167]
SNE_184155.jpg,[236 236 236 ... 201 196 197]
SNE_184726.jpg,[234 235 235 ... 233 233 232]
SNE_184903.jpg,[190 188 186 ... 237 234 230]
SNE_185225.jpg,[232 230 229 ... 168 169 170]
SNE_185661.jpg,[222 218 211 ... 154 163 188]
SNE_185829.jpg,[232 232 230 ... 156 168 189]
SNE_187967.jpg,[189 190 198 ... 231 220 211]
SNE_189373.jpg,[167 147 115 ... 232 239 234]
SNE_18961.jpg,[172 176 179 ... 234 234 234]
SNE_189642.jpg,[226 234 236 ... 232 232 235]
SNE_189684.jpg,[235 237 237 ... 236 237 238]
SNE_189918.jpg,[234 234 234 ... 131 199 241]
SNE_189979.jpg,[159 142 121 ... 167 195 224]
SNE_190191.jpg,[161 175 165 ... 204 210 215]
SNE_19025.jpg,[195 197 198 ... 232 232 232]
SNE_190775.jpg,[230 230 231 ... 231 231 231]
SNE_191339.jpg,[232 228 226 ... 218 222 227]
SNE_192321.jpg,[191 185 187 ... 228 231 234]
SNE_193682.jpg,[229 232 235 ... 166 162 169]
SNE_19457.jpg,[233 233 233 ... 223 221 220]
SNE_194857.jpg,[234 234 234 ... 233 233 233]
SNE_195517.jpg,[175 183 184 ... 233 234 234]
SNE_195911.jpg,[231 233 234 ... 232 232 231]
SNE_196142.jpg,[233 233 233 ... 234 233 233]
SNE_196369.jpg,[208 204 199 ... 234 234 234]
SNE_19711.jpg,[232 230 228 ... 232 231 229]
SNE_197208.jpg,[231 233 234 ... 231 232 232]
SNE_198347.jpg,[236 237 238 ... 231 234 236]
SNE_198471.jpg,[177 174 172 ... 231 230 230]
SNE_19917.jpg,[234 229 231 ... 208 196 188]
SNE_199336.jpg,[235 232 230 ... 156 195 209]
SNE_199596.jpg,[167 163 161 ... 236 231 231]
SNE_200252.jpg,[233 233 233 ... 194 188 180]
SNE_200362.jpg,[238 235 229 ... 234 235 237]
SNE_200484.jpg,[223 227 226 ... 230 230 232]
SNE_200666.jpg,[236 231 230 ... 220 213 210]
SNE_202212.jpg,[240 230 232 ... 231 234 238]
SNE_202672.jpg,[155 157 160 ... 229 229 231]
SNE_202879.jpg,[235 234 234 ... 233 237 238]
SNE_203120.jpg,[233 233 233 ... 182 188 193]
SNE_203743.jpg,[234 234 234 ... 235 236 233]
SNE_203878.jpg,[162 157 151 ... 167 173 177]
SNE_204075.jpg,[234 234 234 ... 228 229 231]
SNE_20410.jpg,[239 237 234 ... 234 234 234]
SNE_204853.jpg,[230 223 203 ... 168 147 121]
SNE_205163.jpg,[231 226 209 ... 233 227 231]
SNE_205547.jpg,[184 179 168 ... 209 214 236]
SNE_206298.jpg,[236 234 233 ... 145 147 149]
SNE_206523.jpg,[176 192 211 ... 172 170 167]
SNE_206630.jpg,[227 225 225 ... 219 219 207]
SNE_207129.jpg,[232 238 237 ... 166 180 200]
SNE_207145.jpg,[234 236 235 ... 177 176 175]
SNE_207714.jpg,[181 197 191 ... 190 192 192]
SNE_207762.jpg,[184 183 178 ... 232 238 233]
SNE_208866.jpg,[233 234 236 ... 240 233 232]
SNE_208978.jpg,[191 199 213 ... 241 229 210]
SNE_209080.jpg,[170 170 167 ... 233 233 233]
SNE_209297.jpg,[235 234 232 ... 153 150 160]
SNE_209710.jpg,[234 234 234 ... 223 200 176]
SNE_209892.jpg,[234 234 234 ... 226 223 230]
SNE_210288.jpg,[175 174 178 ... 229 232 236]
SNE_210712.jpg,[195 200 203 ... 196 199 205]
SNE_210936.jpg,[218 215 211 ... 143 174 197]
SNE_211341.jpg,[234 233 233 ... 232 231 230]
SNE_211465.jpg,[233 234 235 ... 231 231 232]
SNE_214327.jpg,[175 177 179 ... 177 208 220]
SNE_214459.jpg,[231 232 232 ... 236 237 236]
SNE_214698.jpg,[235 234 234 ... 226 228 234]
SNE_215075.jpg,[236 232 234 ... 232 233 231]
SNE_215306.jpg,[228 230 231 ... 183 188 192]
SNE_215853.jpg,[236 228 227 ... 174 173 171]
SNE_217857.jpg,[201 208 182 ... 229 229 231]
SNE_217967.jpg,[184 188 191 ... 234 234 234]
SNE_218093.jpg,[157 150 152 ... 223 225 226]
SNE_218168.jpg,[179 179 186 ... 177 181 184]
SNE_218509.jpg,[232 232 241 ... 171 172 176]
SNE_219152.jpg,[236 234 232 ... 178 182 189]
SNE_219189.jpg,[180 173 173 ... 166 172 164]
SNE_219641.jpg,[206 202 210 ... 232 228 232]
SNE_219712.jpg,[232 232 232 ... 228 228 229]
SNE_221310.jpg,[187 196 213 ... 213 216 222]
SNE_221335.jpg,[230 229 224 ... 235 237 235]
SNE_221448.jpg,[155 159 163 ... 165 158 147]
SNE_223132.jpg,[224 240 217 ... 182 187 169]
SNE_223437.jpg,[172 183 185 ... 233 230 225]
SNE_224062.jpg,[197 185 178 ... 185 183 182]
SNE_224317.jpg,[232 230 230 ... 234 229 217]
SNE_226032.jpg,[233 228 228 ... 227 227 225]
SNE_226132.jpg,[231 233 235 ... 233 233 233]
SNE_226350.jpg,[238 236 234 ... 234 223 212]
SNE_226369.jpg,[174 175 180 ... 182 178 175]
SNE_22661.jpg,[228 234 238 ... 236 235 230]
SNE_227560.jpg,[230 231 233 ... 229 238 236]
SNE_227710.jpg,[224 227 230 ... 230 233 233]
SNE_228880.jpg,[159 164 166 ... 151 153 159]
SNE_22896.jpg,[235 245 238 ... 230 230 233]
SNE_229212.jpg,[153 155 157 ... 197 189 183]
SNE_229368.jpg,[167 170 184 ... 159 160 164]
SNE_230756.jpg,[235 232 235 ... 196 191 189]
SNE_230831.jpg,[232 232 232 ... 168 167 166]
SNE_230902.jpg,[236 235 234 ... 235 236 235]
SNE_230994.jpg,[229 232 232 ... 166 164 163]
SNE_231165.jpg,[169 168 167 ... 167 174 186]
SNE_231925.jpg,[238 231 227 ... 230 219 202]
SNE_231937.jpg,[171 187 211 ... 168 166 157]
SNE_23265.jpg,[233 235 234 ... 188 188 187]
SNE_234830.jpg,[143 144 147 ... 205 204 201]
SNE_235627.jpg,[223 213 208 ... 176 179 182]
SNE_235653.jpg,[220 220 220 ... 164 165 166]
SNE_23742.jpg,[231 234 235 ... 233 235 236]
SNE_238278.jpg,[235 229 229 ... 232 232 229]
SNE_238919.jpg,[234 234 234 ... 234 234 234]
SNE_23955.jpg,[236 235 233 ... 175 175 171]
SNE_239560.jpg,[234 235 234 ... 176 178 182]
SNE_24126.jpg,[235 224 222 ... 225 226 228]
SNE_241361.jpg,[233 233 233 ... 164 166 167]
SNE_241620.jpg,[230 236 234 ... 225 218 210]
SNE_24189.jpg,[240 235 232 ... 200 182 173]
SNE_242266.jpg,[236 233 231 ... 197 198 199]
SNE_242356.jpg,[168 179 187 ... 171 171 177]
SNE_242915.jpg,[227 226 224 ... 199 216 230]
SNE_243234.jpg,[226 236 231 ... 236 237 235]
SNE_243399.jpg,[227 226 227 ... 194 189 187]
SNE_244555.jpg,[235 233 234 ... 232 232 234]
SNE_24470.jpg,[229 235 237 ... 221 222 229]
SNE_245577.jpg,[190 179 167 ... 182 183 184]
SNE_245640.jpg,[232 233 231 ... 184 178 180]
SNE_246181.jpg,[181 186 194 ... 238 238 232]
SNE_247632.jpg,[230 233 237 ... 234 236 239]
SNE_248543.jpg,[235 233 232 ... 200 200 198]
SNE_248746.jpg,[157 160 162 ... 235 233 231]
SNE_249286.jpg,[235 234 231 ... 229 224 236]
SNE_249290.jpg,[233 231 230 ... 231 228 226]
SNE_250853.jpg,[228 231 234 ... 180 179 173]
SNE_250922.jpg,[229 214 209 ... 208 213 215]
SNE_251641.jpg,[238 241 220 ... 130 153 190]
SNE_251761.jpg,[224 227 231 ... 231 233 235]
SNE_252116.jpg,[232 232 232 ... 233 233 232]
SNE_253964.jpg,[181 183 185 ... 148 147 136]
SNE_254489.jpg,[160 153 152 ... 235 234 233]
SNE_254843.jpg,[235 234 232 ... 232 232 230]
SNE_255440.jpg,[238 237 236 ... 234 234 234]
SNE_255562.jpg,[220 215 193 ... 227 233 232]
SNE_256151.jpg,[182 178 176 ... 234 209 190]
SNE_256595.jpg,[196 203 197 ... 183 183 175]
SNE_257510.jpg,[227 238 240 ... 229 230 239]
SNE_257590.jpg,[234 234 234 ... 202 194 191]
SNE_25945.jpg,[231 232 234 ... 211 225 213]
SNE_260144.jpg,[185 202 205 ... 158 168 160]
SNE_261351.jpg,[200 202 207 ... 233 233 233]
SNE_262782.jpg,[233 233 233 ... 232 232 233]
SNE_263049.jpg,[234 224 228 ... 230 230 231]
SNE_263163.jpg,[187 201 216 ... 231 231 231]
SNE_263591.jpg,[185 204 224 ... 183 179 180]
SNE_263690.jpg,[186 175 172 ... 204 200 195]
SNE_265019.jpg,[239 232 226 ... 223 236 227]
SNE_26512.jpg,[203 201 207 ... 218 219 223]
SNE_265901.jpg,[187 193 208 ... 233 234 236]
SNE_26596.jpg,[234 234 234 ... 178 173 162]
SNE_266723.jpg,[170 168 166 ... 233 234 236]
SNE_269038.jpg,[186 196 210 ... 237 236 237]
SNE_269337.jpg,[191 198 208 ... 232 232 232]
SNE_269886.jpg,[225 227 227 ... 159 160 174]
SNE_269917.jpg,[172 171 173 ... 211 217 220]
SNE_271109.jpg,[169 175 190 ... 227 229 233]
SNE_271323.jpg,[183 185 185 ... 234 218 199]
SNE_271495.jpg,[233 233 233 ... 232 232 232]
SNE_271690.jpg,[231 233 234 ... 239 237 232]
SNE_272527.jpg,[232 234 235 ... 225 225 227]
SNE_273217.jpg,[228 234 239 ... 165 189 197]
SNE_273219.jpg,[233 233 233 ... 230 233 235]
SNE_273267.jpg,[159 160 159 ... 225 234 239]
SNE_273364.jpg,[191 201 216 ... 181 199 204]
SNE_274583.jpg,[231 234 232 ... 232 232 233]
SNE_274866.jpg,[215 204 172 ... 235 233 230]
SNE_275361.jpg,[182 184 187 ... 231 227 246]
SNE_276067.jpg,[235 235 235 ... 164 164 163]
SNE_276203.jpg,[234 234 234 ... 182 177 171]
SNE_277157.jpg,[231 233 234 ... 167 167 166]
SNE_278647.jpg,[236 231 230 ... 230 230 230]
SNE_279281.jpg,[233 236 236 ... 197 195 214]
SNE_280149.jpg,[235 218 208 ... 161 157 164]
SNE_280216.jpg,[232 241 234 ... 231 230 232]
SNE_28048.jpg,[221 201 179 ... 144 138 140]
SNE_280533.jpg,[233 234 235 ... 234 232 229]
SNE_280544.jpg,[233 233 233 ... 232 230 233]
SNE_280927.jpg,[183 187 196 ... 226 227 227]
SNE_281850.jpg,[231 234 234 ... 232 232 232]
SNE_282692.jpg,[203 192 179 ... 183 182 172]
SNE_285336.jpg,[233 234 235 ... 237 237 234]
SNE_285625.jpg,[189 186 183 ... 176 185 185]
SNE_286384.jpg,[194 192 177 ... 161 161 155]
SNE_286987.jpg,[182 184 189 ... 163 163 161]
SNE_287238.jpg,[184 186 188 ... 234 233 232]
SNE_287997.jpg,[186 186 182 ... 239 219 198]
SNE_289676.jpg,[232 235 234 ... 205 225 237]
SNE_290162.jpg,[231 232 234 ... 233 232 233]
SNE_291570.jpg,[231 230 230 ... 235 235 234]
SNE_292321.jpg,[231 231 230 ... 231 229 241]
SNE_292418.jpg,[234 233 231 ... 218 228 235]
SNE_292606.jpg,[234 234 234 ... 235 235 231]
SNE_293050.jpg,[226 236 220 ... 166 173 146]
SNE_29472.jpg,[186 184 190 ... 188 179 169]
SNE_295383.jpg,[124 175 199 ... 226 227 223]
SNE_296573.jpg,[179 174 175 ... 187 185 196]
SNE_297795.jpg,[227 227 226 ... 234 234 234]
SNE_297935.jpg,[232 233 235 ... 232 234 234]
SNE_298760.jpg,[203 188 181 ... 194 194 191]
SNE_301003.jpg,[232 236 230 ... 229 231 236]
SNE_302902.jpg,[237 232 231 ... 216 227 238]
SNE_30327.jpg,[230 229 229 ... 223 208 196]
SNE_303322.jpg,[184 194 206 ... 199 191 185]
SNE_303729.jpg,[229 223 222 ... 233 233 233]
SNE_303827.jpg,[235 235 235 ... 224 229 236]
SNE_304261.jpg,[233 233 233 ... 189 190 187]
SNE_304405.jpg,[217 232 231 ... 183 181 182]
SNE_304432.jpg,[238 230 228 ... 232 232 232]
SNE_304452.jpg,[237 236 235 ... 195 194 194]
SNE_305002.jpg,[224 238 237 ... 164 180 231]
SNE_305469.jpg,[234 235 236 ... 240 231 235]
SNE_305627.jpg,[234 230 232 ... 169 169 172]
SNE_306466.jpg,[239 235 241 ... 230 228 244]
SNE_30720.jpg,[235 231 232 ... 226 203 175]
SNE_307829.jpg,[234 237 236 ... 237 230 227]
SNE_308177.jpg,[233 233 232 ... 234 234 234]
SNE_308219.jpg,[239 235 231 ... 234 234 234]
SNE_308376.jpg,[165 178 190 ... 165 170 166]
SNE_308878.jpg,[236 229 215 ... 188 181 183]
SNE_309954.jpg,[162 165 171 ... 115 109 117]
SNE_310178.jpg,[205 200 211 ... 177 184 191]
SNE_310624.jpg,[238 231 228 ... 232 245 237]
SNE_310817.jpg,[233 226 234 ... 184 172 168]
SNE_311362.jpg,[210 227 240 ... 184 193 202]
SNE_311422.jpg,[233 235 232 ... 169 165 164]
SNE_313849.jpg,[151 172 183 ... 111 124 148]
SNE_313880.jpg,[234 234 234 ... 230 227 221]
SNE_314177.jpg,[229 234 234 ... 232 231 230]
SNE_314380.jpg,[185 185 184 ... 209 216 217]
SNE_314661.jpg,[159 157 163 ... 232 232 233]
SNE_315646.jpg,[222 234 227 ... 228 233 220]
SNE_316202.jpg,[ 55  66  73 ... 162 175 158]
SNE_316972.jpg,[175 128  91 ... 229 230 230]
SNE_317122.jpg,[178 179 177 ... 231 231 231]
SNE_319081.jpg,[178 181 184 ... 229 233 243]
SNE_319893.jpg,[ 58  90 127 ... 176 186 196]
SNE_320831.jpg,[167 172 175 ... 224 219 213]
SNE_32210.jpg,[191 189 202 ... 164 165 164]
SNE_323373.jpg,[173 193 205 ... 171 170 174]
SNE_323753.jpg,[233 233 233 ... 232 232 232]
SNE_323944.jpg,[230 231 232 ... 233 232 231]
SNE_324033.jpg,[237 233 235 ... 179 175 177]
SNE_325145.jpg,[231 236 237 ... 184 179 179]
SNE_326733.jpg,[168 174 177 ... 233 234 235]
SNE_327603.jpg,[233 233 233 ... 201 184 180]
SNE_328930.jpg,[234 234 234 ... 233 233 233]
SNE_329838.jpg,[234 233 233 ... 237 237 232]
SNE_330099.jpg,[234 234 234 ... 234 234 234]
SNE_330213.jpg,[235 234 232 ... 234 233 233]
SNE_332004.jpg,[162 155 153 ... 235 234 231]
SNE_332943.jpg,[162 154 152 ... 167 165 157]
SNE_333169.jpg,[232 232 232 ... 234 234 234]
SNE_333218.jpg,[162 161 161 ... 171 176 177]
SNE_333737.jpg,[233 234 233 ... 228 235 214]
SNE_334919.jpg,[230 240 239 ... 206 215 225]
SNE_334920.jpg,[219 220 214 ... 174 171 174]
SNE_336220.jpg,[235 238 238 ... 233 233 233]
SNE_33661.jpg,[231 232 234 ... 232 233 228]
SNE_337880.jpg,[224 245 232 ... 230 234 228]
SNE_338117.jpg,[228 236 232 ... 204 196 186]
SNE_338242.jpg,[233 234 229 ... 232 231 230]
SNE_339035.jpg,[183 182 182 ... 188 183 188]
SNE_339538.jpg,[234 234 235 ... 172 171 167]
SNE_339572.jpg,[230 212 194 ... 231 233 235]
SNE_339610.jpg,[223 227 229 ... 231 232 232]
SNE_340205.jpg,[234 234 234 ... 167 160 162]
SNE_341145.jpg,[168 168 168 ... 234 234 234]
SNE_341311.jpg,[168 169 169 ... 163 199 236]
SNE_34243.jpg,[237 234 232 ... 232 232 230]
SNE_342586.jpg,[141 143 146 ... 234 234 234]
SNE_343862.jpg,[167 169 170 ... 203 198 193]
SNE_344447.jpg,[190 183 153 ... 196 195 201]
SNE_344636.jpg,[179 181 185 ... 191 175 172]
SNE_344985.jpg,[226 223 219 ... 230 233 235]
SNE_345111.jpg,[233 232 232 ... 173 173 173]
SNE_345629.jpg,[173 166 161 ... 232 232 232]
SNE_348778.jpg,[234 232 233 ... 232 236 236]
SNE_350176.jpg,[174 191 207 ... 223 230 236]
SNE_350231.jpg,[231 239 241 ... 238 234 229]
SNE_35078.jpg,[240 231 233 ... 230 231 235]
SNE_350843.jpg,[231 234 235 ... 230 231 234]
SNE_350920.jpg,[173 174 175 ... 216 200 187]
SNE_351797.jpg,[237 236 231 ... 236 235 232]
SNE_352977.jpg,[139 151 181 ... 152 182 182]
SNE_352995.jpg,[234 233 221 ... 233 230 227]
SNE_353210.jpg,[234 230 231 ... 235 227 231]
SNE_355772.jpg,[225 230 234 ... 231 231 231]
SNE_355910.jpg,[169 170 171 ... 135 144 198]
SNE_356080.jpg,[235 230 217 ... 187 186 183]
SNE_357478.jpg,[229 238 242 ... 233 233 232]
SNE_357649.jpg,[236 236 236 ... 233 234 234]
SNE_358113.jpg,[185 190 196 ... 190 184 176]
SNE_358136.jpg,[240 229 226 ... 229 227 236]
SNE_358253.jpg,[183 180 181 ... 214 221 226]
SNE_358297.jpg,[234 234 234 ... 183 186 189]
SNE_358592.jpg,[187 187 151 ... 192 212 219]
SNE_359147.jpg,[223 233 238 ... 233 232 232]
SNE_360421.jpg,[233 233 233 ... 164 164 163]
SNE_36183.jpg,[235 236 233 ... 223 224 228]
SNE_361921.jpg,[234 231 227 ... 229 231 241]
SNE_36219.jpg,[179 172 173 ... 165 165 165]
SNE_362408.jpg,[233 231 229 ... 237 234 231]
SNE_362409.jpg,[228 224 217 ... 226 231 238]
SNE_363098.jpg,[216 233 225 ... 161 153 136]
SNE_363370.jpg,[235 231 237 ... 224 214 215]
SNE_363446.jpg,[177 189 210 ... 235 235 236]
SNE_364066.jpg,[233 234 234 ... 204 196 186]
SNE_364300.jpg,[176 182 195 ... 218 206 195]
SNE_364743.jpg,[161 169 188 ... 223 201 181]
SNE_364922.jpg,[199 222 239 ... 232 232 229]
SNE_36496.jpg,[171 172 182 ... 237 237 233]
SNE_364981.jpg,[236 195 157 ... 210 199 191]
SNE_36531.jpg,[234 224 212 ... 171 155 182]
SNE_365900.jpg,[233 231 229 ... 196 199 212]
SNE_366402.jpg,[232 231 231 ... 227 232 228]
SNE_366990.jpg,[229 230 231 ... 219 204 206]
SNE_367710.jpg,[236 236 236 ... 240 238 231]
SNE_37089.jpg,[236 234 232 ... 234 234 234]
SNE_371956.jpg,[168 174 179 ... 179 180 187]
SNE_372018.jpg,[234 234 234 ... 234 234 234]
SNE_372299.jpg,[190 198 207 ... 171 203 223]
SNE_373271.jpg,[159 160 169 ... 187 179 194]
SNE_373512.jpg,[232 235 236 ... 234 235 233]
SNE_374094.jpg,[208 220 235 ... 170 170 170]
SNE_374420.jpg,[233 232 231 ... 173 169 174]
SNE_374597.jpg,[234 231 232 ... 205 206 206]
SNE_374959.jpg,[193 177 188 ... 184 177 168]
SNE_375215.jpg,[235 232 232 ... 165 163 162]
SNE_375258.jpg,[233 233 233 ... 234 234 233]
SNE_375296.jpg,[236 233 232 ... 185 187 190]
SNE_3754.jpg,[232 238 236 ... 234 236 234]
SNE_375821.jpg,[236 241 234 ... 154 166 193]
SNE_375899.jpg,[230 229 229 ... 221 219 212]
SNE_376675.jpg,[236 236 234 ... 185 190 194]
SNE_376752.jpg,[230 230 230 ... 232 231 227]
SNE_376973.jpg,[232 232 236 ... 230 223 207]
SNE_378472.jpg,[238 234 230 ... 234 236 234]
SNE_379032.jpg,[233 235 235 ... 233 234 236]
SNE_379254.jpg,[229 240 243 ... 149 208 223]
SNE_379742.jpg,[ 45  66 100 ... 223 225 226]
SNE_380575.jpg,[190 179 182 ... 183 183 193]
SNE_380978.jpg,[172 172 182 ... 231 232 235]
SNE_381415.jpg,[194 211 229 ... 234 234 234]
SNE_381430.jpg,[232 236 237 ... 212 188 173]
SNE_381785.jpg,[234 235 235 ... 235 235 234]
SNE_382444.jpg,[230 232 234 ... 231 234 235]
SNE_382898.jpg,[184 205 227 ... 234 233 232]
SNE_383256.jpg,[227 235 232 ... 225 226 226]
SNE_383651.jpg,[203 204 206 ... 234 234 232]
SNE_383824.jpg,[174 179 184 ... 235 230 220]
SNE_385589.jpg,[233 234 235 ... 171 176 175]
SNE_385613.jpg,[182 182 181 ... 220 212 208]
SNE_385652.jpg,[232 232 232 ... 186 176 180]
SNE_386155.jpg,[236 231 227 ... 148 165 185]
SNE_386488.jpg,[208 190 200 ... 195 186 184]
SNE_386870.jpg,[201 208 218 ... 196 197 197]
SNE_386954.jpg,[234 233 233 ... 229 222 220]
SNE_387264.jpg,[230 237 240 ... 236 235 234]
SNE_387274.jpg,[230 235 231 ... 178 185 188]
SNE_388709.jpg,[233 227 229 ... 191 187 195]
SNE_388847.jpg,[235 235 235 ... 237 235 235]
SNE_388881.jpg,[236 236 236 ... 167 176 184]
SNE_389572.jpg,[190 183 188 ... 186 173 163]
SNE_389659.jpg,[173 181 183 ... 238 230 219]
SNE_390699.jpg,[187 207 227 ... 192 186 183]
SNE_390822.jpg,[206 206 193 ... 209 187 175]
SNE_390859.jpg,[171 167 167 ... 231 230 230]
SNE_390997.jpg,[220 228 234 ... 237 235 234]
SNE_392001.jpg,[232 233 231 ... 235 233 229]
SNE_392106.jpg,[235 238 239 ... 233 235 238]
SNE_392617.jpg,[232 232 233 ... 181 185 190]
SNE_393713.jpg,[173 174 185 ... 223 236 237]
SNE_394048.jpg,[233 233 233 ... 165 163 164]
SNE_394122.jpg,[158 161 173 ... 234 232 229]
SNE_394622.jpg,[233 235 232 ... 172 172 175]
SNE_394861.jpg,[232 234 236 ... 228 229 234]
SNE_395210.jpg,[180 175 166 ... 236 234 231]
SNE_395253.jpg,[233 232 232 ... 155 153 156]
SNE_395866.jpg,[238 236 234 ... 216 222 228]
SNE_396735.jpg,[176 179 182 ... 245 244 227]
SNE_397471.jpg,[159 159 161 ... 192 175 163]
SNE_398870.jpg,[164 160 162 ... 229 233 238]
SNE_399454.jpg,[163 165 167 ... 190 192 194]
SNE_399708.jpg,[234 232 232 ... 212 204 203]
SNE_399998.jpg,[203 217 222 ... 180 178 176]
SNE_400193.jpg,[172 167 170 ... 188 179 153]
SNE_400327.jpg,[235 235 233 ... 224 226 239]
SNE_401003.jpg,[231 233 236 ... 197 204 209]
SNE_401211.jpg,[236 194 176 ... 170 164 148]
SNE_401430.jpg,[237 236 234 ... 233 233 238]
SNE_401509.jpg,[188 206 223 ... 227 227 231]
SNE_401654.jpg,[233 231 230 ... 163 169 168]
SNE_402139.jpg,[235 233 231 ... 223 231 238]
SNE_402177.jpg,[175 172 180 ... 234 235 235]
SNE_402317.jpg,[157 166 172 ... 156 166 209]
SNE_40278.jpg,[234 232 232 ... 234 235 228]
SNE_402972.jpg,[233 233 234 ... 168 168 168]
SNE_40306.jpg,[213 220 218 ... 191 192 191]
SNE_403663.jpg,[183 181 179 ... 177 180 187]
SNE_403956.jpg,[236 233 237 ... 207 180 163]
SNE_404174.jpg,[171 171 168 ... 234 236 231]
SNE_404231.jpg,[197 216 230 ... 232 229 237]
SNE_404265.jpg,[230 229 224 ... 198 211 234]
SNE_404595.jpg,[171 175 182 ... 234 234 232]
SNE_405383.jpg,[116  97  67 ... 189 216 200]
SNE_405975.jpg,[234 233 237 ... 235 233 228]
SNE_406359.jpg,[164 178 204 ... 234 233 231]
SNE_406546.jpg,[233 233 233 ... 232 232 232]
SNE_406667.jpg,[191 221 235 ... 238 237 228]
SNE_406702.jpg,[234 234 234 ... 230 215 203]
SNE_407809.jpg,[235 235 235 ... 234 234 234]
SNE_408047.jpg,[233 228 233 ... 235 233 231]
SNE_409307.jpg,[230 230 232 ... 223 231 233]
SNE_409624.jpg,[233 232 228 ... 159 182 213]
SNE_411334.jpg,[235 235 235 ... 193 215 233]
SNE_411413.jpg,[180 177 197 ... 229 232 238]
SNE_413625.jpg,[175 185 202 ... 235 232 229]
SNE_414238.jpg,[234 231 221 ... 157 152 147]
SNE_414265.jpg,[198 194 186 ... 183 177 186]
SNE_414851.jpg,[163 161 159 ... 234 234 234]
SNE_4152.jpg,[212 226 236 ... 229 229 236]
SNE_415544.jpg,[177 173 172 ... 233 232 232]
SNE_415670.jpg,[157 163 165 ... 177 184 180]
SNE_416285.jpg,[167 163 169 ... 170 177 184]
SNE_416964.jpg,[234 234 234 ... 220 233 238]
SNE_417051.jpg,[201 218 224 ... 231 231 232]
SNE_417396.jpg,[233 234 235 ... 236 236 236]
SNE_418367.jpg,[165 169 179 ... 210 192 181]
SNE_418745.jpg,[235 235 235 ... 234 235 236]
SNE_419085.jpg,[236 234 233 ... 231 219 204]
SNE_419179.jpg,[234 234 234 ... 200 201 201]
SNE_419260.jpg,[234 234 234 ... 187 188 191]
SNE_419387.jpg,[230 226 232 ... 205 185 183]
SNE_420372.jpg,[236 228 232 ... 232 238 235]
SNE_420784.jpg,[241 236 232 ... 168 166 169]
SNE_421318.jpg,[170 180 202 ... 239 238 232]
SNE_421651.jpg,[172 185 197 ... 195 191 195]
SNE_42209.jpg,[237 232 232 ... 180 183 183]
SNE_422423.jpg,[233 234 235 ... 229 230 238]
SNE_422578.jpg,[181 199 223 ... 237 232 225]
SNE_423252.jpg,[206 222 232 ... 234 233 232]
SNE_423353.jpg,[193 191 181 ... 171 164 172]
SNE_424615.jpg,[153 170 191 ... 234 237 239]
SNE_425270.jpg,[239 230 226 ... 197 209 233]
SNE_425988.jpg,[184 183 181 ... 234 234 234]
SNE_426049.jpg,[191 194 206 ... 179 178 182]
SNE_426212.jpg,[181 180 180 ... 165 167 168]
SNE_426389.jpg,[237 236 235 ... 170 172 173]
SNE_42657.jpg,[103 132 123 ... 231 232 234]
SNE_42662.jpg,[184 169 171 ... 189 194 209]
SNE_426696.jpg,[227 231 234 ... 215 226 222]
SNE_429672.jpg,[233 233 233 ... 176 179 186]
SNE_429986.jpg,[227 236 227 ... 238 237 228]
SNE_432053.jpg,[196 192 185 ... 234 234 234]
SNE_432940.jpg,[234 234 234 ... 202 185 172]
SNE_433684.jpg,[230 232 234 ... 221 204 187]
SNE_433858.jpg,[171 169 174 ... 175 180 185]
SNE_433963.jpg,[235 232 231 ... 190 196 205]
SNE_434790.jpg,[185 183 181 ... 162 185 183]
SNE_435561.jpg,[234 232 232 ... 234 234 233]
SNE_438105.jpg,[231 220 215 ... 181 178 177]
SNE_43921.jpg,[187 183 177 ... 176 176 167]
SNE_439672.jpg,[233 232 233 ... 236 239 231]
SNE_440123.jpg,[234 234 234 ... 184 184 182]
SNE_440901.jpg,[236 237 234 ... 241 235 229]
SNE_441224.jpg,[222 215 217 ... 192 208 221]
SNE_442669.jpg,[211 199 182 ... 157 156 155]
SNE_443512.jpg,[230 245 230 ... 240 225 239]
SNE_443532.jpg,[225 231 210 ... 179 175 171]
SNE_443796.jpg,[227 231 236 ... 234 238 238]
SNE_443914.jpg,[233 234 236 ... 200 194 189]
SNE_444125.jpg,[233 234 234 ... 231 231 231]
SNE_444255.jpg,[231 231 231 ... 206 174 156]
SNE_444266.jpg,[235 228 221 ... 234 233 233]
SNE_445423.jpg,[165 168 171 ... 225 225 235]
SNE_445540.jpg,[159 152 153 ... 236 239 233]
SNE_445545.jpg,[167 167 167 ... 183 185 184]
SNE_446799.jpg,[231 235 237 ... 206 231 234]
SNE_446923.jpg,[160 161 170 ... 193 184 181]
SNE_447298.jpg,[167 179 201 ... 154 159 164]
SNE_447846.jpg,[230 233 235 ... 165 168 175]
SNE_448410.jpg,[234 234 234 ... 233 221 191]
SNE_449711.jpg,[233 233 233 ... 236 237 234]
SNE_449792.jpg,[237 230 230 ... 228 214 200]
SNE_450483.jpg,[173 192 206 ... 146 147 156]
SNE_452254.jpg,[176 182 185 ... 226 210 195]
SNE_453662.jpg,[176 178 175 ... 236 235 233]
SNE_455449.jpg,[232 233 234 ... 191 205 207]
SNE_4557.jpg,[207 206 202 ... 190 194 195]
SNE_455746.jpg,[165 175 198 ... 232 232 237]
SNE_457299.jpg,[235 235 235 ... 237 235 235]
SNE_45775.jpg,[233 233 233 ... 171 169 166]
SNE_459251.jpg,[221 217 212 ... 234 234 234]
SNE_460286.jpg,[231 236 237 ... 187 195 178]
SNE_460683.jpg,[233 233 234 ... 232 232 232]
SNE_460781.jpg,[236 232 235 ... 235 235 232]
SNE_460824.jpg,[231 234 236 ... 231 232 232]
SNE_461282.jpg,[213 223 232 ... 225 226 228]
SNE_461516.jpg,[172 174 179 ... 200 200 188]
SNE_461742.jpg,[233 234 233 ... 230 230 230]
SNE_462407.jpg,[232 234 236 ... 219 222 223]
SNE_462447.jpg,[231 232 235 ... 231 234 237]
SNE_463342.jpg,[234 236 236 ... 192 186 185]
SNE_464918.jpg,[206 204 208 ... 166 165 164]
SNE_465051.jpg,[151 147 149 ... 232 232 231]
SNE_465183.jpg,[236 232 230 ... 169 168 167]
SNE_465184.jpg,[182 175 182 ... 173 170 166]
SNE_465548.jpg,[229 231 233 ... 197 183 174]
SNE_466558.jpg,[168 171 171 ... 231 220 208]
SNE_466618.jpg,[234 234 234 ... 235 230 222]
SNE_467255.jpg,[231 232 233 ... 189 181 190]
SNE_467597.jpg,[234 234 234 ... 233 233 232]
SNE_467879.jpg,[228 237 240 ... 234 236 234]
SNE_468966.jpg,[228 232 231 ... 232 233 230]
SNE_469228.jpg,[233 233 233 ... 212 193 179]
SNE_469555.jpg,[234 232 231 ... 230 226 218]
SNE_469792.jpg,[185 181 192 ... 172 169 173]
SNE_471764.jpg,[203 230 238 ... 163 170 181]
SNE_472376.jpg,[228 226 219 ... 191 189 194]
SNE_472584.jpg,[ 67  85  87 ... 179 186 174]
SNE_472654.jpg,[174 176 193 ... 234 237 237]
SNE_472777.jpg,[169 183 206 ... 232 233 234]
SNE_474337.jpg,[233 231 233 ... 231 228 238]
SNE_474619.jpg,[234 234 234 ... 229 214 202]
SNE_474890.jpg,[231 234 233 ... 163 152 144]
SNE_47527.jpg,[233 234 235 ... 183 190 195]
SNE_475360.jpg,[171 177 180 ... 198 203 211]
SNE_475422.jpg,[233 234 233 ... 189 184 177]
SNE_475803.jpg,[238 235 231 ... 233 232 232]
SNE_476160.jpg,[229 214 201 ... 212 220 225]
SNE_476747.jpg,[235 233 231 ... 234 234 235]
SNE_477184.jpg,[230 220 203 ... 163 157 158]
SNE_477469.jpg,[237 235 232 ... 193 207 228]
SNE_477716.jpg,[233 233 233 ... 191 194 192]
SNE_478479.jpg,[153 151 153 ... 200 202 183]
SNE_480268.jpg,[234 234 234 ... 228 236 234]
SNE_48031.jpg,[232 232 232 ... 235 232 235]
SNE_480949.jpg,[236 235 234 ... 192 186 178]
SNE_481329.jpg,[226 212 196 ... 232 232 233]
SNE_481750.jpg,[171 172 179 ... 231 234 235]
SNE_483027.jpg,[234 231 222 ... 234 228 226]
SNE_483803.jpg,[223 222 204 ... 187 190 182]
SNE_483806.jpg,[234 234 234 ... 232 232 232]
SNE_483814.jpg,[239 233 226 ... 173 177 182]
SNE_483940.jpg,[158 182 190 ... 224 228 233]
SNE_4845.jpg,[237 236 235 ... 220 223 224]
SNE_484777.jpg,[233 234 235 ... 213 207 204]
SNE_484817.jpg,[172 171 172 ... 234 234 234]
SNE_485296.jpg,[237 232 235 ... 232 234 236]
SNE_48537.jpg,[203 207 213 ... 233 233 232]
SNE_485719.jpg,[165 168 175 ... 169 173 181]
SNE_485828.jpg,[237 234 227 ... 214 206 206]
SNE_485945.jpg,[231 230 232 ... 229 229 230]
SNE_487530.jpg,[184 144 117 ...  46  59  53]
SNE_488521.jpg,[233 236 232 ... 228 228 237]
SNE_488757.jpg,[179 182 183 ... 189 195 202]
SNE_489607.jpg,[219 234 236 ... 165 161 157]
SNE_490067.jpg,[222 223 221 ... 192 192 192]
SNE_490662.jpg,[235 231 230 ... 217 191 172]
SNE_491822.jpg,[237 234 229 ... 210 202 193]
SNE_491948.jpg,[235 235 235 ... 234 234 234]
SNE_492233.jpg,[238 224 209 ... 160 158 152]
SNE_493415.jpg,[187 209 211 ... 191 197 199]
SNE_493458.jpg,[231 234 235 ... 217 208 195]
SNE_493463.jpg,[238 228 230 ... 240 242 235]
SNE_494764.jpg,[228 214 206 ... 208 222 233]
SNE_495787.jpg,[234 234 234 ... 174 174 174]
SNE_495849.jpg,[222 229 214 ... 232 219 233]
SNE_49598.jpg,[226 227 210 ... 188 188 202]
SNE_496455.jpg,[234 237 235 ... 233 234 232]
SNE_497060.jpg,[234 234 233 ... 201 224 236]
SNE_497237.jpg,[231 233 229 ... 224 227 230]
SNE_49767.jpg,[229 228 225 ... 171 172 176]
SNE_497960.jpg,[234 234 234 ... 234 232 231]
SNE_499346.jpg,[194 190 190 ... 195 188 180]
SNE_499727.jpg,[236 235 233 ... 233 227 230]
SNE_499841.jpg,[224 217 213 ... 233 234 235]
SNE_500563.jpg,[233 236 238 ... 237 238 228]
SNE_501206.jpg,[233 228 231 ... 234 235 234]
SNE_501283.jpg,[233 236 239 ... 235 235 234]
SNE_501381.jpg,[188 187 188 ... 158 189 211]
SNE_50201.jpg,[231 231 231 ... 231 231 231]
SNE_502348.jpg,[194 183 182 ... 243 226 226]
SNE_503826.jpg,[230 221 216 ... 204 199 196]
SNE_503929.jpg,[173 197 185 ... 231 233 234]
SNE_504343.jpg,[234 234 234 ... 233 233 233]
SNE_504413.jpg,[165 164 165 ... 166 159 153]
SNE_504600.jpg,[166 167 172 ... 227 194 169]
SNE_504699.jpg,[208 206 196 ... 194 204 214]
SNE_504764.jpg,[180 184 178 ... 182 176 168]
SNE_505047.jpg,[222 212 192 ... 181 184 187]
SNE_505705.jpg,[141 144 146 ... 234 231 229]
SNE_506153.jpg,[174 178 198 ... 225 224 229]
SNE_506855.jpg,[235 239 234 ... 236 234 233]
SNE_506990.jpg,[234 233 233 ... 233 232 232]
SNE_507816.jpg,[204 222 234 ... 185 195 207]
SNE_508088.jpg,[233 236 235 ... 238 235 230]
SNE_508294.jpg,[222 224 228 ... 237 234 231]
SNE_508392.jpg,[227 226 231 ... 216 210 224]
SNE_508478.jpg,[227 235 234 ... 200 188 170]
SNE_508710.jpg,[237 236 234 ... 178 186 189]
SNE_509393.jpg,[201 222 237 ... 179 181 182]
SNE_509454.jpg,[226 234 232 ... 181 182 184]
SNE_509890.jpg,[172 173 173 ... 229 233 237]
SNE_511583.jpg,[158 154 158 ... 225 226 242]
SNE_512050.jpg,[233 234 230 ... 193 207 212]
SNE_512541.jpg,[230 228 221 ... 190 183 189]
SNE_513366.jpg,[223 223 223 ... 234 236 232]
SNE_513440.jpg,[163 172 177 ... 224 227 203]
SNE_513920.jpg,[197 212 187 ... 170 171 173]
SNE_514355.jpg,[231 235 235 ... 226 200 172]
SNE_516734.jpg,[232 226 227 ... 232 235 233]
SNE_517153.jpg,[233 233 233 ... 183 183 182]
SNE_517174.jpg,[226 232 233 ... 232 236 237]
SNE_517466.jpg,[231 234 237 ... 232 231 226]
SNE_517469.jpg,[238 230 232 ... 227 231 237]
SNE_518038.jpg,[235 235 234 ... 238 236 229]
SNE_518391.jpg,[226 213 207 ... 204 203 199]
SNE_519778.jpg,[229 214 200 ... 181 181 175]
SNE_52015.jpg,[234 242 207 ... 233 233 233]
SNE_520928.jpg,[162 157 163 ... 188 212 213]
SNE_522147.jpg,[175 180 185 ... 233 232 229]
SNE_522338.jpg,[175 170 172 ... 204 207 215]
SNE_522713.jpg,[233 232 232 ... 233 233 234]
SNE_523523.jpg,[182 187 192 ... 235 235 236]
SNE_524562.jpg,[208 209 211 ... 217 218 222]
SNE_525189.jpg,[216 187 172 ... 234 234 234]
SNE_525482.jpg,[236 234 233 ... 233 236 235]
SNE_526818.jpg,[234 214 217 ... 171 201 223]
SNE_526872.jpg,[232 233 235 ... 231 232 233]
SNE_528277.jpg,[179 186 194 ... 222 225 232]
SNE_528715.jpg,[168 177 187 ... 235 233 229]
SNE_528864.jpg,[163 161 159 ... 221 238 225]
SNE_528907.jpg,[173 172 173 ... 234 232 230]
SNE_529503.jpg,[132 122 131 ... 161 160 148]
SNE_530476.jpg,[175 174 182 ... 233 233 232]
SNE_530862.jpg,[169 169 168 ... 157 150 135]
SNE_531347.jpg,[204 205 209 ... 238 238 233]
SNE_5329.jpg,[234 235 234 ... 219 208 171]
SNE_533630.jpg,[232 233 241 ... 230 231 232]
SNE_533941.jpg,[186 201 208 ... 173 174 174]
SNE_534184.jpg,[227 231 235 ... 235 230 222]
SNE_536692.jpg,[234 234 234 ... 238 237 234]
SNE_53714.jpg,[239 237 233 ... 233 231 229]
SNE_537361.jpg,[192 168 178 ... 209 196 169]
SNE_538680.jpg,[227 227 228 ... 197 188 180]
SNE_539171.jpg,[181 180 177 ... 232 229 224]
SNE_54012.jpg,[234 228 224 ... 228 232 236]
SNE_541286.jpg,[187 191 202 ... 235 233 232]
SNE_541356.jpg,[234 234 234 ... 234 234 234]
SNE_54137.jpg,[157 156 158 ... 233 233 234]
SNE_541817.jpg,[233 233 233 ... 182 174 166]
SNE_543039.jpg,[143 148 150 ... 192 192 192]
SNE_543424.jpg,[231 229 234 ... 231 223 228]
SNE_543818.jpg,[230 234 237 ... 174 176 175]
SNE_54408.jpg,[230 232 235 ... 153 158 170]
SNE_545033.jpg,[236 222 241 ... 233 234 234]
SNE_545367.jpg,[235 231 227 ... 165 165 164]
SNE_548349.jpg,[237 231 225 ... 188 197 182]
SNE_548602.jpg,[167 164 163 ... 166 174 177]
SNE_550192.jpg,[166 165 170 ... 162 164 166]
SNE_550919.jpg,[184 185 189 ... 169 164 158]
SNE_551569.jpg,[229 231 227 ... 232 232 232]
SNE_551599.jpg,[235 241 237 ... 239 229 233]
SNE_553078.jpg,[115 127 138 ... 236 234 228]
SNE_55404.jpg,[198 200 201 ... 177 175 172]
SNE_554543.jpg,[224 231 238 ... 228 231 235]
SNE_555512.jpg,[234 234 234 ... 233 233 233]
SNE_556448.jpg,[235 231 230 ... 234 233 238]
SNE_556621.jpg,[206 219 231 ... 180 181 186]
SNE_556796.jpg,[234 236 238 ... 237 233 229]
SNE_556912.jpg,[149 147 146 ... 228 230 235]
SNE_559470.jpg,[232 233 233 ... 230 230 230]
SNE_560191.jpg,[231 232 234 ... 233 233 233]
SNE_56069.jpg,[215 215 210 ... 197 202 218]
SNE_560864.jpg,[234 234 234 ... 181 178 179]
SNE_561932.jpg,[236 230 231 ... 183 196 209]
SNE_563198.jpg,[237 229 232 ... 176 175 173]
SNE_563211.jpg,[234 235 235 ... 228 226 240]
SNE_564272.jpg,[235 236 234 ... 231 233 235]
SNE_564665.jpg,[227 230 229 ... 189 179 189]
SNE_565578.jpg,[232 235 236 ... 231 231 233]
SNE_565642.jpg,[224 236 230 ... 230 230 236]
SNE_565875.jpg,[230 230 230 ... 213 230 228]
SNE_566153.jpg,[218 237 238 ... 234 234 234]
SNE_56722.jpg,[219 213 193 ... 231 231 231]
SNE_568613.jpg,[235 232 236 ... 234 234 234]
SNE_569272.jpg,[233 234 234 ... 214 210 203]
SNE_569771.jpg,[165 167 170 ... 202 195 173]
SNE_570447.jpg,[183 197 217 ... 236 233 229]
SNE_570629.jpg,[233 233 233 ... 203 207 197]
SNE_571162.jpg,[231 231 226 ... 236 233 224]
SNE_571542.jpg,[144 147 162 ... 170 166 164]
SNE_571552.jpg,[236 234 233 ... 232 230 229]
SNE_572651.jpg,[203 219 232 ... 236 234 229]
SNE_57295.jpg,[218 206 187 ... 160 157 163]
SNE_573421.jpg,[234 234 234 ... 231 238 232]
SNE_574534.jpg,[ 58  82  89 ... 196 181 193]
SNE_574609.jpg,[237 235 233 ... 166 163 160]
SNE_574922.jpg,[234 234 233 ... 179 174 181]
SNE_576456.jpg,[194 185 183 ... 166 164 163]
SNE_576696.jpg,[177 178 180 ... 235 235 235]
SNE_576734.jpg,[234 232 231 ... 234 233 231]
SNE_576843.jpg,[224 234 232 ... 212 214 214]
SNE_576927.jpg,[174 174 173 ... 230 231 232]
SNE_578471.jpg,[235 235 235 ... 209 193 177]
SNE_582848.jpg,[194 215 234 ... 219 232 245]
SNE_5829.jpg,[241 231 230 ... 212 228 229]
SNE_583310.jpg,[230 240 222 ... 171 183 196]
SNE_584111.jpg,[181 181 180 ... 173 174 175]
SNE_584775.jpg,[227 231 232 ... 238 231 232]
SNE_585435.jpg,[199 191 192 ... 148 186 201]
SNE_586161.jpg,[233 233 233 ... 213 214 210]
SNE_586498.jpg,[234 231 232 ... 236 234 232]
SNE_586616.jpg,[233 232 232 ... 232 227 230]
SNE_586640.jpg,[235 234 233 ... 184 189 205]
SNE_587128.jpg,[178 177 169 ... 233 233 233]
SNE_58748.jpg,[196 213 231 ... 210 192 187]
SNE_587568.jpg,[235 235 234 ... 188 200 198]
SNE_587870.jpg,[226 219 229 ... 216 209 219]
SNE_588235.jpg,[237 236 235 ... 220 226 230]
SNE_588705.jpg,[162 166 168 ... 187 161 162]
SNE_589271.jpg,[235 235 235 ... 186 174 177]
SNE_589408.jpg,[228 216 202 ... 160 162 164]
SNE_589500.jpg,[210 211 214 ... 235 241 227]
SNE_591522.jpg,[234 234 234 ... 164 163 161]
SNE_592732.jpg,[181 200 222 ... 234 232 231]
SNE_593008.jpg,[234 234 234 ... 235 233 231]
SNE_593655.jpg,[234 235 234 ... 228 230 234]
SNE_596188.jpg,[185 183 179 ... 219 230 237]
SNE_59745.jpg,[231 237 241 ... 231 215 194]
SNE_597890.jpg,[166 166 167 ... 177 176 173]
SNE_598181.jpg,[173 168 168 ... 160 178 200]
SNE_598198.jpg,[181 182 174 ... 181 178 177]
SNE_599382.jpg,[162 171 172 ... 231 232 234]
SNE_599514.jpg,[200 170 156 ... 233 233 233]
SNE_599555.jpg,[233 233 233 ... 153 140 109]
SNE_599793.jpg,[170 170 168 ... 192 197 180]
SNE_599996.jpg,[163 169 172 ... 175 172 167]
SNE_601004.jpg,[179 178 177 ... 184 190 176]
SNE_60147.jpg,[233 234 234 ... 236 236 217]
SNE_601504.jpg,[237 233 228 ... 156 169 198]
SNE_602361.jpg,[235 239 235 ... 238 234 235]
SNE_602927.jpg,[176 177 183 ... 230 234 239]
SNE_603296.jpg,[177 177 179 ... 234 234 234]
SNE_603329.jpg,[158 157 157 ... 193 177 169]
SNE_605370.jpg,[234 234 234 ... 230 228 220]
SNE_605656.jpg,[170 166 168 ... 177 175 166]
SNE_606249.jpg,[203 207 219 ... 230 230 233]
SNE_606289.jpg,[232 232 232 ... 206 206 203]
SNE_607393.jpg,[234 233 231 ... 217 196 199]
SNE_607695.jpg,[236 233 231 ... 226 234 239]
SNE_608210.jpg,[197 209 196 ... 213 216 217]
SNE_609105.jpg,[189 190 188 ... 173 171 165]
SNE_609714.jpg,[234 234 234 ... 228 217 190]
SNE_609892.jpg,[161 161 162 ... 153 163 174]
SNE_610007.jpg,[235 234 236 ... 233 241 225]
SNE_610263.jpg,[200 207 219 ... 232 232 233]
SNE_610438.jpg,[232 232 232 ... 214 225 231]
SNE_6105.jpg,[238 236 232 ... 236 237 233]
SNE_61066.jpg,[234 234 234 ... 173 173 173]
SNE_610750.jpg,[236 237 236 ... 232 234 233]
SNE_611822.jpg,[237 236 234 ... 202 197 165]
SNE_612365.jpg,[228 236 236 ... 197 187 185]
SNE_612880.jpg,[186 190 191 ... 232 248 232]
SNE_613380.jpg,[234 235 231 ... 203 206 179]
SNE_613420.jpg,[235 230 229 ... 181 172 169]
SNE_613572.jpg,[238 236 232 ... 234 233 232]
SNE_613779.jpg,[158 176 185 ... 191 186 172]
SNE_613918.jpg,[235 236 237 ... 174 176 176]
SNE_614536.jpg,[227 238 237 ... 238 216 183]
SNE_614777.jpg,[232 233 236 ... 176 168 157]
SNE_614953.jpg,[233 231 230 ... 213 180 175]
SNE_616649.jpg,[236 235 235 ... 235 233 232]
SNE_618287.jpg,[229 234 234 ... 230 232 232]
SNE_618495.jpg,[232 234 236 ... 175 173 172]
SNE_619023.jpg,[235 231 227 ... 213 221 233]
SNE_619218.jpg,[229 239 234 ... 232 232 233]
SNE_619982.jpg,[227 222 215 ... 233 233 234]
SNE_620042.jpg,[232 233 231 ... 190 181 176]
SNE_620441.jpg,[236 233 232 ... 191 174 167]
SNE_620737.jpg,[232 232 233 ... 230 230 229]
SNE_621008.jpg,[182 185 189 ... 236 236 234]
SNE_621496.jpg,[231 233 233 ... 233 233 233]
SNE_621549.jpg,[183 186 193 ... 183 226 229]
SNE_621571.jpg,[236 234 232 ... 165 160 145]
SNE_621758.jpg,[214 225 234 ... 215 220 222]
SNE_62215.jpg,[195 205 218 ... 188 177 170]
SNE_622393.jpg,[237 236 234 ... 159 151 144]
SNE_623351.jpg,[228 230 233 ... 214 213 218]
SNE_624137.jpg,[186 186 191 ... 235 234 226]
SNE_624758.jpg,[229 229 226 ... 233 233 233]
SNE_625662.jpg,[229 233 230 ... 233 241 233]
SNE_626183.jpg,[231 238 235 ... 230 235 237]
SNE_62802.jpg,[202 219 235 ... 235 224 209]
SNE_628603.jpg,[232 235 235 ... 170 170 171]
SNE_628909.jpg,[230 230 231 ... 210 188 171]
SNE_629685.jpg,[225 233 236 ... 198 212 221]
SNE_630026.jpg,[235 235 235 ... 233 232 230]
SNE_630287.jpg,[234 235 235 ... 231 234 236]
SNE_630846.jpg,[236 234 232 ... 214 194 176]
SNE_632468.jpg,[197 208 223 ... 194 190 192]
SNE_632644.jpg,[231 232 232 ... 191 219 238]
SNE_632812.jpg,[226 224 225 ... 231 234 233]
SNE_633168.jpg,[234 236 236 ... 200 167 153]
SNE_633335.jpg,[228 238 241 ... 175 175 179]
SNE_633532.jpg,[236 235 236 ... 220 225 234]
SNE_634148.jpg,[186 210 234 ... 203 192 192]
SNE_634877.jpg,[230 230 231 ... 236 237 227]
SNE_635074.jpg,[194 210 226 ... 233 232 230]
SNE_635288.jpg,[177 178 172 ... 234 234 234]
SNE_635595.jpg,[232 233 234 ... 176 177 177]
SNE_636414.jpg,[195 197 206 ... 197 191 189]
SNE_63643.jpg,[237 223 212 ... 234 234 232]
SNE_637018.jpg,[233 234 235 ... 235 234 232]
SNE_640102.jpg,[232 237 237 ... 231 217 203]
SNE_64091.jpg,[155 162 170 ... 239 234 226]
SNE_64185.jpg,[236 237 235 ... 233 233 233]
SNE_64196.jpg,[234 232 232 ... 235 228 215]
SNE_642932.jpg,[238 233 233 ... 232 211 199]
SNE_643406.jpg,[232 234 237 ... 236 236 235]
SNE_645203.jpg,[235 232 232 ... 228 230 239]
SNE_645614.jpg,[205 212 217 ...  88  57  54]
SNE_645724.jpg,[235 236 235 ... 218 217 217]
SNE_646450.jpg,[230 228 228 ... 170 167 167]
SNE_646674.jpg,[235 233 231 ... 165 162 167]
SNE_646915.jpg,[213 226 234 ... 210 200 196]
SNE_647035.jpg,[233 233 233 ... 167 163 160]
SNE_64736.jpg,[178 179 193 ... 211 221 228]
SNE_648057.jpg,[232 231 231 ... 207 218 225]
SNE_64808.jpg,[236 235 235 ... 182 183 181]
SNE_648700.jpg,[177 168 170 ... 203 181 168]
SNE_648704.jpg,[236 236 235 ... 172 172 177]
SNE_649747.jpg,[233 233 233 ... 232 232 233]
SNE_649885.jpg,[232 232 232 ... 184 201 186]
SNE_650007.jpg,[238 233 231 ... 240 239 227]
SNE_650409.jpg,[234 233 232 ... 232 226 232]
SNE_650531.jpg,[162 167 175 ... 189 178 171]
SNE_650929.jpg,[165 174 168 ... 172 169 168]
SNE_651622.jpg,[234 234 234 ... 232 232 232]
SNE_651628.jpg,[234 234 234 ... 233 239 232]
SNE_651779.jpg,[229 227 231 ... 228 229 229]
SNE_653262.jpg,[227 234 235 ... 189 187 187]
SNE_65396.jpg,[235 232 230 ... 236 235 230]
SNE_65413.jpg,[170 183 197 ... 233 232 230]
SNE_655671.jpg,[170 167 177 ... 231 230 231]
SNE_655718.jpg,[238 231 233 ... 232 235 232]
SNE_65575.jpg,[233 233 233 ... 230 233 235]
SNE_656073.jpg,[203 198 197 ... 175 187 193]
SNE_65616.jpg,[202 193 187 ... 212 233 241]
SNE_656237.jpg,[192 199 212 ... 240 230 235]
SNE_656626.jpg,[229 231 233 ... 222 220 217]
SNE_657218.jpg,[181 183 189 ... 231 232 232]
SNE_659354.jpg,[242 234 235 ... 231 236 240]
SNE_659530.jpg,[194 211 227 ... 229 230 229]
SNE_660142.jpg,[228 233 235 ... 219 219 237]
SNE_661509.jpg,[238 234 224 ... 197 187 181]
SNE_662400.jpg,[234 233 231 ... 175 178 179]
SNE_663113.jpg,[232 227 219 ... 232 228 235]
SNE_663700.jpg,[167 167 166 ... 162 164 169]
SNE_663742.jpg,[235 233 231 ... 176 176 179]
SNE_663929.jpg,[237 229 233 ... 230 230 231]
SNE_664415.jpg,[231 231 231 ... 233 233 233]
SNE_664499.jpg,[211 218 224 ... 230 232 241]
SNE_664507.jpg,[184 193 211 ... 184 194 189]
SNE_667023.jpg,[234 234 234 ... 166 169 174]
SNE_668137.jpg,[169 160 159 ... 170 170 169]
SNE_668285.jpg,[216 189 171 ... 220 217 222]
SNE_66862.jpg,[236 235 234 ... 225 232 239]
SNE_670300.jpg,[180 192 215 ... 228 232 241]
SNE_670650.jpg,[234 235 235 ... 194 167 166]
SNE_671189.jpg,[206 229 237 ... 190 191 192]
SNE_671899.jpg,[223 212 201 ... 151 152 150]
SNE_672550.jpg,[236 236 236 ... 232 232 233]
SNE_672698.jpg,[157 158 161 ... 172 184 225]
SNE_674280.jpg,[162 168 170 ... 236 224 210]
SNE_675028.jpg,[182 183 174 ... 238 233 212]
SNE_676449.jpg,[233 233 233 ... 176 171 166]
SNE_67724.jpg,[232 235 234 ... 234 234 234]
SNE_677361.jpg,[238 226 227 ... 236 235 237]
SNE_67811.jpg,[232 235 237 ... 190 173 169]
SNE_679084.jpg,[234 233 234 ... 166 174 163]
SNE_679413.jpg,[233 233 233 ... 230 232 234]
SNE_679559.jpg,[166 165 167 ... 234 231 236]
SNE_679601.jpg,[174 180 196 ... 109 133 217]
SNE_682015.jpg,[222 222 218 ... 233 224 213]
SNE_682213.jpg,[230 237 240 ... 187 177 176]
SNE_68308.jpg,[197 222 235 ... 230 214 208]
SNE_683106.jpg,[237 232 237 ... 233 231 229]
SNE_684234.jpg,[232 235 236 ... 167 159 161]
SNE_68465.jpg,[227 228 229 ...  80  91 108]
SNE_684882.jpg,[233 233 233 ... 215 198 193]
SNE_685496.jpg,[230 233 235 ... 218 226 226]
SNE_686557.jpg,[234 232 231 ... 180 177 175]
SNE_687178.jpg,[157 162 166 ... 231 231 231]
SNE_688417.jpg,[238 239 230 ... 234 231 224]
SNE_688575.jpg,[231 233 228 ... 230 232 233]
SNE_688633.jpg,[173 163 165 ... 236 230 220]
SNE_688907.jpg,[233 232 234 ... 231 235 229]
SNE_689137.jpg,[238 232 228 ... 235 234 230]
SNE_689406.jpg,[203 199 199 ... 149 151 147]
SNE_691541.jpg,[181 186 193 ... 232 232 232]
SNE_69166.jpg,[233 234 203 ... 234 234 235]
SNE_691743.jpg,[170 174 165 ... 168 165 165]
SNE_692597.jpg,[235 233 232 ... 205 191 186]
SNE_692892.jpg,[195 195 187 ... 195 213 227]
SNE_692996.jpg,[209 202 194 ... 235 236 229]
SNE_6938.jpg,[145 146 145 ... 233 228 235]
SNE_694056.jpg,[234 234 234 ... 220 220 230]
SNE_69616.jpg,[237 237 237 ... 215 226 232]
SNE_696483.jpg,[157 157 157 ... 200 217 219]
SNE_696497.jpg,[228 236 240 ... 227 232 238]
SNE_697186.jpg,[236 236 236 ... 234 234 234]
SNE_698912.jpg,[234 233 232 ... 233 235 236]
SNE_699042.jpg,[177 181 180 ... 185 176 166]
SNE_699129.jpg,[235 235 231 ... 227 215 200]
SNE_699973.jpg,[ 83  84  90 ... 164 167 179]
SNE_700097.jpg,[234 234 234 ... 233 234 236]
SNE_700139.jpg,[206 216 220 ... 235 234 230]
SNE_700357.jpg,[201 195 203 ... 213 218 222]
SNE_70096.jpg,[187 195 210 ... 166 163 162]
SNE_701866.jpg,[173 173 174 ... 233 235 239]
SNE_702329.jpg,[193 196 204 ... 238 236 228]
SNE_702411.jpg,[230 235 237 ... 201 182 180]
SNE_70315.jpg,[233 229 234 ... 167 162 156]
SNE_703464.jpg,[232 235 235 ... 231 232 233]
SNE_703601.jpg,[234 234 235 ... 233 233 234]
SNE_703793.jpg,[234 234 234 ... 232 232 233]
SNE_704080.jpg,[195 185 175 ... 231 225 217]
SNE_704264.jpg,[205 215 228 ... 174 170 168]
SNE_704271.jpg,[194 228 241 ... 152 159 175]
SNE_704920.jpg,[217 214 197 ... 231 232 235]
SNE_70524.jpg,[236 235 232 ... 164 167 177]
SNE_707015.jpg,[190 186 203 ... 156 166 179]
SNE_70711.jpg,[163 161 159 ... 238 239 224]
SNE_707186.jpg,[162 164 177 ... 232 232 232]
SNE_70867.jpg,[231 231 232 ... 194 195 191]
SNE_710179.jpg,[175 173 170 ... 192 188 188]
SNE_71114.jpg,[224 235 236 ... 228 223 233]
SNE_71295.jpg,[215 216 219 ... 230 230 225]
SNE_712988.jpg,[235 230 231 ... 231 239 235]
SNE_713759.jpg,[233 233 232 ... 232 233 235]
SNE_714010.jpg,[236 236 236 ... 234 234 234]
SNE_714788.jpg,[200 177 174 ... 167 180 183]
SNE_714873.jpg,[201 186 156 ... 198 220 223]
SNE_714876.jpg,[235 234 233 ... 233 233 233]
SNE_715571.jpg,[170 168 173 ... 196 187 174]
SNE_716633.jpg,[232 234 236 ... 233 233 233]
SNE_718731.jpg,[184 203 224 ... 237 227 216]
SNE_719631.jpg,[ 64  94 120 ... 153 161 178]
SNE_721798.jpg,[236 234 232 ... 146 161 193]
SNE_721866.jpg,[228 227 222 ... 180 176 165]
SNE_722650.jpg,[230 235 228 ... 202 197 189]
SNE_723100.jpg,[235 234 233 ... 235 239 229]
SNE_725375.jpg,[233 233 233 ... 233 223 209]
SNE_725873.jpg,[166 164 166 ... 231 236 240]
SNE_726181.jpg,[226 226 226 ... 229 229 229]
SNE_726828.jpg,[235 234 233 ... 237 235 227]
SNE_727213.jpg,[224 222 218 ... 234 234 234]
SNE_727461.jpg,[184 169 185 ... 227 225 222]
SNE_730423.jpg,[234 234 234 ... 234 233 233]
SNE_731589.jpg,[229 234 238 ... 205 221 219]
SNE_73239.jpg,[232 234 235 ... 236 223 204]
SNE_732623.jpg,[235 234 233 ... 234 234 233]
SNE_73281.jpg,[164 176 201 ... 172 165 159]
SNE_732862.jpg,[232 235 236 ... 238 236 229]
SNE_734146.jpg,[233 233 233 ... 232 232 232]
SNE_734292.jpg,[227 223 238 ... 234 234 232]
SNE_735522.jpg,[235 236 232 ... 244 239 224]
SNE_735828.jpg,[216 205 198 ... 237 234 229]
SNE_736225.jpg,[232 232 233 ... 172 191 182]
SNE_73627.jpg,[200 189 189 ... 164 158 149]
SNE_736883.jpg,[234 234 232 ... 176 193 231]
SNE_7372.jpg,[236 236 236 ... 234 234 234]
SNE_737275.jpg,[231 212 194 ... 203 207 213]
SNE_73737.jpg,[194 183 169 ... 196 214 232]
SNE_739636.jpg,[235 235 236 ... 229 230 231]
SNE_740742.jpg,[239 238 237 ... 232 234 239]
SNE_741.jpg,[233 234 234 ... 196 181 184]
SNE_742043.jpg,[166 168 170 ... 222 239 229]
SNE_742877.jpg,[233 233 233 ... 156 162 167]
SNE_743249.jpg,[190 191 201 ... 186 176 169]
SNE_744394.jpg,[199 191 181 ... 210 230 225]
SNE_744858.jpg,[212 213 211 ... 231 234 235]
SNE_745431.jpg,[227 231 231 ... 200 220 227]
SNE_745606.jpg,[234 235 236 ... 232 232 232]
SNE_746001.jpg,[232 235 238 ... 232 234 236]
SNE_746083.jpg,[153 158 163 ... 233 232 232]
SNE_7466.jpg,[216 223 224 ... 170 173 183]
SNE_747458.jpg,[224 219 202 ... 226 227 225]
SNE_749061.jpg,[208 187 160 ... 238 235 228]
SNE_74926.jpg,[233 236 236 ... 238 236 229]
SNE_749679.jpg,[177 172 162 ... 203 220 237]
SNE_750494.jpg,[238 237 235 ... 227 210 197]
SNE_750907.jpg,[235 234 233 ... 232 232 232]
SNE_751245.jpg,[235 240 233 ... 228 227 237]
SNE_751957.jpg,[228 199 184 ... 198 227 239]
SNE_752290.jpg,[190 192 195 ... 228 229 231]
SNE_752569.jpg,[236 225 226 ... 230 227 234]
SNE_753316.jpg,[232 232 230 ... 234 233 231]
SNE_753880.jpg,[234 234 234 ... 233 234 234]
SNE_754268.jpg,[236 230 236 ... 173 169 188]
SNE_754575.jpg,[234 234 235 ... 219 232 236]
SNE_755678.jpg,[234 234 234 ... 130 122 128]
SNE_756026.jpg,[233 234 234 ... 193 174 167]
SNE_756098.jpg,[231 231 233 ... 231 231 231]
SNE_756261.jpg,[230 234 232 ... 233 226 235]
SNE_756802.jpg,[234 239 233 ... 233 233 232]
SNE_757030.jpg,[234 236 237 ... 238 223 206]
SNE_758017.jpg,[176 168 164 ... 234 232 230]
SNE_758302.jpg,[236 233 231 ... 231 231 231]
SNE_759474.jpg,[214 226 237 ... 209 215 225]
SNE_761065.jpg,[161 160 163 ... 161 159 162]
SNE_761180.jpg,[235 235 235 ... 233 233 234]
SNE_762327.jpg,[188 173 174 ... 231 232 233]
SNE_762474.jpg,[196 210 225 ... 236 237 234]
SNE_763224.jpg,[236 233 233 ... 232 231 224]
SNE_763893.jpg,[231 231 231 ... 232 234 236]
SNE_764185.jpg,[233 233 233 ... 111 136 150]
SNE_764517.jpg,[175 179 182 ... 183 163 155]
SNE_764821.jpg,[231 233 234 ... 227 230 234]
SNE_767595.jpg,[166 169 168 ... 230 232 236]
SNE_768088.jpg,[234 234 234 ... 185 186 189]
SNE_7683.jpg,[232 232 232 ... 197 187 177]
SNE_769583.jpg,[234 220 207 ... 172 174 175]
SNE_770314.jpg,[232 232 232 ... 211 218 206]
SNE_770745.jpg,[233 232 231 ... 187 185 185]
SNE_77275.jpg,[232 233 235 ... 227 228 231]
SNE_773334.jpg,[229 233 235 ... 232 233 235]
SNE_7740.jpg,[232 233 234 ... 225 228 232]
SNE_77438.jpg,[233 234 236 ... 178 173 176]
SNE_774800.jpg,[230 232 233 ... 231 234 237]
SNE_775439.jpg,[175 186 195 ... 158 157 156]
SNE_775468.jpg,[224 230 227 ... 182 197 209]
SNE_776076.jpg,[161 163 167 ... 241 233 233]
SNE_777650.jpg,[242 236 229 ... 237 234 226]
SNE_778015.jpg,[194 194 201 ... 232 233 233]
SNE_779794.jpg,[232 234 235 ... 237 235 232]
SNE_780200.jpg,[234 234 234 ... 234 234 234]
SNE_781224.jpg,[173 191 212 ... 234 235 235]
SNE_781300.jpg,[209 206 198 ... 233 233 233]
SNE_781514.jpg,[226 228 230 ... 231 230 231]
SNE_78175.jpg,[231 233 235 ... 172 172 172]
SNE_782350.jpg,[228 230 233 ... 234 224 202]
SNE_783159.jpg,[234 234 234 ... 231 233 236]
SNE_783589.jpg,[223 237 239 ... 166 167 168]
SNE_784426.jpg,[236 237 240 ... 221 222 223]
SNE_784826.jpg,[229 229 227 ... 226 229 235]
SNE_784846.jpg,[187 180 183 ... 192 203 167]
SNE_785064.jpg,[232 237 237 ... 175 164 157]
SNE_785424.jpg,[232 233 234 ... 231 233 229]
SNE_786541.jpg,[224 229 230 ... 161 164 167]
SNE_788496.jpg,[231 232 233 ... 230 230 230]
SNE_788666.jpg,[199 230 232 ... 197 194 209]
SNE_788902.jpg,[233 233 233 ... 235 233 230]
SNE_790082.jpg,[188 197 206 ... 237 235 230]
SNE_790301.jpg,[233 234 234 ... 231 232 233]
SNE_790562.jpg,[199 222 237 ... 149 141 135]
SNE_790833.jpg,[232 233 232 ... 235 235 234]
SNE_790875.jpg,[197 192 188 ... 134 152 176]
SNE_791644.jpg,[152 164 172 ... 194 183 180]
SNE_791810.jpg,[233 235 236 ... 176 175 180]
SNE_792024.jpg,[240 235 231 ... 234 234 234]
SNE_79214.jpg,[233 233 232 ... 189 194 198]
SNE_793789.jpg,[174 174 174 ... 166 164 163]
SNE_794163.jpg,[185 186 188 ... 235 234 230]
SNE_795630.jpg,[241 234 229 ... 214 235 241]
SNE_796734.jpg,[159 163 163 ... 230 230 234]
SNE_798289.jpg,[233 233 233 ... 236 236 236]
SNE_798449.jpg,[168 174 179 ... 234 234 234]
SNE_798913.jpg,[166 171 180 ... 232 234 234]
SNE_799524.jpg,[236 233 232 ... 236 235 236]
SNE_799574.jpg,[232 234 235 ... 232 234 237]
SNE_800425.jpg,[201 213 211 ... 236 234 231]
SNE_801267.jpg,[233 235 236 ... 192 186 190]
SNE_801347.jpg,[219 227 230 ... 214 211 211]
SNE_801373.jpg,[214 211 205 ... 232 229 228]
SNE_80196.jpg,[233 233 236 ... 235 236 233]
SNE_802950.jpg,[234 234 234 ... 197 199 199]
SNE_803522.jpg,[215 203 196 ... 234 234 234]
SNE_804499.jpg,[228 229 230 ... 215 199 174]
SNE_804760.jpg,[234 234 234 ... 234 233 232]
SNE_805400.jpg,[171 178 188 ... 185 198 201]
SNE_80584.jpg,[235 235 234 ... 173 168 171]
SNE_807733.jpg,[146 149 154 ... 211 217 224]
SNE_807915.jpg,[148 153 159 ... 186 172 192]
SNE_808697.jpg,[181 202 223 ... 202 195 180]
SNE_808855.jpg,[232 236 234 ... 218 221 213]
SNE_809080.jpg,[205 206 216 ... 198 192 196]
SNE_810133.jpg,[232 232 231 ... 232 231 230]
SNE_810419.jpg,[218 224 231 ... 198 186 178]
SNE_81065.jpg,[234 234 234 ... 237 225 211]
SNE_810665.jpg,[204 220 235 ... 234 234 234]
SNE_810873.jpg,[235 235 235 ... 162 168 173]
SNE_811155.jpg,[232 236 238 ... 170 169 169]
SNE_811554.jpg,[216 227 233 ... 215 226 236]
SNE_81248.jpg,[226 229 233 ... 231 232 234]
SNE_813844.jpg,[236 231 220 ... 235 235 231]
SNE_813985.jpg,[234 234 234 ... 195 177 170]
SNE_814256.jpg,[194 193 183 ... 225 221 227]
SNE_814713.jpg,[236 236 235 ... 224 200 171]
SNE_8150.jpg,[231 244 236 ... 227 228 242]
SNE_815209.jpg,[237 235 233 ... 224 222 221]
SNE_815811.jpg,[231 236 234 ... 220 184 175]
SNE_815833.jpg,[232 230 229 ... 188 196 226]
SNE_815898.jpg,[178 202 225 ... 171 164 161]
SNE_816195.jpg,[228 228 232 ... 230 232 234]
SNE_816733.jpg,[167 165 175 ... 170 170 167]
SNE_817325.jpg,[235 235 235 ... 232 235 238]
SNE_817717.jpg,[182 188 192 ... 235 235 235]
SNE_81791.jpg,[156 157 163 ... 233 233 233]
SNE_818014.jpg,[229 223 220 ... 187 189 197]
SNE_818365.jpg,[214 208 201 ... 234 235 235]
SNE_818470.jpg,[184 220 238 ... 236 235 231]
SNE_818497.jpg,[229 234 239 ... 232 233 234]
SNE_81929.jpg,[227 228 219 ... 220 229 237]
SNE_819515.jpg,[219 221 223 ... 235 235 235]
SNE_81977.jpg,[184 184 184 ... 223 231 223]
SNE_820099.jpg,[235 235 235 ... 190 183 174]
SNE_821321.jpg,[233 233 233 ... 235 213 186]
SNE_821341.jpg,[228 229 231 ... 154 157 164]
SNE_821872.jpg,[152 155 161 ... 230 228 237]
SNE_823486.jpg,[225 223 220 ... 242 235 233]
SNE_823772.jpg,[233 238 229 ... 112 101 117]
SNE_824036.jpg,[174 179 190 ... 233 234 231]
SNE_824117.jpg,[168 173 187 ... 233 212 183]
SNE_824674.jpg,[233 233 233 ... 233 233 233]
SNE_82483.jpg,[240 235 234 ... 232 232 235]
SNE_825561.jpg,[235 234 233 ... 174 174 170]
SNE_826401.jpg,[231 233 234 ... 238 235 232]
SNE_826772.jpg,[177 201 219 ... 192 193 193]
SNE_827292.jpg,[181 185 191 ... 230 228 236]
SNE_827687.jpg,[177 180 199 ... 231 233 235]
SNE_827935.jpg,[182 180 178 ... 234 232 230]
SNE_828065.jpg,[176 173 188 ... 152 162 160]
SNE_828240.jpg,[234 234 234 ... 234 234 234]
SNE_829664.jpg,[234 232 232 ... 180 176 206]
SNE_830922.jpg,[232 232 232 ... 231 232 231]
SNE_831020.jpg,[203 195 190 ... 179 194 208]
SNE_83109.jpg,[205 190 185 ... 185 175 167]
SNE_831814.jpg,[230 233 236 ... 228 233 228]
SNE_832031.jpg,[232 235 235 ... 232 235 237]
SNE_832642.jpg,[186 176 172 ... 231 231 231]
SNE_83301.jpg,[233 231 235 ... 230 229 238]
SNE_833326.jpg,[233 233 223 ... 237 237 232]
SNE_833646.jpg,[233 231 230 ... 168 171 172]
SNE_836601.jpg,[235 235 235 ... 206 215 225]
SNE_836615.jpg,[237 230 228 ... 221 204 191]
SNE_836665.jpg,[236 234 233 ... 217 232 234]
SNE_83800.jpg,[193 204 208 ... 234 231 228]
SNE_838035.jpg,[165 175 191 ... 231 220 197]
SNE_838616.jpg,[123 124 148 ... 194 210 226]
SNE_839816.jpg,[232 232 233 ... 130 112 116]
SNE_840511.jpg,[194 203 214 ... 207 203 201]
SNE_840546.jpg,[233 234 234 ... 235 228 225]
SNE_841201.jpg,[234 232 233 ... 222 225 229]
SNE_841534.jpg,[153 150 151 ... 219 222 211]
SNE_842165.jpg,[234 234 234 ... 232 233 233]
SNE_842479.jpg,[232 232 233 ... 232 231 237]
SNE_842735.jpg,[233 234 233 ... 232 233 234]
SNE_843012.jpg,[146 155 166 ... 127 143 161]
SNE_843242.jpg,[233 232 230 ... 194 185 176]
SNE_843468.jpg,[238 237 235 ... 195 178 169]
SNE_844272.jpg,[236 233 232 ... 234 232 232]
SNE_844505.jpg,[194 200 202 ... 183 182 182]
SNE_845380.jpg,[165 163 159 ... 157 152 150]
SNE_845581.jpg,[233 235 233 ... 237 235 228]
SNE_845681.jpg,[232 232 233 ... 149 161 159]
SNE_846771.jpg,[235 232 226 ... 214 220 233]
SNE_846805.jpg,[236 233 232 ... 232 235 234]
SNE_84714.jpg,[230 229 228 ... 230 230 228]
SNE_847178.jpg,[175 176 177 ... 234 236 236]
SNE_847185.jpg,[230 235 236 ... 231 233 237]
SNE_848740.jpg,[224 225 231 ... 231 234 237]
SNE_849046.jpg,[232 234 233 ... 230 233 235]
SNE_850041.jpg,[238 230 218 ... 207 206 209]
SNE_850328.jpg,[224 213 196 ... 228 229 231]
SNE_850565.jpg,[231 231 230 ... 233 233 233]
SNE_851268.jpg,[234 233 233 ... 226 231 234]
SNE_851309.jpg,[234 236 234 ... 232 235 234]
SNE_851924.jpg,[163 183 209 ... 174 169 175]
SNE_853397.jpg,[192 186 211 ... 125 135 145]
SNE_853631.jpg,[229 237 236 ... 238 235 232]
SNE_856627.jpg,[186 198 207 ... 180 186 193]
SNE_856667.jpg,[231 235 235 ... 234 234 234]
SNE_85668.jpg,[233 233 233 ... 235 235 235]
SNE_856721.jpg,[180 198 223 ... 240 227 222]
SNE_857210.jpg,[215 235 216 ... 229 232 243]
SNE_857357.jpg,[166 171 176 ... 219 230 235]
SNE_858353.jpg,[196 195 198 ... 235 228 240]
SNE_859381.jpg,[145 149 148 ... 161 152 161]
SNE_859389.jpg,[185 162 165 ... 228 233 238]
SNE_859885.jpg,[227 241 242 ... 232 230 232]
SNE_860061.jpg,[232 233 234 ... 233 232 231]
SNE_860190.jpg,[219 211 195 ... 237 230 213]
SNE_860657.jpg,[171 179 179 ... 148 154 152]
SNE_861933.jpg,[233 231 238 ... 226 219 212]
SNE_862018.jpg,[231 236 236 ... 232 234 234]
SNE_862028.jpg,[155 161 166 ... 150 145 145]
SNE_86341.jpg,[204 206 196 ... 182 182 182]
SNE_863552.jpg,[183 186 193 ... 180 178 182]
SNE_864081.jpg,[210 227 235 ... 233 242 237]
SNE_864961.jpg,[180 187 177 ... 193 180 185]
SNE_865211.jpg,[235 234 234 ... 231 233 233]
SNE_86548.jpg,[209 193 159 ... 180 185 176]
SNE_866404.jpg,[174 172 179 ... 188 167 153]
SNE_866490.jpg,[190 187 200 ... 166 174 183]
SNE_866978.jpg,[235 231 231 ... 178 179 179]
SNE_867024.jpg,[174 181 182 ... 224 217 214]
SNE_867897.jpg,[235 216 208 ... 231 232 239]
SNE_868570.jpg,[234 235 235 ... 234 234 234]
SNE_870354.jpg,[191 184 176 ... 156 166 164]
SNE_870699.jpg,[233 234 235 ... 234 230 209]
SNE_871021.jpg,[239 240 235 ... 237 242 234]
SNE_871314.jpg,[232 232 232 ... 236 226 205]
SNE_871478.jpg,[235 233 233 ... 235 236 236]
SNE_871577.jpg,[232 232 232 ... 234 226 219]
SNE_873201.jpg,[174 187 199 ... 235 232 229]
SNE_873947.jpg,[161 165 168 ... 232 233 235]
SNE_873982.jpg,[231 234 234 ... 232 231 230]
SNE_874225.jpg,[167 160 157 ... 157 170 167]
SNE_874428.jpg,[229 232 227 ... 227 227 229]
SNE_874551.jpg,[231 232 233 ... 222 210 197]
SNE_87507.jpg,[230 237 241 ... 233 233 233]
SNE_87596.jpg,[234 235 236 ... 236 235 233]
SNE_876025.jpg,[231 234 235 ... 232 234 237]
SNE_876406.jpg,[208 204 186 ... 201 188 190]
SNE_876453.jpg,[234 234 235 ... 229 229 231]
SNE_876751.jpg,[233 235 236 ... 225 226 226]
SNE_877567.jpg,[219 218 215 ... 169 169 170]
SNE_877869.jpg,[235 234 233 ... 234 234 232]
SNE_878359.jpg,[172 167 172 ... 204 203 199]
SNE_880246.jpg,[145 153 157 ... 169 161 179]
SNE_880408.jpg,[234 232 230 ... 177 176 183]
SNE_880415.jpg,[233 227 230 ... 227 235 236]
SNE_881109.jpg,[183 183 183 ... 216 227 236]
SNE_881501.jpg,[228 232 235 ... 233 234 236]
SNE_881639.jpg,[177 171 170 ... 235 235 233]
SNE_881855.jpg,[218 198 177 ... 195 197 195]
SNE_882278.jpg,[195 187 188 ... 151 156 159]
SNE_882284.jpg,[235 235 235 ... 236 228 221]
SNE_882917.jpg,[231 228 226 ... 233 233 234]
SNE_883350.jpg,[231 235 237 ... 233 232 230]
SNE_883708.jpg,[200 208 207 ... 234 234 233]
SNE_884399.jpg,[233 233 233 ... 224 229 232]
SNE_884424.jpg,[228 235 236 ... 219 210 210]
SNE_884479.jpg,[153 152 151 ... 182 167 177]
SNE_884907.jpg,[236 235 233 ... 233 238 239]
SNE_885277.jpg,[229 236 232 ... 234 233 230]
SNE_885644.jpg,[229 236 238 ... 233 232 230]
SNE_88623.jpg,[165 170 176 ... 230 223 215]
SNE_886311.jpg,[183 192 211 ... 197 199 206]
SNE_886540.jpg,[232 233 234 ... 162 160 162]
SNE_886868.jpg,[164 168 175 ... 236 239 232]
SNE_887894.jpg,[232 232 232 ... 207 193 187]
SNE_888286.jpg,[233 233 233 ... 234 234 234]
SNE_888384.jpg,[236 234 234 ... 231 233 235]
SNE_888435.jpg,[233 235 236 ... 199 178 170]
SNE_88891.jpg,[233 233 233 ... 160 158 161]
SNE_889334.jpg,[232 234 234 ... 235 234 235]
SNE_889947.jpg,[227 216 202 ... 111 130 201]
SNE_891016.jpg,[160 141 132 ... 232 233 235]
SNE_891096.jpg,[235 233 234 ... 222 220 234]
SNE_89120.jpg,[235 230 236 ... 176 168 174]
SNE_891808.jpg,[230 230 234 ... 172 164 169]
SNE_892103.jpg,[238 236 236 ... 234 232 230]
SNE_892589.jpg,[234 236 237 ... 237 237 233]
SNE_892623.jpg,[154 156 160 ... 156 157 156]
SNE_893121.jpg,[234 233 234 ... 231 234 235]
SNE_893261.jpg,[232 235 238 ... 233 233 233]
SNE_893365.jpg,[232 237 238 ... 230 230 231]
SNE_893571.jpg,[229 234 239 ... 245 229 234]
SNE_893880.jpg,[235 222 202 ... 232 233 224]
SNE_894321.jpg,[233 223 200 ... 186 184 183]
SNE_894424.jpg,[176 189 208 ... 236 236 234]
SNE_896070.jpg,[236 230 230 ... 228 229 233]
SNE_896317.jpg,[234 234 234 ... 230 233 235]
SNE_896376.jpg,[234 235 235 ... 234 234 230]
SNE_896961.jpg,[212 209 201 ... 233 233 234]
SNE_897183.jpg,[164 163 161 ... 234 235 234]
SNE_897716.jpg,[227 225 235 ... 232 231 231]
SNE_898346.jpg,[235 234 234 ... 235 236 241]
SNE_898586.jpg,[234 234 234 ... 237 236 232]
SNE_899001.jpg,[178 182 195 ... 207 211 207]
SNE_899857.jpg,[232 233 233 ... 174 169 167]
SNE_899888.jpg,[232 233 224 ... 203 200 199]
SNE_901674.jpg,[177 183 204 ... 233 230 226]
SNE_901811.jpg,[232 233 234 ... 233 226 216]
SNE_901854.jpg,[140 146 133 ... 167 170 183]
SNE_902453.jpg,[233 237 240 ... 225 219 211]
SNE_902550.jpg,[180 182 184 ... 232 233 235]
SNE_902849.jpg,[234 234 234 ... 241 231 203]
SNE_902951.jpg,[165 164 163 ... 171 167 166]
SNE_903623.jpg,[226 225 225 ... 176 172 173]
SNE_903691.jpg,[228 225 233 ... 233 235 233]
SNE_904978.jpg,[149 163 170 ... 189 181 180]
SNE_904991.jpg,[188 198 211 ... 230 230 230]
SNE_905104.jpg,[165 164 179 ... 231 231 230]
SNE_905412.jpg,[235 234 232 ... 230 235 241]
SNE_905668.jpg,[161 166 177 ... 160 173 172]
SNE_905720.jpg,[166 169 193 ... 229 232 228]
SNE_906642.jpg,[194 193 175 ... 235 233 232]
SNE_906709.jpg,[175 174 178 ... 233 210 186]
SNE_90837.jpg,[180 158 159 ... 189 209 206]
SNE_908590.jpg,[212 229 233 ... 158 174 181]
SNE_908767.jpg,[236 230 231 ... 172 170 168]
SNE_909261.jpg,[194 189 188 ... 182 181 187]
SNE_909393.jpg,[237 236 234 ... 234 236 235]
SNE_910164.jpg,[226 227 228 ... 151 156 161]
SNE_910733.jpg,[232 232 231 ... 233 232 231]
SNE_910943.jpg,[234 234 234 ... 233 235 237]
SNE_911200.jpg,[191 197 200 ... 188 190 201]
SNE_911441.jpg,[232 232 231 ... 168 165 163]
SNE_911483.jpg,[239 234 227 ... 202 188 187]
SNE_912151.jpg,[239 230 217 ... 225 235 232]
SNE_912333.jpg,[221 231 244 ... 230 229 235]
SNE_912820.jpg,[233 236 238 ... 164 157 145]
SNE_912821.jpg,[176 178 173 ... 170 181 194]
SNE_914583.jpg,[220 228 233 ... 231 228 226]
SNE_914937.jpg,[235 234 233 ... 199 189 184]
SNE_91516.jpg,[237 236 233 ... 232 232 233]
SNE_915765.jpg,[242 236 232 ... 232 232 233]
SNE_915927.jpg,[236 236 236 ... 201 189 188]
SNE_916404.jpg,[236 235 233 ... 234 234 234]
SNE_916750.jpg,[228 232 235 ... 237 236 234]
SNE_918028.jpg,[192 197 208 ... 158 162 169]
SNE_918960.jpg,[236 236 236 ... 235 235 235]
SNE_919457.jpg,[233 233 233 ... 183 181 181]
SNE_919833.jpg,[213 220 219 ... 203 205 207]
SNE_920127.jpg,[190 209 219 ... 234 232 229]
SNE_921854.jpg,[174 174 178 ... 171 168 174]
SNE_922279.jpg,[191 213 215 ... 206 172 179]
SNE_922719.jpg,[234 233 229 ... 188 184 186]
SNE_923069.jpg,[157 163 168 ... 227 228 231]
SNE_923091.jpg,[232 233 230 ... 174 174 181]
SNE_923601.jpg,[195 192 187 ... 226 225 235]
SNE_924048.jpg,[232 234 236 ... 230 227 225]
SNE_925325.jpg,[222 229 225 ... 219 216 236]
SNE_925481.jpg,[231 232 233 ... 234 233 228]
SNE_92591.jpg,[233 233 234 ... 232 235 234]
SNE_927232.jpg,[177 192 213 ... 184 170 161]
SNE_927416.jpg,[182 201 215 ... 229 228 226]
SNE_927585.jpg,[181 185 186 ... 183 184 183]
SNE_927649.jpg,[235 235 234 ... 211 188 177]
SNE_928405.jpg,[190 189 179 ... 237 234 228]
SNE_929430.jpg,[235 234 234 ... 231 230 238]
SNE_929944.jpg,[234 234 234 ... 233 232 230]
SNE_929963.jpg,[239 238 237 ... 233 235 235]
SNE_931410.jpg,[233 233 235 ... 233 235 237]
SNE_931680.jpg,[234 234 234 ... 177 176 174]
SNE_932865.jpg,[231 236 238 ... 177 178 179]
SNE_934241.jpg,[182 182 183 ... 177 177 177]
SNE_934730.jpg,[240 240 234 ... 209 211 218]
SNE_935090.jpg,[187 207 195 ... 161 161 161]
SNE_935764.jpg,[169 193 220 ... 236 229 219]
SNE_937806.jpg,[177 179 180 ... 181 183 187]
SNE_938139.jpg,[231 231 232 ... 226 230 231]
SNE_938584.jpg,[188 178 179 ... 156 162 171]
SNE_938727.jpg,[175 175 180 ... 233 234 231]
SNE_939093.jpg,[235 234 234 ... 162 160 158]
SNE_939200.jpg,[228 232 235 ... 229 232 232]
SNE_940402.jpg,[229 233 234 ... 231 234 238]
SNE_940807.jpg,[170 170 178 ... 236 234 233]
SNE_941490.jpg,[229 234 236 ... 234 233 232]
SNE_941605.jpg,[234 235 234 ... 237 234 231]
SNE_941808.jpg,[233 233 233 ... 156 158 152]
SNE_942061.jpg,[167 164 167 ... 184 177 168]
SNE_943120.jpg,[178 183 185 ... 172 175 180]
SNE_943223.jpg,[235 235 234 ... 232 229 234]
SNE_943629.jpg,[233 234 236 ... 159 160 166]
SNE_944030.jpg,[170 169 166 ... 232 233 235]
SNE_944463.jpg,[180 181 183 ... 202 201 201]
SNE_944968.jpg,[170 177 177 ... 237 232 224]
SNE_945172.jpg,[234 234 234 ... 198 195 192]
SNE_946101.jpg,[140 101  73 ... 231 233 235]
SNE_946577.jpg,[161 155 158 ... 154 164 148]
SNE_947090.jpg,[174 176 176 ... 231 234 242]
SNE_94795.jpg,[169 172 173 ... 228 227 226]
SNE_94859.jpg,[156 158 158 ... 169 193 210]
SNE_948647.jpg,[226 221 222 ... 237 235 235]
SNE_948962.jpg,[176 192 214 ... 228 234 231]
SNE_951522.jpg,[166 165 164 ... 232 232 235]
SNE_951733.jpg,[230 232 226 ... 233 234 234]
SNE_952640.jpg,[167 164 165 ... 187 203 209]
SNE_952749.jpg,[232 232 232 ... 163 163 163]
SNE_952830.jpg,[231 230 232 ... 180 175 172]
SNE_953417.jpg,[169 158 159 ... 166 187 222]
SNE_954003.jpg,[235 232 212 ... 234 234 233]
SNE_955485.jpg,[232 233 235 ... 195 197 179]
SNE_956298.jpg,[175 175 175 ... 240 229 233]
SNE_95665.jpg,[228 230 227 ... 179 181 209]
SNE_957327.jpg,[233 234 234 ... 219 223 223]
SNE_958281.jpg,[236 232 233 ... 201 205 196]
SNE_959432.jpg,[234 236 235 ... 235 242 231]
SNE_959482.jpg,[185 195 205 ... 173 172 173]
SNE_960056.jpg,[229 232 231 ... 213 201 196]
SNE_960147.jpg,[231 231 231 ... 185 206 215]
SNE_960177.jpg,[232 232 232 ... 169 168 171]
SNE_960461.jpg,[234 235 234 ... 199 193 189]
SNE_961724.jpg,[179 174 174 ... 151 148 143]
SNE_961733.jpg,[165 174 193 ... 146 148 152]
SNE_962008.jpg,[232 228 230 ... 160 154 161]
SNE_96280.jpg,[169 168 167 ... 234 234 234]
SNE_963561.jpg,[209 181 167 ... 156 155 159]
SNE_965430.jpg,[223 213 205 ... 163 173 178]
SNE_965609.jpg,[224 237 242 ... 229 236 225]
SNE_965877.jpg,[235 235 235 ... 236 234 230]
SNE_966399.jpg,[167 172 173 ... 229 231 234]
SNE_96718.jpg,[234 234 234 ... 237 237 237]
SNE_967276.jpg,[234 232 231 ... 232 234 233]
SNE_96787.jpg,[232 232 232 ... 171 165 159]
SNE_968237.jpg,[177 171 171 ... 231 231 235]
SNE_968296.jpg,[234 235 230 ... 238 240 234]
SNE_968719.jpg,[232 232 232 ... 233 233 233]
SNE_968729.jpg,[235 233 233 ... 234 234 234]
SNE_968740.jpg,[232 234 236 ... 232 232 232]
SNE_968981.jpg,[172 173 176 ... 173 193 209]
SNE_969977.jpg,[197 204 216 ... 232 232 232]
SNE_97040.jpg,[221 218 215 ... 234 232 235]
SNE_970608.jpg,[231 236 239 ... 238 235 228]
SNE_972170.jpg,[152 157 157 ... 230 208 180]
SNE_97259.jpg,[237 232 231 ... 224 228 230]
SNE_972820.jpg,[135 135 134 ... 212 189 170]
SNE_973513.jpg,[51 61 65 ... 44 43 50]
SNE_973516.jpg,[173 169 172 ... 231 216 198]
SNE_974133.jpg,[162 169 174 ... 232 233 234]
SNE_974314.jpg,[181 182 190 ... 234 234 232]
SNE_974812.jpg,[237 233 232 ... 150 158 149]
SNE_975181.jpg,[176 185 203 ... 231 232 234]
SNE_975440.jpg,[198 226 241 ... 230 230 230]
SNE_975451.jpg,[215 214 213 ... 220 218 221]
SNE_975635.jpg,[237 237 235 ... 160 158 151]
SNE_975675.jpg,[232 234 232 ... 196 192 189]
SNE_976204.jpg,[152 162 167 ... 229 231 236]
SNE_976614.jpg,[234 234 234 ... 230 229 229]
SNE_977005.jpg,[234 227 225 ... 169 172 173]
SNE_979034.jpg,[234 236 222 ... 225 233 231]
SNE_979306.jpg,[235 230 235 ... 180 180 176]
SNE_979904.jpg,[225 229 226 ... 166 163 158]
SNE_980971.jpg,[179 203 229 ... 172 170 169]
SNE_98176.jpg,[227 229 230 ... 227 221 217]
SNE_981806.jpg,[234 236 237 ... 230 235 237]
SNE_981851.jpg,[166 181 201 ... 229 228 228]
SNE_982230.jpg,[234 234 234 ... 227 218 208]
SNE_9827.jpg,[234 236 237 ... 193 180 175]
SNE_982751.jpg,[233 242 241 ... 160 158 164]
SNE_983818.jpg,[233 233 233 ... 229 231 235]
SNE_984218.jpg,[184 175 181 ... 202 215 225]
SNE_984470.jpg,[167 169 174 ... 164 165 182]
SNE_986861.jpg,[233 235 236 ... 232 235 237]
SNE_987130.jpg,[227 227 227 ... 179 172 169]
SNE_987578.jpg,[235 232 233 ... 244 231 226]
SNE_988236.jpg,[191 195 200 ... 182 186 195]
SNE_98855.jpg,[238 234 230 ... 228 226 233]
SNE_989373.jpg,[231 220 196 ... 229 229 231]
SNE_992452.jpg,[231 231 232 ... 234 232 227]
SNE_993244.jpg,[234 235 235 ... 225 230 228]
SNE_993408.jpg,[156 146 148 ... 169 170 179]
SNE_993646.jpg,[230 231 233 ... 218 188 183]
SNE_994402.jpg,[175 172 167 ... 180 177 187]
SNE_99467.jpg,[234 237 235 ... 231 220 204]
SNE_99509.jpg,[185 189 190 ... 182 180 180]
SNE_995183.jpg,[178 198 223 ... 232 231 232]
SNE_99568.jpg,[234 234 234 ... 238 236 231]
SNE_995695.jpg,[232 233 234 ... 233 231 230]
SNE_995874.jpg,[232 235 239 ... 234 234 234]
SNE_999519.jpg,[233 232 233 ... 165 163 160]
